address,cat
0x7f604d597c15b2e2f60dc645844f68b1d781b752,Unlabeled
0x26c50e673fca05131c9b9f23d213b977d9a34c77,Unlabeled
0xa3222357a0eccf60c73606170be6c99adecb59b3,Unlabeled
0x2b67d30a82e097ffada0b1ae2072d60ba4f6d67d,Unlabeled
0x264bd8291fae1d75db2c5f573b07faa6715997b5,Unlabeled
0x64a97b22c6497c30aa83bc9ec1714f6790aaa57e,Unlabeled
0x37b53c46ec56e133f750db81655f24df459adf6f,Unlabeled
0x28c6c06298d514db089934071355e5743bf21d60,CEX
0x56e907793485fb5e127471c15a211de7dd338ccd,Unlabeled
0xda9710476c7d6c5776b22c5c64812486ad01d838,Unlabeled
0xda97feca8980b886baaba7cbbd18d314d473d838,Unlabeled
0x76913cf50476bb10a03dffc22751f33fcf378975,Unlabeled
0x2cff890f0378a11913b6129b2e97417a2c302680,Unlabeled
0xecabf044061d54dc53f752751944c2db5b7a1567,Unlabeled
0x49e81e136d10202eff8fd5ca8570f3c85d682903,Unlabeled
0x6a8ee8759f2dc53ada78eeca5dc0a9300d1b30fb,Unlabeled
0xd77743524bb28522ded41418e04da6ae11aa7d7e,Unlabeled
0x7c6782476e29fb26e1556fba058eb7eced93d327,Unlabeled
0x27948936f328d447aef17696ff47f7eb98e6ba44,Unlabeled
0x2790d67029b154653193de7370f5eb60f3e6ba44,Unlabeled
0x190583676bba02aa1e8649acfb45643101f33656,Unlabeled
0x7de4f161a88a03d324d21b37d5b9848917337ea4,Unlabeled
0x935d2e470284fb536227a76a723f96a94efae6a9,Unlabeled
0x96686ea5fc046f5f1b6010d59785b38b94580e5e,Unlabeled
0xb9e9e795fd530314663f779f7f57950c6bc1eb4b,Unlabeled
0xfaa318479b7755b2dbfdd34dc306cb28b420ad12,Unlabeled
0xbe6829c6c8fb8a5801744b3fbfaf833fdb690ebe,Unlabeled
0x72298bd3ed75e0aa289ad61c6390596d60ffdcef,Unlabeled
0x50d3865a63d52c0a54e4679949647ea752107390,Unlabeled
0xcc4461636684868aab71037b29a11cc643e64500,Unlabeled
0xf48a3f7c0575c85cf4529aa220caf3c055773f1c,Unlabeled
0x9ba0cf1588e1dfa905ec948f7fe5104dd40eda31,Unlabeled
0x56db476ae971163930b61e43f64e6bd598907b1d,Unlabeled
0xdafd66636e2561b0284edde37e42d192f2844d40,DEX
0x93228d328c9c74c2bfe9f97638bbb5ef322f2bd5,Unlabeled
0xbf123a673c8cfee6a31f3a7ad24259489c4261f0,Unlabeled
0x0bb7a4fdea32910038dec59c20ccae3a6e66b09f,Unlabeled
0xbee3211ab312a8d065c4fef0247448e17a8da000,Unlabeled
0x15f46551f5d736c9b8861c1d1358e29183f7a6c7,Unlabeled
0x6a80083e61b6d60aed9a512368f2e628d76b30fb,Unlabeled
0xaccfea7d9e618f60ce1347c52ae206262412aa4a,Unlabeled
0xbc1d9760bd6ca468ca9fb5ff2cfbeac35d86c973,Unlabeled
0xd0fc8ba7e267f2bc56044a7715a489d851dc6d78,Unlabeled
0x06fe47b07e033d1a726e49a40b80aa68f0bb1a04,Unlabeled
0xf824dca44691bc2af8829051f4c5e6a2566060f3,Unlabeled
0x91d40e4818f4d4c57b4578d9eca6afc92ac8debe,Unlabeled
0x0212ae188264d7971574df78a39ad336a07d7b30,Unlabeled
0xf8b1b3ecb3cdfc2b47d90c20fda0b7cd8b861d26,Unlabeled
0x9d406c4067a53f65de1a8a9273d55bfea5870a75,Unlabeled
0xe8736af1926e9d8f5a6602fbbb0893b26436d710,Unlabeled
0x9008d19f58aabd9ed0d60971565aa8510560ab41,DEX
0x3ef3d8ba38ebe18db133cec108f4d14ce00dd9ae,Unlabeled
0x4a0bbc1d4f6176da03361f9b36a3ed30a09b2f20,Unlabeled
0xfe9529b753b412941127fea1981e5ce0a85c101e,Unlabeled
0x990636ecb3ff04d33d92e970d3d588bf5cd8d086,Unlabeled
0x67336cec42645f55059eff241cb02ea5cc52ff86,Unlabeled
0xcd6b980029e6e6e0733ac8ec3e02be9410d09799,Unlabeled
0x7ed225374b1c06f78ca3fcce6207248bbe52b1a1,Unlabeled
0x188d12eb13a5eadd0867074ce8354b1ad6f4790b,Unlabeled
0x74de5d4fcbf63e00296fd95d33236b9794016631,Unlabeled
0x009a8dbad7000f0000009b002d050058ca881b57,Unlabeled
0xbed340a301b4f07fa7b61ab9e0767faa172f530d,DEX
0x360b9726186c0f62cc719450685ce70280774dc8,Unlabeled
0x000000000004444c5dc75cb358380d2e3de08a90,Unlabeled
0xa3a7b6f88361f48403514059f1f16c8e78d60eec,Bridge
0x000000000000000000000000000000000000dead,Other-labeled
0xb33566a5830625bce76f5c40b227f068d333941b,Unlabeled
0xb92fe925dc43a0ecde6c8b1a2709c170ec4fff4f,Unlabeled
0x34ae8aa024bc467269fa720ccab1beb7f657cb57,Unlabeled
0x4b5f834ede79c52bd33d952c719a0b641a0310ea,Unlabeled
0x41fbba5cb38d22b2d80606406944cedd7c97f6f9,Unlabeled
0x7d328f5d5f4640f81b2f93d2903ec0a6c030eed6,Unlabeled
0x0f776cc057622f0da2f257d2b987a7cf3386b7cc,Unlabeled
0x06fd4ba7973a0d39a91734bbc35bc2bcaa99e3b0,Unlabeled
0xb98e369d7ae23e58d8ef37fce89c15fa90c06133,Unlabeled
0x1d42064fc4beb5f8aaf85f4617ae8b3b5b8bd801,Unlabeled
0x54e068ee3e1be98134117dba56fd81bee793dcbc,Unlabeled
0x58b704065b7aff3ed351052f8560019e05925023,Unlabeled
0xeff6cb8b614999d130e537751ee99724d01aa167,Unlabeled
0xe27f0091e4cfe19324d937616355e6ade5e8ee24,Unlabeled
0x0639556f03714a74a5feeaf5736a4a64ff70d206,Unlabeled
0x889355c2f6e61360d8149563681675ca5756f683,Unlabeled
0xe6926b5c16d534e8dc687975d728b06d4d67ae16,Unlabeled
0x02e701c691a47fff9ced9e0ca8c16122cd7ef4c0,Unlabeled
0x4a13aa59b8bcc733a192b205538174c245c8d1c1,Unlabeled
0xbdb3ba9ffe392549e1f8658dd2630c141fdf47b6,Unlabeled
0xba1333333333a1ba1108e8412f11850a5c319ba9,Unlabeled
0x42e213a3ad048e899b89ea8cb11d21bc97b84748,Unlabeled
0x3c02290922a3618a4646e3bbca65853ea45fe7c6,Unlabeled
0x1549e16970e5e369e000dfe8237b9ce1f70085cf,Unlabeled
0xacc03b0fc18ff8f99e4c165fc725014fa132aa4a,Unlabeled
0xa60fe33ac222f8f4518ef4cde78a8b2ab24a0080,Unlabeled
0x7558912c2a24b49e16ecf9278f296448a0c1f222,Unlabeled
0xa808ee750c59566b32fefa225b28d12bf5b1ca53,Unlabeled
0xf966921c6a34f895d54809b5ad17b546bde1a88a,Unlabeled
0x771f4720ee2cf989ecce5e785cf4141fa3ae2eb2,Unlabeled
0x58edf78281334335effa23101bbe3371b6a36a51,Unlabeled
0xe07c687cecb3caf246ded3240d186181d5eae705,Unlabeled
0x12d80af14756a33da7322f5aea6a4eb362aaa514,Unlabeled
0x3a5cc8689d1b0cef2c317bc5c0ad6ce88b27d597,Unlabeled
0x8e3e5eec92c401d26b9e5eb17cba828772736558,Unlabeled
0x5b702b24b00a37b61ff9d71d91fed1a629edd1df,Unlabeled
0xd7e695e0b456d666eda41d3bd340edf9ebffb1bb,Unlabeled
0xfdff0b569f14af593d446e51b3e42f502124ac85,Unlabeled
0x3f26abd79abf01372f28ac058c9531d49dcb1906,Unlabeled
0x6a8ef31d03f590bacbc7a0ed83460bbf1bd130fb,Unlabeled
0x259f24957b08dd91d96299099d429506f598dd08,Unlabeled
0xf54ec0f6996b46b71b8d0c05f8430d2e8ed9413c,Unlabeled
0x9c87e5efc511e27739abc88ad2bd8db304de3e27,Unlabeled
0x77230045ba1386a2bb31b184d6ed8be78614cfa7,Unlabeled
0x6c56f8e2a6a272b64214b2159fa1a6e5c32ea6f2,Unlabeled
0x9642b23ed1e01df1092b92641051881a322f5d4e,Unlabeled
0x953e07fada6f4c6bd2715f655eb9f6df2461f0f7,Unlabeled
0x59e0cda5922efba00a57794faf09bf6252d64126,Other-labeled
0x0b60c1ee6d01c3d5704eeae6c12552c7a63beead,Unlabeled
0x69460570c93f9de5e2edbc3052bf10125f0ca22d,Unlabeled
0x6474195f597dfc71856273f244620becde5e3af3,Unlabeled
0x86a067030a9668c13ff2a8c4d5415afc776d4c63,Unlabeled
0xeae7380dd4cef6fbd1144f49e4d1e6964258a4f4,Unlabeled
0x210c36844b3e9c492d9b655ced44aeef83b6ab6c,Unlabeled
0x1494ca1f11d487c2bbe4543e90080aeba4ba3c2b,Other-labeled
0x3dffd864203e2ad4fb8940384891aec7339712b9,Unlabeled
0x9f178e86e42ddf2379cb3d2acf9ed67a1ed2550a,Unlabeled
0xd5ac6b96856eb9087adf00bc4e4ac44abea50296,Unlabeled
0x41d29644826a3ae63426d662f92ab21460dfe454,Unlabeled
0x01989c93890aed05a63d179b03424997075b6acf,Unlabeled
0x0d0707963952f2fba59dd06f2b425ace40b492fe,Other-labeled
0x14768308d93b19ffc57cc9531cc011a7ae3d6328,Unlabeled
0x2fbff2b660f697964953781d357fffc3dd8cd037,Unlabeled
0x149ed2cfbd209af29514147ed9c478cb84e2e2d8,Unlabeled
0x6a8e31977ab9e63e2a5220618d7d6d49b89e30fb,Unlabeled
0xaccf11ab7141618cd34a7aabb75c8f41dd74aa4a,Unlabeled
0x74a02e3e7aa2eb3cc464a786cea8e5caec8e3ebf,Unlabeled
0x50e9cabee0910a3a40364d707801b8189b3af525,Unlabeled
0x194020c95c2129447d7ffa869a16e49c56c8bf1f,Unlabeled
0x27945440187761a9235a687cfb2ccf8a8eb4ba44,Unlabeled
0x27943ae9bf7f75a055ec2d8f4ff3a59ab620ba44,Unlabeled
0x2c59e9fce82802a978a2aee027fd04358d40237a,Unlabeled
0x89d52ecf8816ca551c77d2c5f06802a27997b5b8,Unlabeled
0xc812e80d1b4b5e16fa461450eca44f1a3260fec9,Unlabeled
0x89d08b291c09479fd38e26b7d7447a755697b5b8,Unlabeled
0xf1c9256288c3652f7f080d5009d974357805f566,Unlabeled
0x3cdf67e6910c7a06c850082ee7d0d7c4e8fb8836,Unlabeled
0x841ed663f2636863d40be4ee76243377dff13a34,Unlabeled
0x0e16d4d4281c65f37da7481c57d5d4953d64c74d,Unlabeled
0xe6cb1c3a212001d02706ef93ea0a87b35b36d016,DEX
0xca4bc2199418b379400b3820ceb3c825b5552c6e,Unlabeled
0x8fa129f87b8a11ee1ca35abd46674f8b66984d4a,Unlabeled
0xf5a6be4782d8d3cf80c65c09db8c5f34be7c6aed,Unlabeled
0xf1f920cf93c15c43e85f1c097fb0d5974952c155,Unlabeled
0xd6993e525fadb23971a20bbb057af9841eae076f,Unlabeled
0xf38521f130fccf29db1961597bc5d2b60f995f85,Unlabeled
0xc9462cccd2934852df3c920647e9d846e7163803,Unlabeled
0x643a24ef9f2c6dbe051f96a7233c6ce11ba1c54f,Unlabeled
0x294bcf9a73f185dad0af539623c2d35eae6fae3b,Unlabeled
0x3cc936b795a188f0e246cbb2d74c5bd190aecf18,Unlabeled
0xa03400e098f4421b34a3a44a1b4e571419517687,Unlabeled
0xb180647d5ad76abeb6be0d363f6e182bd8df46d1,Unlabeled
0xda90fb313475715f4391b253548526a787222bf7,Unlabeled
0xb334a61a6209f14b5fa5f1684a4ed7621f66e1ef,Unlabeled
0x58e1885adc33d07b1afc16f11463163a1a28cced,Unlabeled
0xa803cd67ba222e5970cc3c81f48be1fd4d57f574,Unlabeled
0x0613cc440371367a4fa16f7fe96ee982ceb361fe,Unlabeled
0x7baa298d36fe21df2f6b54510da76445661a91ed,Unlabeled
0x39d1d8fcc5e6eeaf567bce4e29b94fec956d3519,Unlabeled
0x7e504826588d04687589a76efa62b611da5efc46,Unlabeled
0xa53073a0c8c7d553b73f70ab6826c8a53391bf1e,Unlabeled
0x52146a769ac02bdb737cecd8712515da746ece7f,Unlabeled
0xf04cd006dd33c4de52b267753e4a6918fd7cd297,Unlabeled
0xa8c1c98aaf99a5dfc907d61b892b2ad624901185,Unlabeled
0x399740157391a9f1bf4e9921a8834f9bc8f2678e,Unlabeled
0x3b2debd0a10189c37ce337eaab17eea93a2210df,Unlabeled
0xd360131b77ead72f1f23fb185b4896fe01dc8cb5,Unlabeled
0x163f3103de041d25464e2c8a4f8f3187ec1856e0,Unlabeled
0xa1a55987e6b79668482fbedd54239677a4d74bee,Unlabeled
0x29a418457c5fd714c1b51314cb024e347aacad4b,Unlabeled
0x00e82e98a2119aa175eab206706efe0df2c7d51d,Unlabeled
0x974caa59e49682cda0ad2bbe82983419a2ecc400,Other-labeled
0xd140ee58715282c87718ee80043d28380e412af8,Unlabeled
0x8d815f26799a4fab8e9ce9211455620a7b365e3e,Unlabeled
0xeba02c1884c0b08975b6931b5ecdaf0f1123ce7a,Unlabeled
0xf326e4de8f66a0bdc0970b79e0924e33c79f1915,Other-labeled
0xde0e4baa56149d7d0fb0cc94e2c82a0fc3387d6c,Unlabeled
0x9b2662dc8b80b0fe79310ad316b943cb5bb15e8b,Unlabeled
0xd6c85f80667d6afc09bb40f65b8e13dbaf96de1b,Unlabeled
0x1231deb6f5749ef6ce6943a275a1d3e7486f4eae,Unlabeled
0x225a38bc71102999dd13478bfabd7c4d53f2dc17,Unlabeled
0x51c72848c68a965f66fa7a88855f9f7784502a7f,Unlabeled
0x3c9df24f248ff949161a5a43bbf6dd69378d7799,Unlabeled
0x129b5ea8f9822aa2b2acb19c857a31530ab152b0,Unlabeled
0xd9927af92d2d97bd2b17a1aa6b081713c745e0bc,Unlabeled
0x3fb41aedc135f619b8ea7ecf7268f26595e29f6d,Unlabeled
0x6fb737d1ebb73cda6cfa36fd16d9273065d1b084,Unlabeled
0xc3d688b66703497daa19211eedff47f25384cdc3,DeFi
0x646a8f77f153b31578d324d79fba3a889d9428a7,Unlabeled
0x111111125421ca6dc452d289314280a0f8842a65,Unlabeled
0x55823001c8cd87a6e86716ca768bce51f2d89c9c,Unlabeled
0xe11eb181b936b47e37b8e5bd2e65c79bd71ce86f,Unlabeled
0x3611b82c7b13e72b26eb0e9be0613bee7a45ac7c,Unlabeled
0xe65b6f8796c88db0e2c5e341fac92db51958bb36,Unlabeled
0x590c4729ea8d96cfaae7150762a2c9f948979aef,Unlabeled
0x5389e2d78f3a54498c7fd4c471d50eae41ebac75,Unlabeled
0xd8293121696522801396fad47a6ade3f252c1723,Unlabeled
0xf1badeec5f416fc55b088d7135b4daf4f69066b6,Unlabeled
0x24771b661df64eb7a35234b61384ec74c8bc3d1a,Unlabeled
0x6580e58ded2b562cf5dfa361956f6854f5cab507,Unlabeled
0x0529ea5885702715e83923c59746ae8734c553b7,Unlabeled
0xbfeef18ce62316d350b5c33f8711cd3bacd3a99f,Unlabeled
0x0bd6b8c8eaeacc33b22f1bf9d8b3775681d83a75,Unlabeled
0xca28e1de8c66c36229af4a410ae41ea0f6e469eb,Unlabeled
0x5ad655587a755b7122a05b3cc8ce55f97519e779,Unlabeled
0xfa0daaac7f516c715c9c6b8fa0ceda11e5323340,Unlabeled
0xf222f477c7a433306b19dbefafb46e751b74a55a,Unlabeled
0x7c876bdaa5c038e19f633714f622f6def949b102,Unlabeled
0x6a90bfddb317cb3c8ea049e5302bbf49ebadfac1,Unlabeled
0xf2209c8ac15bff04347c639b75a3738e4cc4a55a,Unlabeled
0x111445f6a6b4528cd63daf4ae983fd24a5f3cd27,Unlabeled
0xff84179bf75737b9b651d712d6809e44cffb382a,Unlabeled
0xf0a5bcf29906884dbd96dc41c5f5680a666f4db7,Unlabeled
0x0ef201cef1f304e833657df0baf16aaba6f36f81,Unlabeled
0xa779f73bcb5718908f097acc5de367e4cfecf4f3,Unlabeled
0xa573be20a7238e614d591bd4d149f5b0781b9645,Unlabeled
0xba827d29682df16c6c66ab8b56747d1ad237071c,Unlabeled
0x77134cbc06cb00b66f4c7e623d5fdbf6777635ec,CEX
0x8672a3a1c258d3a6601be83d9505365ef715afd6,Unlabeled
0x3ef238c36035880efbdfa239d218186b79ad1d6f,Unlabeled
0xe2760964ac01e3a6165c8eec572fb1a0f88b6705,Unlabeled
0x71886f0a4c9b271ce7313ec7416f3fb647e536b3,Unlabeled
0x549d835356d92983abb76e4cae639f7857963425,Unlabeled
0xc333e80ef2dec2805f239e3f1e810612d294f771,Unlabeled
0x85dcd76d4fbd3aa0c85c27b9441222c19a14134b,Unlabeled
0x443620b7a1a2b7ab8f7c69942b0a48debe5af06c,Unlabeled
0xaf682de1f2e6f710731121a05a44cb3c1b511f7d,Unlabeled
0x10ded52435e3d0c4f712f4038828ae7818194794,Unlabeled
0x38f6d5fb32f970fe60924b282704899411126336,Unlabeled
0x193b3a19f1bfca16dea6f9b34b14db48f8a513bd,Unlabeled
0x235aa90efca3ef67bacfd47ed6c93eef0654b907,Unlabeled
0x2f0885e126f13b61a59711872ed7025e47c7ea4b,Unlabeled
0x5ac13261c181a9c3938bfe1b649e65d10f98566b,Unlabeled
0xff0666aeeef3e5a4d70e08451603795bde395280,Unlabeled
0xddd51574f549708097b3012e3d21510bed9e4c5f,Unlabeled
0x643ad6f3b44e0eab4fcf62c8e2774fcd3478c54f,Unlabeled
0xb88748f1db8fc253e4b6f6639be100b5dd34db12,Unlabeled
0xd992bd579b3c9f7db6a8ab4b3f7e34e9e585e0bc,Unlabeled
0x2d2ec2eed73abf504a09fad074eeec9f051b8aed,Unlabeled
0x395265ca755f7bb7a8c5c89241d1b0178727163e,Unlabeled
0x3470447f3cecffac709d3e783a307790b0208d60,Unlabeled
0x0ef71d33163696d802acc74b30dbef3749e593e8,Unlabeled
0x2c33c7e200ecbc030de6bd87ff65d63c23f17705,Unlabeled
0xaf7da006168593a29352f606b4ddc52e7b308899,Unlabeled
0xb397c1464ba7c1c2a14afb2445706cd8c7a30ac2,Unlabeled
0x2037425fbcb90aaa2d1c9249cf207ef9ddf235a3,Unlabeled
0xfed2399b20011af1fc985d5354f12cbc57ed48f9,Unlabeled
0x06f183d52d92c13a5f2b989b8710ba7f00bd6f87,Unlabeled
0xe8e1f50392bd61d0f8f48e8e7af51d3b8a52090a,Unlabeled
0x71aa44cbed2ca17077aee7c5087e86a53fc01f6e,Unlabeled
0x0000000000007a8d56014359bf3e98f18b7773f9,Unlabeled
0xc4d50263c1e89b65b63c830ff93fadc957064fa4,Unlabeled
0xfc9161b99a3b0691477e12737163d007600ac262,Unlabeled
0x8f0cb37cdff37e004e0088f563e5fe39e05ccc5b,Unlabeled
0x5e1f62dac767b0491e3ce72469c217365d5b48cc,Unlabeled
0x2cffed5d56eb6a17662756ca0fdf350e732c9818,Unlabeled
0x06cff7088619c7178f5e14f0b119458d08d2f5ef,Unlabeled
0x4c218629c66d5b3a440da78e70eaa15cc65a42bf,Unlabeled
0x4a4aaa0155237881fbd5c34bfae16e985a7b068d,Unlabeled
0xc36442b4a4522e871399cd717abdd847ab11fe88,DEX
0xdfda6449b4c071a2539624c5ddd76bca836d5dcd,Unlabeled
0x2faae64c6cca786dfcf73f99d1d853d98ae99300,Unlabeled
0xa7a8deaedae7000fe2846e236d59fe9010acf701,Unlabeled
0xdaf81e447aa71252f8d773f772a51fe4d1312d61,Unlabeled
0x1f2f10d1c40777ae1da742455c65828ff36df387,Unlabeled
0x0a15b638b313b8e3077e8e5d496e7be653a4d691,Unlabeled
0x7f8946b257ad9a8fa55704120957901741a3346c,Unlabeled
0x15472352564754f6163a134632a9d7be1240d931,Unlabeled
0x7c830cec51c4d22760f4bdaed7c4db296749b102,Unlabeled
0x00b188a7a517f6cf6eadf406bde5c910a7f7daab,Unlabeled
0x6655ffbfa25d0e196024b19bd3cfe8e2ec1d8192,Unlabeled
0x3bd1cefddfa1b4f8bde06819ef63ff7ad31b6a36,Unlabeled
0x712712b9ccb903770d9e8e098c00c6367d13ec9c,Unlabeled
0x7496d62bff797d6c39747d2c42156665181df23e,Unlabeled
0xae206221e4c121772158b649089927b35ba6e24b,Unlabeled
0x70007e34835cc4818fc486f377dd308f35694dbc,Unlabeled
0xb8ba36e591facee901ffd3d5d82df491551ad7ef,Unlabeled
0x787b8840100d9baadd7463f4a73b5ba73b00c6ca,Unlabeled
0xe2f25cb02f98e0e92be73468dd6f9cb596bb82d3,Unlabeled
0x227e6784b78c7b1edb330237cb0ac170f0d6d6cd,Unlabeled
0xf064d0877c5132ccc9296342f450db0e83d8ed50,Unlabeled
0x337685fdab40d39bd02028545a4ffa7d287cc3e2,Unlabeled
0xefc2381d476186ebdb6b3f4474c1af05bdab9783,Unlabeled
0xf6d4e5a7c5215f91f59a95065190cca24bf64554,Unlabeled
0x2dd69b8ed1945978e16a0b2cf49e8c01e3f036ed,Unlabeled
0xa7ae0e2a01cc05ca384faef003fe9d202964057a,Unlabeled
0x41f0370d2f55ff78e1f5bd275e3c3b08d497f6f9,Unlabeled
0xff8a035ea6c80673f741c2265985ed976a40d390,Unlabeled
0x26607ac599266b21d13c7acf7942c7701a8b699c,Other-labeled
0xdd95d5acc5225520f82023446669a214a422f698,Unlabeled
0xd226997439ecfbeff8e110c8c78c8a7eefd19f89,Unlabeled
0xc04239037e87c60cd87bb18b00fe71323b2edaf3,Unlabeled
0x4f231231ab39c0cb22c6ee143c2e954c0620d5a4,Unlabeled
0x1dc112d802fe14ce3bed75070fa3f79da9134218,Unlabeled
0xcad8ec0831896be8481d766212a06ff581466f3f,Unlabeled
0xa7fd3204acfd892324113f1c47ad14ac43295c09,Unlabeled
0x10ff52ca0559f50471db4fd42a10df2e987252e1,Unlabeled
0x5543d9e6ba8831c7afa7e1d0774ef23eee7c846a,Unlabeled
0x2ee627ac1ac1b28db149a654a4949b2dfedc6a19,Unlabeled
0xe4c52246e443db62f1003be7c92b4bdc4805ed4d,Unlabeled
0x6a000f20005980200259b80c5102003040001068,Unlabeled
0x4d5401b9e9dcd7c9097e1df036c3afafc35d604f,Unlabeled
0x9a47f3289794e9bbc6a3c571f6d96ad4e7baed16,Unlabeled
0xe6b738da243e8fa2a0ed5915645789add5de5152,Unlabeled
0xaccfa1f00590fb6784166d5d347156a6475eaa4a,Unlabeled
0x1b551944b77678173a1ebfa45324f25d56c0d77c,Unlabeled
0x9c308b1665097af7ab2e38a41577bfecdc2d1c5c,Unlabeled
0x45f329ff834a84fccea2319f91e1993540b22a2a,Unlabeled
0xc10ee9031f2a0b84766a86b55a8d90f357910fb4,Unlabeled
0x5c2e112783a6854653b4bc7dc22248d3e592559c,Unlabeled
0x2c23d97f748a3a1ec1c1a725eef10688db916d54,Unlabeled
0x1410dbe35520a6b5144510652871a1e64317df71,Unlabeled
0xaa223b94e98e9201ee920ada824184c1af492b13,Unlabeled
0x8091c5c4f7b5e66d28039b30285f5aeb673387bc,Unlabeled
0x77ac877d866e5c8a7cb16ef739f6780cdf58235f,Unlabeled
0x3154cf16ccdb4c6d922629664174b904d80f2c35,Unlabeled
0x2b3bf74b29f59fb8dda41cf3d6a8da28cf8e7921,Unlabeled
0x0b07f64abc342b68aec57c0936e4b6fd4452967e,Unlabeled
0xdd3d72c53ff982ff59853da71158bf1538b3ceee,Unlabeled
0x59855c07cdd4924609df4f5f175da3188699932f,Unlabeled
0xb35fa40927ba34e2177dd8b964ec92fe204ae1e8,Unlabeled
0x286f0b9e8e3f0bbc12c71330cac8e16468d9dc3a,Unlabeled
0x2d2efdd00db5351002c2d9fed1d5c48dba978aed,Unlabeled
0xf418263a6468c80d3bcb71033c56aacf81b241ba,Unlabeled
0x6cbb2add2a126e65cef029afca45576910a26b5f,Unlabeled
0x9424b4317913f2a553744e5548d2a7800580bd43,Unlabeled
0x3777c930e4dca196e070d39b60c644c8aae02f23,Unlabeled
0x039cae94c344dbdda63a673efcbb516d9d7b3e5f,Unlabeled
0x0002ea2dbde5fa5da56cc02ac0f196259fa94f99,Unlabeled
0x5f11da210ebd24cbd27dab4ef33a9f618074e205,Unlabeled
0xe4b857c2e33995729213901405ace7efa18c7f69,Unlabeled
0xc7f65750620e9665fa8350e34a84de2ac4f4cbb8,Unlabeled
0xba12222222228d8ba445958a75a0704d566bf2c8,DEX
0x49369916531bef68823bfbee8d4318860f1d494c,Unlabeled
0xca4bd6a4a83e2a3c41d8a03ef5281e0da6002c6e,Unlabeled
0x565c1a76fc7d4ec0aeea42e377c4d4cc22a26d8c,Unlabeled
0x0fdb4e111dedc96e51b17c94d5543f582a6607ad,Unlabeled
0x225b60e5c152742ff6e5124763d4241240881dac,Unlabeled
0x63242a4ea82847b20e506b63b0e2e2eff0cc6cb0,Unlabeled
0xe129188380d48fa09a6a89ac91adc761afdc1612,Unlabeled
0x0613dea8ad4b211fa88a5359cc005880b98661fe,Unlabeled
0xefc2330e38f8ac8e70d1700510d64463fd859783,Unlabeled
0x649765821d9f64198c905ec0b2b037a4a52bc373,DEX
0x85803913712af19e7e2202638670c4dc4fe8956a,Unlabeled
0xaccf8a985fe525b30bf1086e098768534edbaa4a,Unlabeled
0x61d3fd6b5c667aedd1303c5778b12f8526a1f521,Unlabeled
0x7dbdafb92276903a9cc5f9a5000c80a7212ff374,Unlabeled
0x5d9f346fad36e5fdc062c687f55641c032fb1934,Unlabeled
0x5b0a6bfab2782c9bf0286dacbe88456afdb94a66,Unlabeled
0x3d810cfbdf51a2176b4eadba019bb42e3ea86358,Unlabeled
0x83819fb5184e2a418d9309bc1ac46edb67f89e7d,Unlabeled
0xae45063ef76cc0150469980933515b99244d2029,Unlabeled
0x331a3b7f3d26259436672b0db276d132b3b464ec,Unlabeled
0x190562929470a3792e7fb723a5cd887ff08c3656,Unlabeled
0x3f26f2746c9c85606ca0ed5dd28c92aee7901906,Unlabeled
0x6a8e5dcf1dd63fc71aee67b6fd1522228ce030fb,Unlabeled
0x12204436c2bd02e2d192aca41262f4275a51d2a9,Unlabeled
0x566b30470d7ad97419a48900dc869bd7148736b8,Unlabeled
0x2aa49f8ec82b576f2381e95e1bf9b26b87cb1a51,Unlabeled
0x2ffdb5725edc475082add02e6b7532a180eda4fa,Unlabeled
0x59c38b6775ded821f010dbd30ecabdcf84e04756,Unlabeled
0x7cf70ed6213f08b70316bd80f7c2dddc94e41ac5,Unlabeled
0x4a183b7ed67b9e14b3f45abfb2cf44ed22c29e54,Other-labeled
0xefa203962307c8cc82005d8b4479a92873271582,Unlabeled
0x85bfaad1d49763b71336faf0f2f5225f25c2242c,Unlabeled
0x0304e6e1b383a01d4bb78486feeebfc8eb113d19,Unlabeled
0x89ff6ab26516d7eff47f958ef8ba0ade38351867,Unlabeled
0xea86de8cf20f5ce38002a801c82dd689423c3a25,Unlabeled
0x4a14347083b80e5216ca31350a2d21702ac3650d,Unlabeled
0x5002075a6cf47f35983d122ad0a8ee3a24c60bac,Unlabeled
0x0cd59953b9c4699ba701e56b832ffdd0ac7bbeef,Unlabeled
0xa9d1e08c7793af67e9d92fe308d5697fb81d3e43,CEX
0x7691fde2f677acd8cf1b697fa9217feb339a8975,Unlabeled
0xd0d3e6839c6180d13c6d7c75d8abaa65e132b14c,Unlabeled
0x0eca73126b65c791dfdb7c8b1f77e8d2f21e18b5,Unlabeled
0xfd3b1d723c2d61e46f3ef1526569ac67ca44444f,Unlabeled
0xb0b5dffd34a2886a722cb81295ab46454c817ab7,Unlabeled
0xfe9108efc83c641682a3d8db74a43f2e319c101e,Unlabeled
0x9bfd1b6d508f85357cbb040c81cc0002a3a1a66c,Unlabeled
0x1dfe719d29b2745437791893bf82e86d08c48a51,Unlabeled
0x97386862594f4cacea245e8dbfa6230ca696c37c,Unlabeled
0x92ea7496eba5f001d620005f88f3e8e686e3d4ea,Unlabeled
0xbf90664017218ac7d9db5ae0c84873628e9ae1ae,Unlabeled
0x0ef287b9310f8605fd01a2b1cb5f92cbdcac6f81,Unlabeled
0x0688547a2b5f07327a7a2644fb649caa29c730eb,Unlabeled
0x95e55421ca99e98428ccede6c8044376f262cbe7,Unlabeled
0x0f242d43be94b7eaed66468515e9b8867bbb13f0,Unlabeled
0x37a02ad1289c768d6772b5f7e545e0285a998f89,Unlabeled
0xd9704a9e2ef36f9b704e886c3b8cfc53fd0edabf,Unlabeled
0x6fa90cce27bba2535b9329e340fd0ccebd358100,Unlabeled
0x0b0f7ebf967146566799229394171fc47f1a765a,Unlabeled
0xbda70e601b4b382f495e9fb1e11fb8a2c8c69244,Unlabeled
0xd8baa107006c93a030d1455a2ef43261b384f21c,Unlabeled
0x061359a700317cf8e7aef4b09a9c5af6c2bd61fe,Unlabeled
0x4c08e3c619306a1735a3e0b4a69169c043b0b592,Unlabeled
0xf820d9ea6eef70f21f8bff39e815c1fa6ba060f3,Unlabeled
0x408e75c26e6182476940ece5b0ba6491b4f13359,Unlabeled
0x49719d256a5ea16bfa579ea16e95bea9fa41a452,Unlabeled
0xd673439629886907ad46e25cc23f169efc25626a,Unlabeled
0xccd8c402a4b91ab59a50d30dbbdb29f1faec411d,Unlabeled
0x54f0860d6951b389a7656b6b3915d5bd2270ca0b,Unlabeled
0x420cafeaa7a2e44a404340397ac45b2f55fc8f73,Unlabeled
0x77253e7e781a74fc6fccb316969300695b7eae8e,Unlabeled
0x97d2ddf69d4c0f149f8bf066ddc9ed10ad066f77,Unlabeled
0x2f07a74b9e9ef20897662dab0deb2f5a34218914,Unlabeled
0xd42b8846d07b3b576432351a0cb274c6f9f13808,Unlabeled
0x70bf6634ee8cb27d04478f184b9b8bb13e5f4710,Unlabeled
0xd59d2927c5e9761bf21a535992723463adf2f1ad,Unlabeled
0x2999576bd56d6170f6a1e10dcbf0ad89b95d83e0,Unlabeled
0x2ebacf12a4a110998bd44863e34726f89062eb86,Unlabeled
0x4a8d3bc920f31a10c3d9cd9ffffef67acec09570,Unlabeled
0xe692277e7605b88dad98dc7ec2f0c31289bdae16,Unlabeled
0xab782bc7d4a2b306825de5a7730034f8f63ee1bc,Unlabeled
0xebae2d568b9853dcecd328276241a63345b3ce7a,Unlabeled
0x9da3c2b729ee8c28f571bd664a0fb9471a0cffd9,Unlabeled
0x722c54c0c34e7ce14d29d76073936d46a7b6e65f,Unlabeled
0x631ae893ce3f6731ec69e163b59a65db65980e42,Unlabeled
0x517c0f02e6860248cdc190d9bfaa103cde35d0bb,Unlabeled
0xeda817842ea7ea9a778dff532f65fbea898c3679,Unlabeled
0xf0bc8fddb1f358cef470d63f96ae65b1d7914953,Other-labeled
0xc80afd311c9626528de66d86814770361fe92416,Unlabeled
0x667c6799a7c9a2c6620c709438c53809bbaf200b,Unlabeled
0x5910a9f4a27d3905b70372efa6f766ddc982e697,Unlabeled
0x44fee18f6c2dc25eb211f8153a7d835e48a4bacb,Unlabeled
0x20ea3be58cfe5c687a4bfd1ede068d8c456517af,Unlabeled
0x85bfe1787f0da31d7692fbbe44d0086f58b7242c,Unlabeled
0x623b287e4b787839475422c98ac64c4a5ad30ca8,Unlabeled
0x8091fb8750162b1533c1d89301e0de7ab18187bc,Unlabeled
0x1172298a48691b93677b4987960af93911ff574f,Unlabeled
0x663dc15d3c1ac63ff12e45ab68fea3f0a883c251,Unlabeled
0x0e331a293bb22e93e2e5e417d84d755ae185da02,Unlabeled
0xcea6260bb4d957e443dfe46c5776c534cfba5816,Unlabeled
0xc65a3412e30bf1065d9dc008bda797f376d48769,Unlabeled
0x23f8f1ab1cf30d05eca842a4b7dcfa5ecabfa3c5,Unlabeled
0xd132973eaebbd6d7ca7b88e9170f2cca058de430,Unlabeled
0xf24da745a96673e4c69a644e52305b130e2a42cb,Unlabeled
0xb822434d66b4e2a1c5192cd18a08fe99edd337ee,Unlabeled
0x39e6a6028d8d2c58326392da1f867ce613f66ce5,Unlabeled
0x848906784c8e9407713da40849515d6d523af528,Unlabeled
0x7cfc95bb4996b576a68dadbe7843984a1ffbf224,Unlabeled
0xbb3c6d28def21b6297016622a57a0b05015e3ad2,Unlabeled
0x2c0552e5dcb79b064fd23e358a86810bc5994244,Unlabeled
0xebe13b29903842e1dd7936fd5677169a84bae351,Unlabeled
0xb23360ccdd9ed1b15d45e5d3824bb409c8d7c460,Unlabeled
0xcda0c4f9581e017ffed99f66b45efe54687ce3d9,Unlabeled
0x6e2743c18690d05dd2ea1ecb7fe86322fcd6e491,Unlabeled
0xa803ecb7b789db3ef2feb134c32f2255b000f574,Unlabeled
0x009d130e1621d308748378c267c842ab1a6c5615,Unlabeled
0x76913c4859aeb4f915727dd6b924e44f0b328975,Unlabeled
0xf00e80f0de9aea0b33aa229a4014572777e422ee,Unlabeled
0xbad9ada0e9633ed27fa183dbdeceef76712a6ee1,Unlabeled
0x8d90113a1e286a5ab3e496fbd1853f265e5913c6,DEX
0x35a18000230da775cac24873d00ff85bccded550,DeFi
0x36331e299247e5d0d3261e1d9852f6e0cffee95c,Unlabeled
0x3d73813545c7ee068da84292f78e3ab6b660707f,Unlabeled
0xf5332cf17a6d5b92c8b024c620a89f97940ebac7,Unlabeled
0x52866fd157577897ce627022b9c19bd2e622fd7a,Unlabeled
0x798934cdcfae18764ef4819274687df3fb24b99b,Unlabeled
0x643ae12ab6d1ebe0a2ce90ac5c3bd82775d9c54f,Unlabeled
0x76914f0474e5298f98fc527059d79a9e40bc8975,Unlabeled
0x2ca0f958ae8702c5d40290578146ed05f2540683,Unlabeled
0xa92fb5414077b9ac892a3f2d4d622ab38dc67aa1,Unlabeled
0xf8b4da248cbfe73ff4b827fa8e25e4f94f561d26,Unlabeled
0x33b70a6d0e739a5729fd51961ca7d5e93818d5c2,Unlabeled
0xa530d91769eb3d95ec84160d579aaf337dc1bf1e,Unlabeled
0x7e589f2be447afb05f0aef39ccf86307f0befc46,Unlabeled
0xf8e459ed5bd85f6c403ea22699c004b3c925c323,Unlabeled
0x2b3b1fac0f1498633ef77a33b0d2131da6ec7921,Unlabeled
0x9ba44848899868b6fa6ea943c32e58a9c3499b9c,Unlabeled
0x49e55995ef73717895a638074de5af89fa1e301c,Unlabeled
0xb2b9335791346e94245dcd316a9c9ed486e6dd7f,Other-labeled
0x65a8f07bd9a8598e1b5b6c0a88f4779dbc077675,Unlabeled
0x00000000009e50a7ddb7a7b0e2ee6604fd120e49,Unlabeled
0x2e75451d8ab648ac2ceee378e0923dbb1539a6dc,Unlabeled
0xe1d50836871a38528bd4a1e1f5c809ba13f582d0,Unlabeled
0x4c3ccc98c01103be72bcfd29e1d2454c98d1a6e3,Unlabeled
0x4f5ad3b1084f5811ede503dcfec684cba3e4c2ca,Unlabeled
0xdbb317929a4924e032bc21add1ce8e30a978c257,Unlabeled
0xa6e941eab67569ca4522f70d343714ff51d571c4,Unlabeled
0xcf1dd74ce704c7f8fd2e4f9578adf2ed07c93320,Unlabeled
0xf04a68d5f6cac425839f04f082ee5c1eb7f112c1,Unlabeled
0x4e187d91c39686099feaf2b57003bf524a2787c6,Unlabeled
0x93b69bd348204d1042f83e048dfd133fd3622983,Unlabeled
0x68803142490041adeaad418e533e2374d9f3e50c,Unlabeled
0x1df858f3d832c2e72f71302c075d1d00ad84aa9f,Unlabeled
0x89149bf9ce27c151071e57be5369ad46db7ec313,Unlabeled
0xfa2b6e87cab3cb702be20827aa827fcadb4a44ab,Unlabeled
0xffa8db7b38579e6a2d14f9b347a9ace4d044cd54,Unlabeled
0x70704e0c030069f732edd78993842da9351ba35e,Unlabeled
0xdc9b839f2fbc5719d0099f00399a541fdbe5592d,Unlabeled
0x03e351cbd15cf270ddef185c106644cf77a4262e,Unlabeled
0xd3d2e2692501a5c9ca623199d38826e513033a17,Unlabeled
0x8b79c78f7aa289a7e9bde311a21ffdba4ab493e3,DEX
0xce937da1ffd21673aa1e063459873f30189a2193,Unlabeled
0xa462d9acaccb141ce7f17213b95198fe248c27a1,Unlabeled
0x90cbe4bdd538d6e9b379bff5fe72c3d67a521de5,Unlabeled
0xb4b4b9865a70ed3619971b168e4e4baaa51974dc,Unlabeled
0x5099c3c218d78f01fabeb77069d7255aa6fc73c2,Unlabeled
0xb33bfc3fbcd135bdf647eae5ed0c05501146a52e,Unlabeled
0xa8b3957eaa05ba3d21298706aeb7c286b4e1ed90,Unlabeled
0xd7df74aeb48071b78977252b3c8d03eb30f3dc0e,Unlabeled
0x3cb9e90f456fb818b81c835f2c587ef54578a9b9,Unlabeled
0xe91b373212f8ae32925cbcf39ab3a7b0763c27c9,Unlabeled
0x9d7d2e2c67ef21a0d3ee5b309d417d0ff601392f,Unlabeled
0xb35ec6be34f4132dedc6470f4a71d80b4a96e2dc,Unlabeled
0xebfb684dd2b01e698ca6c14f10e4f289934a54d6,Unlabeled
0xdf8979cce6f1534df0a042543a187aaafbdcb671,Unlabeled
0x8f5a571c2d3e25a710d4ab3bbac41445601323c5,Unlabeled
0x0c5477dff9897160abd0c13751f65f8cbf8e9975,Unlabeled
0x2a8188d63b8a66197b940feb2853af34004f026d,Unlabeled
0x2fe2375f83ade7fbfb86c0a18847f242ae38888d,Unlabeled
0x256cc4bbd98772376ee942e6d1295e421d622c04,Unlabeled
0x66a9893cc07d91d95644aedd05d03f95e1dba8af,Unlabeled
0x0b6331c16311c9411504d1200d0a20a2358c9ed5,Unlabeled
0x18a3a7fbee2c00d29eb80ebc536b0c4e0714a50f,Unlabeled
0x0f187f2f4d5fc21401ea95fe775853a89e2a590a,Unlabeled
0x7db3f0cc952919558584047f72965e4103ec644a,Unlabeled
0x0ba9bf6ece534ef7d43ec50f6f08c899ddecebbe,Unlabeled
0x8621faf9926baae2892a0d715388d891ae79b877,Unlabeled
0x4df9da7e79b22313ae0f3d37fdfdc394fa75d4bd,Unlabeled
0x03f911aedc25c770e701b8f563e8102cfacd62c0,Unlabeled
0xed35bd3d709cb50f34113a4962607b2a0f93cd92,Unlabeled
0xf1d1aba8bd488c0f0b1ea4d2085b243091f9d410,Unlabeled
0x061347ca5f45e41cb4f7ffbc77c21073cff51dd6,Unlabeled
0x63610a42961cf1e2837620b75312813a4ca854eb,Unlabeled
0xc06ebbefd94032b85424d51906e2a335efae264b,Unlabeled
0x2fa31d2ac017869998f9574bac76094a8110cf7c,Unlabeled
0x365084b05fa7d5028346bd21d842ed0601bab5b8,Unlabeled
0x7f54f05635d15cde17a49502fedb9d1803a3be8a,Unlabeled
0xe5625e80f60b7b800211ac6fc2e7768e695c4143,Unlabeled
0xc356107a678255a0fc99029ec14c4cfc537cf27f,Unlabeled
0xb25ea1d493b49a1ded42ac5b1208cc618f9a9b80,Unlabeled
0x090a8f879a28934186fa9e69e19183fec2691f50,Unlabeled
0x52a258ed593c793251a89bfd36cae158ee9fc4f8,Unlabeled
0x29c4523babfa8929a0f07a3b0300c58b785230b6,Unlabeled
0xb685760ebd368a891f27ae547391f4e2a289895b,Unlabeled
0xfe1a20e72a3fac01cc52145d33d3413a90e6d5e8,Unlabeled
0x2e9874e40ece4d67b30fd61800fcc597d535537d,Unlabeled
0x3dd085878b29a0d15dc5797d67dda406823b653a,Unlabeled
0x95d2051c0f148bf2efcedf4a5899beb24f9e2869,Unlabeled
0x695f6538263292b52e0ecda64892130b08aa6c5b,Unlabeled
0xd7f01c0c48b64fe310458d225ac17451fec0324f,Unlabeled
0xe06b8ee2183adb5cfb26014348df8aac99bda5c0,Unlabeled
0xa01aa2196724a39290f465b3925e5dcafe7f2256,Unlabeled
0x7d77e6fe8cd921e4a89ad735a3a722b1f84dc32b,Unlabeled
0xbe0562201362d5adea1b0c678406d70432d33d8d,Unlabeled
0x1111111254eeb25477b68fb85ed929f73a960582,DEX
0x7da4800a56b42034e06b6cfa05b383e9df781c8a,Unlabeled
0x10b620f9720c0c6460484a81c59a6297fa48f817,Unlabeled
0x8e53e78440243c997b9c65e93241c08d79912483,Unlabeled
0xc5b42693487cb8d7b390206815bd87fc9f951a56,Unlabeled
0x15d0a6ae26bd7f9ad92b7eb5fa600141f004ac60,Unlabeled
0xbf84d6774030d1be7eb0574b07fb530d99bbbb94,Unlabeled
0xc56ac46ac99bf467b349b06ed87b40645d2c79b0,Unlabeled
0x13eb7bb913cb07a690038a49780857cb94fa2fca,Unlabeled
0xb8506d42ad5fd6a672b42aec94b82846876d458e,Unlabeled
0x3ee18b2214aff97000d974cf647e7c347e8fa585,Bridge
0x34495dca57890d33999fd34d0b66b28c45cf2048,Unlabeled
0xa294cca691e4c83b1fc0c8d63d9a3eef0a196de1,Other-labeled
0x584057b39463b0db5bc535adf9019240eff507ef,Unlabeled
0x5099249b903299d831ede682b2431334cfef7c5e,Unlabeled
0x5d318f1c4a52c92fd107dfa279ed404c19479000,Unlabeled
0x15f2cdcdb6b2c6819f2d6d24671edbe330c3f31f,Unlabeled
0xd30feee507848b750f5aa3f672234aa73f43a899,Unlabeled
0xcd0ed38251538b4a6ff877ca6c8b897a85c4ce95,Unlabeled
0xbb489ffb545914c4d401305547bc032c41eb36cf,Unlabeled
0x6b4c51f4def3fe030451b651677b15f81c8d3c04,Unlabeled
0x89c6340b1a1f4b25d36cd8b063d49045caf3f818,Unlabeled
0x368a4e29e7b7225c2d031b7f53cf190b2b813347,Unlabeled
0xdd40e232b593ad4a97be4dd28f5315e8af59b8d8,Unlabeled
0xa9d1da7f9ff4758f0fb74c7ebbb4d6fc087d3e43,Unlabeled
0x62f07dc8e51527d08f134522a5012042f4676e7a,Unlabeled
0x3727b6cb7b06c9260774c1e815f76bef69ddccd6,Unlabeled
0xcfc0f98f30742b6d880f90155d4ebb885e55ab33,Unlabeled
0x4bab2cb2ed6ee2d564ba5398cab4161d95e58f1b,Unlabeled
0x89d5efe587452be198a0a75f63b1d1eda02cb5b8,Unlabeled
0xc08ef007b936eb0eb1a57995f7cdae93be1c148a,Unlabeled
0x3f26a6857958f88697943881a2c1afc6af701906,Unlabeled
0xfb52f9b1ea8e27e19a50cb85dbfa16e28961363d,Unlabeled
0x646b531849d09d9b5bb33de4351f3c6c7b0e9e4a,Unlabeled
0x6fa88c8a256aaae3cb18ade24e1985d5d58ab598,Unlabeled
0x0b97fe1e415cbaf5948db5cf341bf7500352c5a2,Unlabeled
0x6e6b96409106152e19521f2be1a815e12bda9359,Unlabeled
0x687950199ef9959beb558dd850c4be798cc807b3,Unlabeled
0x4de4fccc14eab1d69890a49471a9d57b96dd725f,Unlabeled
0x46340b20830761efd32832a74d7169b29feb9758,CEX
0x19f00b3a7b6f55c9da966fe3723251784a797fa7,Unlabeled
0xbbda49855af861d6647a9722817385dd0e832b3b,Unlabeled
0xda864364f7d1ebcc7c89e9610ebdef45ddf5f81b,Unlabeled
0x3896b066f06e9861180e4b315522908c23a596b7,Unlabeled
0x0a627b8d5c3a3f8ef7eba3515c5a86bff81e61ad,Unlabeled
0x84497bd8845527dab019b271b84f2ac0a6c1a63c,Unlabeled
0x9b30c5b706fed8842247c888a4e7be1e8aa6378e,Unlabeled
0xe276cee0cbd36339e0b1d29f549a5146b0186705,Unlabeled
0x20d43ece5e84abbdd19b82f2e604b67763d6a89c,Unlabeled
0xdae54db7ecd20509b8b266c9d1d4a8c8c6446fd1,Unlabeled
0xc1c4a5c41b62989acdbb9a11bbab668158f5d481,Unlabeled
0x8d4fd401990ef8d2eb3d0b284cb6415a387519bd,Unlabeled
0x81463b0f960f247f704377661ec81c1fd65b5128,Unlabeled
0x5630e1a6c37a76846d977424af914b1adb28a9bd,Unlabeled
0x28c1688880876a5cbc29d4e7b288fd9ebbf21d60,Unlabeled
0x28cc933fecf280e720299b1258e8680355d8841f,Unlabeled
0x7be0a58f39734b795891ae21898170b2703aa199,Unlabeled
0xe9e9fd3ba8d5b45291fabbe8aa7398a8efed5cf9,Unlabeled
0x31711642355d98541ca0462e7ee451c10946300d,Unlabeled
0x30111059ba8627b45c10d16c04a868fa568e5605,Unlabeled
0x1d62eaf84d00b22d80fd5a9660285823d365f01f,Unlabeled
0x2d610e4eceac64e46226b70613b6d7f81e719bc2,Unlabeled
0x45604451a760ebe61ed27a48e5d5bfee6eac12b8,Unlabeled
0x7b6054d691857f28afc33accc2d7565af44c25f0,Unlabeled
0x6621e986de89f5e3ae641680fd702fae1e997e1b,Unlabeled
0xcaa848c100284de2bb445991b666ba00fe58f53b,Unlabeled
0x9bf81cc31d0f1fa7ade83058509a4db154a182a2,Unlabeled
0xf36a36efe0e8d199cc5c9c8835b3fa245395bc58,Unlabeled
0xb300000b72deaeb607a12d5f54773d1c19c7028d,Unlabeled
0x801efd0e025e6c8f59fa5d314d6c7241d4ddd208,Unlabeled
0xd97107064b8c7520aae6c6e6ca75bb2aa73b670d,Unlabeled
0xc407253720f3a3797d5d98cb7c6515950bd7866f,Unlabeled
0x382d1210f17f42bcd3c8e79b3a4924b48190e7cb,Unlabeled
0x0a96dcc7e3e71090376e945a56e71e113625d9e9,Unlabeled
0xbd4ded84ff95ca4e40c6d7e1912b67b413d2ca08,Unlabeled
0x4f23bbce0f77664f4b6b5ba8cc060b7903cdd5a4,Unlabeled
0xf50304a70f9385d869c8b699784b66f396f2c8a0,Unlabeled
0x16c1e2d27b7de726cb4b35c6b3fa64149327286b,Unlabeled
0x9922815be5ea3a004258d0846abc0daf133a4113,Unlabeled
0xc356fa0a9204f1feda6e3eeb255ce9540eb8a533,Unlabeled
0x8fa1aaa1d9f4028541a89e7628ee99b430c04d4a,Unlabeled
0x26b3663abc1e2e478ef60055713b1d5811be085e,Unlabeled
0xb1f05c103cdd519e9f9785cda23c03635a598be4,Unlabeled
0x9c3e0e151a495c4921a5412241d29520eb5786c0,Unlabeled
0x1fb57d851d1fa4737b9269b2f8e118f764602b14,Unlabeled
0xfb19ffd1ff9316b7f5bba076ef4b78e4bbedf4e1,Unlabeled
0x37ec86dd416579af67cbc20d38157f69997298ab,Unlabeled
0x6fb626b622fe5956e3925fc72352f6b0047138ac,Unlabeled
0xd87e2ac6ea9d7ec1256631830e29336b0b6116e8,Unlabeled
0xb0a27099582833c0cb8c7a0565759ff145113d64,Unlabeled
0xb7f830845e9f385372ae6fb160aa968908f5bfbc,Unlabeled
0x29a43fb58e7194f66130b703f00b86c5e6dfad4b,Unlabeled
0x29a45fa34f2e0c7b196af0555ad19b021ae7ad4b,Unlabeled
0x3b4d794a66304f130a4db8f2551b0070dfcf5ca7,Unlabeled
0x955da029be53afe4f573d038e7988d5456865264,Unlabeled
0xbddb2eafa02ac5e3b4f93f0e707f57bd6db2d630,Unlabeled
0xbbb7df58549ded18ab602a57ec5de88819187ec8,Unlabeled
0x000010036c0190e009a000d0fc3541100a07380a,Unlabeled
0xed125a1eb957fae61451e13e64d4e820228babbd,Unlabeled
0xe9a911b75ff5bb6e7b41a045b4d3ceedb6101381,Unlabeled
0x331a51565b7d7a048aa88b0a9f9c3e7ae07be1bc,Unlabeled
0x19f58aecfe0249af58b1ab12c001c1690b5e2459,Unlabeled
0xb588780f33124d76e13923fb2df04b0117333d33,Unlabeled
0x83c72bf7c69795b53497db3d214b4e42362f1b5e,Unlabeled
0xb8d4f7a95a88496e8702bfde10fc378c7ade526f,Unlabeled
0xee845948e6806d12e966137caa07d49bbe632fe3,Unlabeled
0x136410e12a88f9149c1a1a7b5fa773469d4d9c5c,Unlabeled
0x6cc8dcbca746a6e4fdefb98e1d0df903b107fd21,Unlabeled
0xe28f0becb8675f606e7586b6297d85c96eee1a5e,Unlabeled
0x86199f2cfa9ff7bddff8c629cb66e3ef6745abff,Unlabeled
0xd78d199f8c402e7b5cc2abe278df0412400a3bae,Unlabeled
0xe055ebe02873de1bd7b02c4f89c67488310db60b,Unlabeled
0xbdc41bd8c9e7279b139105309de24ef87c3efd1a,Unlabeled
0xfd4e9e8ddef1308ca3f1d1ee06355aa17fe0fccf,Unlabeled
0x122f90062549ff778806a15fa3b2a66973b9ea1c,Unlabeled
0xacc2a7f428a0de998e8b57aee28b95e496c59931,Unlabeled
0x17319001f7ec96882b3be7a60846d0039f2aa871,Unlabeled
0xd7ef1d43b5a45d0374eb4dade5197203297eb027,Unlabeled
0x45287d2803b1d9a073bf539f5c0de3af81356404,Unlabeled
0x2c3e16b4956faee1917fd8d7799870c8b979ea66,Unlabeled
0x079ca3f710599739a22673c2856202f90d3a8806,DEX
0x1c727a55ea3c11b0ab7d3a361fe0f3c47ce6de5d,Unlabeled
0x01ec547b3d31311b5ea824adee5b732e87368940,Unlabeled
0x5733cc995209e11e3e42479ffc8e9778031cfa06,Unlabeled
0x7bf3cc3130d0efee990b0905540f982571e9205c,Unlabeled
0x606df1d02cdce1b8063a8cdfc1af5d6070392903,Unlabeled
0x0476c2483f4c6aa4dfb6efa29815ab74d9c1e508,Unlabeled
0x6747bcaf9bd5a5f0758cbe08903490e45ddfacb5,Unlabeled
0x75ad96bb635a063e26ae52a270246c2710312655,Unlabeled
0xbd44ec5877200b1e9b672611316acfbc05c09b7c,Unlabeled
0x2d5805a423d6ce771f06972ad4499f120902631a,Unlabeled
0x5cb7c577300277f6ddc4e686a12823a1de6d26fa,Unlabeled
0x53ca098fba0b23e873fb4dde5d4e7d1b5db2d9d5,Unlabeled
0xf5faaa7c1d9371b799f9f3856f3cd32813edc134,Unlabeled
0x07bc3ed9d56f7f21e7c5cb51f35bd4f9f2de34d6,Unlabeled
0x1931d6d9a4247be08c72b44584071b0201f33656,Unlabeled
0xfd30e6849638c895cd34b7af5215ebc40c5ae531,Unlabeled
0xc8aa941d5e971943ad5105f6345b174240f6e4b3,Unlabeled
0x091d4217268898aa50fafea762e6c5a39a588336,Unlabeled
0x57fbd4ac60302a508e2218f0c39e9e132342ee9c,Unlabeled
0x45e414db8fa877a864bfae7c7067beb7de306627,Unlabeled
0xd5f5475502120ad0e3dbaa25ecedffd19d6569fa,Unlabeled
0x318bc0e247b0444ab7cec3379d9383f0cad8daed,Unlabeled
0x1a9d699aee3a56ca49d0cc3b542ae3a37885a3e1,Unlabeled
0x6135bf43e8b0c72aa65f3c8db7cbc25152be33ec,Unlabeled
0xce79b081c0c924cb67848723ed3057234d10fc6b,Unlabeled
0x14e51143b3a5de4b4ec392680010e170c458ecc8,Unlabeled
0x6eac14fb8baaefb06cdfa1d89df3a9c96866b909,Unlabeled
0x441783305ffcea71145a45059a572e70d15135c4,Unlabeled
0x5b71d5fd6bb118665582dd87922bf3b9de6c75f9,Unlabeled
0x016606acc6b0cfe537acc221e3bf1bb44b4049ee,Unlabeled
0xc601ed0c09b0373c271aaf2c324a5bbb4ebb66db,Unlabeled
0x8da1b73526afbcbbb1097dcf4924bcfc840e366d,Unlabeled
0xed6a08e05cb4260388dc7cc60bc5fefccfab2793,Unlabeled
0xad6eaa735d9df3d7696fd03984379dae02ed8862,Unlabeled
0x5a03e9355cdb5f74897fc6f91b0de01868791964,Unlabeled
0xe6db6150f8eb6b4b5e4d60b94037bdbb6cfa1117,Unlabeled
0x0529e1aead7e30f5e072e1cd80a5ba6302e253b7,Unlabeled
0x74c7199442f0ac21a2e5a39a430aa8e97eb96faf,Unlabeled
0xcd531ae9efcce479654c4926dec5f6209531ca7b,Unlabeled
0xb46a0f71fded6ceb00b1c9278e0ac7e22c242df5,Unlabeled
0xe122e029ad82e5efaa99818fe27d727195d331a1,Unlabeled
0x8483c178428e6700f2fed74a7e0408f361c097cd,Unlabeled
0x0051cc1d8bbf0b3373b02e22ea5a2fe483266cea,Unlabeled
0x035ae7d933dcbfe617ffba194a88af0c2867b90c,Unlabeled
0x9d1f44a2f206fce2ef14e6621d9469fdf33dbe5a,Unlabeled
0xe38180381c9a83e143eeb2a877097e99a2a91d35,Unlabeled
0x4ae0ad0ba10dc97487cb1dd571aef20537280859,Unlabeled
0x95d21d7b37343fb4ad15d5ab85e1f80defde2869,Unlabeled
0xb29dbc6c47d74eb78365ae3a54b1fa12cacb5cef,Unlabeled
0xad30f7eebd9bd5150a256f47da41d4403033cdf0,Unlabeled
0x5f3c966df7f444cf27f0ec96d4f5b521913c0ec7,Unlabeled
0x7f85f054b5703f0d53c0a27ca65f20cb631975f9,Unlabeled
0x60d0883a0c461ab395873868d00758aa80f81ba6,Unlabeled
0x2d880ccc788aaa6dbdeaad3b585f8c533c6be54c,Unlabeled
0x05afc3caee85fa79275d87961ad1511323255dfc,Unlabeled
0xbc4e3963a1d20bc2c165ba31ffaa43e0311f2b8e,Unlabeled
0x399b114d0a63ec65d762b594d1783353166dbaf7,Unlabeled
0x9a17cf3ee22aa40ef917ed16aece88a862b3aa2e,Unlabeled
0xf74cad18819866f07ba83cdc3b53211b45246129,Unlabeled
0xbc761ee2bb6ea585d2c400751b1670d46b4a3417,Unlabeled
0x4a70f9af3d66561e85a275f5cdeaf6661aabd1f3,Unlabeled
0x3d2335cac7b31411467ef03168c5869452fb7e86,Unlabeled
0xad0b16bc39111aa77eda651160a586f3cce7c514,Unlabeled
0x37fd8eb1cf14a557432c110e741162fdd1e1f189,Unlabeled
0x1887fa9edadeab7562b01cc3f4fa246ace2c3cdd,Unlabeled
0x97c460e25d05952688ad8fee929c79d8fdba5812,Unlabeled
0x317a32850469481a5bbed718625f7a29bbcf6803,Unlabeled
0xde7259893af7cdbc9fd806c6ba61d22d581d5667,Unlabeled
0x34145afd77bae32359b479f51ec4ca7177a951dd,Unlabeled
0xb6acd17f9d69351b7f4a86e01f6a11dec5526d88,Unlabeled
0x03631c388fb01e0d929627b614eeb501c0ef9dce,Unlabeled
0x7ee834ced27f76c7fe1ed03f71afb4021e901cef,Unlabeled
0xbae49b7c554f4944f20dde90b33a7e07ccfd474d,Unlabeled
0xfbe7c32f8f5a3ca26929ba12623527600055a4a4,Unlabeled
0x447d4894e9fb43b1a31a7be0e7dbe9e324739987,Unlabeled
0x6534570415bf96449c5f2089070d6fab4cc5911b,Unlabeled
0xe6377285c58c7baa846564c246d9dbe910398779,Unlabeled
0xd5e279129c46a7dedcbe4c7eaecb6d782a10fd99,Unlabeled
0xa94ee01965072e8b37c7b2a695a00e7d34804089,Unlabeled
0x3b260cf977df1ff8d87960064daee2ce491a1b91,DEX
0x50051e71c5a08eadbdb20a2cd65198e228003616,Unlabeled
0xaf6e08926da465fb3c59c2ad5dad47f6dca252ab,Unlabeled
0x2340fc21b654a72dbbaf8ac6d4d3f39ed96c394e,Unlabeled
0xa7147c459ccef8556d097759ecee884eca83eaf3,Unlabeled
0x336f5d9c298307fde99ddbe6e2d5630bec35cf5a,Unlabeled
0x0084dfd7202e5f5c0c8be83503a492837ca3e95e,Unlabeled
0xfcc92310a0587f5af26d99331b334cc5345469c2,Unlabeled
0xca5ff8a710784ad5fb0f3c15168bbe9f3ad9a6fe,Unlabeled
0xd54c3cc8731732dc0f8c44df0f9ce2d08cf8edbb,Unlabeled
0x8d005417ccab1f22f39d49c4d58213242e2aa4ba,Unlabeled
0x7bf91d3bcd152c619720a7ef881e551498964ac7,Unlabeled
0x09ad820aac5779683b481c4674208a4e1b024afa,Unlabeled
0x75cf59a923a2649b84fa569bb97ea9694b6f26e4,Unlabeled
0xf3aac0ce294a96b1703b9b93d393e6d240b6bd98,Unlabeled
0xf1e74690bf1b9f0a3a4a24fc3bf78ca47cc9b1a7,Unlabeled
0x6cec7426808acd23dcdce59e6b33fe3d32a0ec54,Unlabeled
0xf8191d98ae98d2f7abdfb63a9b0b812b93c873aa,Unlabeled
0x292b7093ade2b3badc7e4b799d6e5e41708f9436,Unlabeled
0x7bbe3c618efd725991a65c5831ffe2a421dbdd53,Unlabeled
0x350ee7305893c15c0c3d6cd85a554942fa798cd1,Unlabeled
0xb4f34d09124b8c9712957b76707b42510041ecbb,Unlabeled
0x49e9a8ea9b6c05d5b2307538d159350a5aea73ac,Unlabeled
0x6764f24b4627c1b0d7bd0db7bf28c1ff3e22802f,Unlabeled
0x29be3bf54371f502f9444c492eb5107ea3ff0de1,Unlabeled
0x55ac87e54019fa2e2156a0faf13176dcddfa16ce,Unlabeled
0xccb0b717a038d4565c31015ff0db333b0c410cce,Unlabeled
0x9ef9c0be033f28c3c17bd7799e85d407e36664a9,Unlabeled
0xdf0524b1f1a7e60928aad50b6687103065694277,Unlabeled
0x595c31c6108babc43caa81ab759a4aae91801a82,Unlabeled
0x3d63ef84f0148672fd27d8482097c57168cea70c,Unlabeled
0xaeecdadc819ec8ec0acbe7be4b3a13a624254828,Unlabeled
0xca710eb43397e709d7c23b57c9edc7e9d5769e96,Unlabeled
0xbbbbbbbbbb9cc5e90e3b3af64bdaf62c37eeffcb,Unlabeled
0xf1d2acacb9e086e5ff43b26affadb07477910c24,Unlabeled
0xbbbbbbb520d69a9775e85b458c58c648259fad5f,Unlabeled
0x3dee460d85e53ef0e64c0db1af9828f122a9d08e,Unlabeled
0x66e092fd00c4e4eb5bd20f5392c1902d738ae7bc,Unlabeled
0xa88b5dbdff33ce760f14158717f9821a03fe1c1c,Unlabeled
0xee312a56188c00235e88b540abc36cfc64d06b90,Unlabeled
0x3c0f1eb74d98de584e6b46089f94ba3086eefa9c,Unlabeled
0xe92e65049b3c2ca12806e9567b08895118c5a03f,Unlabeled
0x226d019b710946ebbdb83cc29bd3829f2d3fb992,Unlabeled
0xd4357c7e325ef409f0a1fe415eb35e98ddb0dd44,Unlabeled
0xa29e963992597b21bcdcaa969d571984869c4ff5,Unlabeled
0x7c6da478539f5c87127f47124fae586dac9c60b5,Unlabeled
0xbc8a0f5e41857292d12ef620e2a5895ce65a5ce0,Unlabeled
0x35ddd0a0ba4a67de3bc9d6f65aab6bcdc1f24bb9,Unlabeled
0x39d0d6f4902fa755f28bf5f428a93a1da9ecc1a6,Unlabeled
0xb93e3d70ac9cacd51764f09ae0d01b905dc291e1,Unlabeled
0xbe114a0115179be47c2b451a1a73d778c94560ab,Unlabeled
0x6cd4471480e2969b3d696fbd17530e85112f3ff6,Unlabeled
0xa11a70829e1a7614b51676783904838abcb5fcc1,Unlabeled
0x4bf9663370a10a8ddef5f68748700e1fbe3ee8c8,Unlabeled
0x6579d38b915fbdfa67420142e5eb4f13b0cda666,Unlabeled
0xbd02c51150a4ab6ce97b9de2025644594f3e75b8,Unlabeled
0x3299c3e97ebd940c95aaa615b4b60a8944ff8b17,Unlabeled
0x23bc36f3a37733a49bf84d453e438f290ceea0db,Unlabeled
0xfb7f847ba3c3d98c9baedbe0fad810e4e1da1865,Unlabeled
0xe95b0243a5c5e6fa4b8f34cb525a64e6a1b9aec9,Unlabeled
0x91177cef6593f173db9a6b425c3490d98774f130,Unlabeled
0xdc95617e118dd4f61f0fcaac9e3944f4d7be9f31,Unlabeled
0x40d658c7769709ec93d3433dc063b9e4a46433be,Unlabeled
0x82a365858b4a82eed80e5473c6f698f93b48617f,Unlabeled
0x52cb849a52e9215501911bc06da83bce9bafc2f3,Unlabeled
0x1e555d214fcd777b7458fdbfc2b8a728008558c3,Unlabeled
0xbb1532f8209cb561a2fa064616c29448ed18ea4c,Unlabeled
0xce35c1a7964f3b048ff5e90e9446a9750d6135fa,Unlabeled
0x1a05b16062fada6df9c1b76479df54282cf7521a,Unlabeled
0xe401a6a38024d8f5ab88f1b08cad476ccaca45e8,Unlabeled
0x4fd6615334850cc1318349a58899f85a61c1e526,Unlabeled
0x733572b1321c3c410be853d4455e5a0a7a5266c3,Unlabeled
0x590084b92fa9238dbafaa63314a12fd1e96f3f4f,Unlabeled
0x80ca34c47ecaf5abad24150a21d3365b34497ecf,Unlabeled
0x89ee9d0e0caa5dee8c6cf1de16dd0e7183185f4a,Unlabeled
0xd0e83490a55e671b3cf39cd027f0f9035ec5a1ef,Unlabeled
0x1b4392a3ed3cb50e9c81aae038663aeb92470c7e,Unlabeled
0xdf3f1ec7763305f1cb0775d758a0929e231ea2dd,Unlabeled
0x478271c960137418c9d90082dddbf68aa72e4367,Unlabeled
0xdf98c1e3767e919a07bfd16c95c19c53426d3b2d,Unlabeled
0xfa3522da0f3ce33b32710c43be52d114c4394d5e,Unlabeled
0x4279ebff15bfbf5b74ee2f4cd9c16cd212ac9c9a,Unlabeled
0x6e02ab377a5ee3bdf07b1ee1fa72fdcc03cf3db1,Unlabeled
0xcaca690da772a098a855fdb64a3455172c2ec2b0,Unlabeled
0xa06304fa983858d5ae0b1a4f78de20d21b3d331b,Unlabeled
0x14161594d6ce2e23282bf7f026ef77a6ddb780fe,Unlabeled
0xceb69f6342ece283b2f5c9088ff249b5d0ae66ea,Unlabeled
0x9e626807614b5aa6f53eaed91a1d8b8fee96b3cd,Unlabeled
0x950bdd9af4e624bec1c70937bdf7560e8e09c5eb,Unlabeled
0x9e628517bbaaea18e7dc3836d8d19c45c855b3cd,Unlabeled
0xd91efec7e42f80156d1d9f660a69847188950747,Unlabeled
0x8782163068c7cd74d2510768a61135c1e4eb07b3,Unlabeled
0x238856de6d9d32ea3dd4e9e7dbfe08b23cd5048c,Unlabeled
0x6ce84b7b89f9cab4986ce68da33f6f1c98f343cb,DEX
0xa856024e84d4cdeb01af2fc3e39424a8cde7d36e,Unlabeled
0x4276d6ccd4ed433529ca29fb91316f37f4778225,Unlabeled
0x2689dec7f57719c997268062b046cb0d016eb30a,Unlabeled
0x3b75650834a976be4eb663c6cc12f3eb3b519a49,Unlabeled
0x0fd4e7b32b8f670c01a8c491cee0c11831598298,Unlabeled
0x905184c521129d4f201964a493d1bbd644cbd3e3,Unlabeled
0xe68041d6de0c4ca46caad72996140b383d44ac8f,Unlabeled
0x7242eae4a7b72d60d55019234c39a6a138b12ddb,Unlabeled
0x76cc2cf7fc2e25ac7f0a5205bb67f28f583eb6b7,Unlabeled
0xbf21cd95506f21ae1c4932f158a8579baa211cde,Unlabeled
0x2e93ace0a456abe8853dea7b603a06bd6e1e1537,Unlabeled
0x0a066f38fc9ef3d67072428244289dcb7b9f02fc,Unlabeled
0xb51e8ec6f1fe037477f0f0d9070c80b22e82a67c,Unlabeled
0x20ead37587915b148066e301ef473f49f3c217af,Unlabeled
0x351e219e456f3c2b628445667168f1d089f7d6a7,Unlabeled
0x07964f135f276412b3182a3b2407b8dd45000000,Unlabeled
0x2f517a363a3c4da078f92d0a0ca512f01534d5a3,Unlabeled
0x9998c279129e1d42f50932f854fd5c816b3a5f0d,Unlabeled
0x7ab22ff09512c2c6e973e86d842279cbd00f0899,Unlabeled
0x03c536ff96003c6a16560dca4c14565814843fbc,Unlabeled
0xe24bdb74a6b7053b69f3c9f92dd1fb0ca971bd90,Unlabeled
0x3c57a0dc610c5f3d73c4323e1368dbefd291f366,Unlabeled
0x1e5a29a4d998232dc56ef3d5858fec5a86639e86,Unlabeled
0x08a2a7ad6706622949bddcd57822268dd44bbad9,Unlabeled
0xa8a7d1479661a2400b876561e20c632c50d825fe,Unlabeled
0x1103fc560de8b710983e7f3ec09d587f3f848566,Unlabeled
0xfe263102682933297cb65dc813e5193249769251,Unlabeled
0xba4835e9360a2af8c063b2aead11d51c5410a148,Unlabeled
0x14a20392a1d61cd6f29013a1a02b61e0fcd98dd1,Unlabeled
0x88e6f5c8811977c17b752186b1f8beb9fcafcf9f,Unlabeled
0x58460f667a9c934869ca81c142308bd6c35d736b,Unlabeled
0x87a26566dbb3bf206634c1792a96ff4989e3f56e,Unlabeled
0x82d9a407f99a95db4671e7021d625cbd0787a407,Unlabeled
0xcacebc09ee91fe63071f261f8bfe74a99ca7ef70,Unlabeled
0x8d3293cdcee183b25f7addf33541163eaf855335,Unlabeled
0x187fe1a8b76c60b85c00a2819152ff00ff642386,Unlabeled
0x1970accd5816d79b4c7ab1ba7ecded88c00dea46,Unlabeled
0x2100722c97b8aabc3495fe39c175d8c9f0b328c0,Unlabeled
0x86937ed0b36d6bad232174653e4fc1a633f60db6,Unlabeled
0x4ad826319071200efeac166e2816b9f9c034fe2b,Unlabeled
0x3e0954d9b32f823aff2f66173ffed5f453dedd93,Unlabeled
0xa0e860f5780dbd534f2c8d136a90224ac5aab653,Unlabeled
0xc00db06d2e1a35b26342ec187f3da329f615e681,Unlabeled
0x122e930f85e7197a32760467fd860ca600530db2,Unlabeled
0x5e5f3bbf9441ffb45663101d87c7d36f5c6ed33a,Unlabeled
0xde6ef0be52fefc09ab51142a9e74f5ca09809945,Unlabeled
0x73ccc64b71f4ee781e72ed0def5480df1fc62637,Unlabeled
0x6cfc78979122ee7283152fd57a13b01c796bab8f,Unlabeled
0xdac6dc3ed5a0adc9ee118020103cb1db9bde215b,Unlabeled
0x3a706881f007b43e0913ed480559959f656b9828,Unlabeled
0xe033080a0486898af493fd8430ef33aa64c417b5,Unlabeled
0xc78935dba387c17f903b9b8727a090e170a83d4e,Unlabeled
0x5aafc1f252d544f744d17a4e734afd6efc47ede4,Unlabeled
0xf1ec3a9cfcf64d6749f86c12690d0b541a2d0593,Unlabeled
0x3e8282bd1bfabd23249701e978e9db3df3d7073a,Unlabeled
0x0000000000efa780a8e6f50fc5de9c1497bfd175,Unlabeled
0xb3e8c75912438c2282e0afa51b41bff8e835bc88,Unlabeled
0x9f85c6553a71bd4f315bd119c45fb3006a6683d5,Unlabeled
0x431115499f0b1c891426838a096f69344f8f410b,Unlabeled
0x1c3a1bdc67b1b8c5461a72de0065c4e343902121,Unlabeled
0xe9bbb2ba01b4da0c6c192f7cf57a41be9cc72579,Unlabeled
0x84b38bc60f3bd82640ecefa320dab2be62e2da15,Unlabeled
0x016fd003eef102d19ee92a00e93667cd9849b290,Unlabeled
0x462a2abf7acf711b2d3556d16643e59a90cc659b,Unlabeled
0xe814ca0e315cb9dfa8888c99827056b1f279b5a5,Unlabeled
0x3a23f943181408eac424116af7b7790c94cb97a5,Unlabeled
0x8f0d5660929ca6ac394c5c41f59497629b1dbc23,Unlabeled
0x92b6a2aee6c748ad196fbfd449f87c9b2aa2e519,Unlabeled
0xf7735428ff472fc871567f4a4fb68d793c788553,Unlabeled
0x3a015f329b74b0f3ee49beb9261a8d93f9c3d2c6,Unlabeled
0x12c280ee47ddf0372b86e29a7065880108895fe7,Unlabeled
0x2fcf4106e1fcc983c37986c513670177bf8b92ea,Unlabeled
0xabaec34bf99ba0aac65fc884a5ab8b851ee366e0,Unlabeled
0xc68b6c81345c9c7122c0af45a848b5d64847513f,Unlabeled
0x959dad78d5b68986a43cd270134a2704a990aa68,Unlabeled
0x084c0ec7f5c0585195c1c713ed9f06272f48cb45,Unlabeled
0x0b3d1bd08ec28ccc974de1a3ae4c6d05b0005dd0,Unlabeled
0x30c96a91120281c289b98754b4c74cf077c9adfe,Unlabeled
0x9f8a9c844bc9e66a2ec8814ad57be887316f41b2,Unlabeled
0x99c46cb09c96dbc0197ad3df14fbe4186db3c12c,Unlabeled
0x9776cbecf431869d7cce96819131476c2e0f4ed5,Unlabeled
0xb80622639aa5632ff0b6ada22b4bb8fdd41903a6,Unlabeled
0x9380ff803c050bd63667ec0b45854f063e9784df,Unlabeled
0x51dbd97fa14f4d78f8afc2e92a692a9e087efb5c,Unlabeled
0x85fe4f80498a66c93346a1df8d1baec398f8c259,Unlabeled
0xc558067383b36952e9957e962b364a9633a0cdbb,Unlabeled
0x8ced9514bf520370915d625aec4042bdef4b62ec,Unlabeled
0x4a9c646b040e26b0be6f6a82b0aef77fb99e71da,Unlabeled
0x42a7a26cae459204032b6063da654ca82723b398,Unlabeled
0xa5441e8a51ff85e5b34d52ed4536484da8fefc7a,Unlabeled
0xd73113b56c0f2de7681ba0cb09d5cd1a14376b3e,Unlabeled
0x02f4294ff955bce6e209fd2bfd456e91a78d4b79,Unlabeled
0x7f6e48783151ccc3e921fa76132fcac0e3559569,Unlabeled
0xd36635fd063069e5f155e4fdfcbab7a6565d7cd9,Unlabeled
0x1fdd2c6600312df1e1ce1f1ff4cabe504a09c352,Unlabeled
0x3c5c396005de4b8a08aeaf6f79536fd3dc58298d,Unlabeled
0xf018ec28e5ef2d23c64c0f59dd1b4f2539bcebe0,Unlabeled
0xccb07f1f56b3a0bf00b07b34f5dc4a53598b0cce,Unlabeled
0xa10ab493bc841fd7a53ab1399d80ae53c58d7f8e,Unlabeled
0xded5b7d6e6270479e5dbd7af29a1154700f56f2b,Unlabeled
0x6b27d23ca244290e05317685f737587e856d50c4,Unlabeled
0x7b60c581eeae61eb3e0593abf4ecb6da41c925f0,Unlabeled
0x7b6078486959e9d0efe63f1f9f02942a0a1b25f0,Unlabeled
0x271cfb002d0e855c3186a773dc267cd0414d327d,Unlabeled
0x2c07541ec577b26889fb56e8b889ba6548dd0ac5,Unlabeled
0x9c9ebad26ef1dc025394de883f94b21b3252cc25,Unlabeled
0xbc761d10b572a3023278136b1c7139f3f1663417,Unlabeled
0x506590cb5f2300b97c5bb985ee3100d92f37c898,Unlabeled
0x2d3d10773657fb6a11f1a581d156c72edbff7f5a,Unlabeled
0x0aac9079d62de280175d85f8f70a1838f5583859,Unlabeled
0xe08d97e151473a848c3d9ca3f323cb720472d015,Unlabeled
0x115716d624d74ac73c8eeb770ab4d3526b0c4101,Unlabeled
0xcdaafeb73e9f2dc88d1d0dd178640f4b50b2d080,Unlabeled
0x5bcc2ba2ea7be2bae6384ba7f06218ec7984700e,Unlabeled
0x95321d1fcc664e6b5a4a02a19b3c80da442b3a75,Unlabeled
0x2906c87c00e21e3d61584fc0880d2fc6961f8332,Unlabeled
0x20ceafec01f9b72601cd11da2f5fc15745d4744e,Unlabeled
0xcf7671c2f04f4ec20404913b55a47ea04e52bc8d,Unlabeled
0x1157a2076b9bb22a85cc2c162f20fab3898f4101,Other-labeled
0x7e1cfc57f354ff7e5db5cccc891102f8394999d6,Unlabeled
0x08087c3b2c928001084b812205c9316e82b2d317,Unlabeled
0x17a916606108cdac696b9acd7f14a78f59d1dd1d,Unlabeled
0x17a9f2e0c8836840e173bb6a70aa52258aa9dd1d,Unlabeled
0xe7cf1a30549fc5ce545ed9570dbe3d561b94212c,Unlabeled
0x33566c9d8be6cf0b23795e0d380e112be9d75836,Unlabeled
0x919e0866aa2024c45c9bbacad5d1c6a6f33b30ff,Unlabeled
0xa562654f2fadab6880f2c21aad682e25f9a7f04a,Unlabeled
0xa5946a2c7a6c4232224b89a696ae51879bf5aed1,Unlabeled
0x17c7b6f9c15dc79f4e2c015dc33e1f3437eab059,Unlabeled
0x87b49a99cbce4a9030e67919b776aa97d538adda,Unlabeled
0x49e9c13f3a66c69e4aa362e3ed6f89470d9ff51a,Unlabeled
0xd3850cd4bb9af8045aa1d6cda6dc0cb59ca2d5cd,Unlabeled
0x1ba8f7cb3652e1783274aecd36e40e7ba6716cb8,Unlabeled
0x15a00214331b4aa07b74d635ea20b97861b0164b,Unlabeled
0x298d859ec66f859046ad3966d58f4e88fcf6374c,DEX
0xb93a3a0675969581e4347a2ed4fdb077fa7813b1,Unlabeled
0x11a177893968ffddccd57027758c7624e5e90bc3,Unlabeled
0x6a46fb4bf41e7f012a3ef44879f5af4c6ae08f92,Unlabeled
0xb5eb35d642d686e24e92f29ef055b41f3d4b7025,Unlabeled
0x3401f88004c32a5c1880f128d8558772647e827a,Unlabeled
0x896d652afec3f34bce61d29450d57c68879efd1c,Unlabeled
0x901c5045d81ec01a6a145aa2279f10f4b96f46f8,Unlabeled
0xfa98f6c72c842f8778e01037c9842aa0b6b70c0a,Unlabeled
0x3a61da6d37493e2f248a6832f49b52af0a6f4fbb,Unlabeled
0x1296ca05b7c282b53fb7bf2c33037dfe45cbef59,Unlabeled
0x012028a049f59fdc375bec752655a2e5e39f29cf,Unlabeled
0x6455327f820edd69c4cd665b995e0fec679d7f9e,Unlabeled
0x046b773d60d5717ba75fd77c625c1f023f4a9d3d,Unlabeled
0x76af47b6749dac8ed6f199ac7c52fefa3f2b12e2,Unlabeled
0x2adef58075992b50131b7097ad9c1a2573ed7c2d,Unlabeled
0x2fb074fa59c9294c71246825c1c9a0c7782d41a4,Unlabeled
0x73cecb19032004be3311b1d76c2e3bcbe39279f0,Unlabeled
0x4939e1557613b6e84b92bf4c5d2db4061bd1a7c7,DEX
0xca0d261106df198119d494523bed20e4a32dbad3,Unlabeled
0xbfbe692fcec8114121c0f175731c44f6fa021489,Unlabeled
0xb8073d2ae5c5e17e2fff7890656ec8bdfcb67395,Unlabeled
0xf846a41026eadf4b4a9e459c7a1c587a8eabdb87,Unlabeled
0x495c4d526b5f8fb0cef2ef0fee89f899d0d31a9a,Unlabeled
0x9c4955b92f34148dbcfdcd82e9c9ece5cf2badfe,Unlabeled
0x63c9e4f81716debc57db9fbc60600106a44b9964,Unlabeled
0xcace55f2b0f43880f42fce0675bd3113cfeeef70,Unlabeled
0x0e898b985e6a57f73d71531d60127ef69315287b,Unlabeled
0xe9ad380de962392e4beb18d8298bbcbdb2e2940a,Unlabeled
0xf90e591684758c411e2a91e15c5d8821efc9761f,Unlabeled
0x1cf1dc270b5c3db4adb36a0431dbcdefef4adf33,Unlabeled
0x09cf91d5e137cf047eb9e0551ceb18239b46d3dd,Unlabeled
0x4b08528d3c0bc46fab2701acef64cd53d6b3f9cd,Unlabeled
0x0a8accba63f42e743a31f33c44b87be0c83fe230,Unlabeled
0xaf6d057f77284e4c2d84b903a8ec06db49e2c15e,Unlabeled
0xe5bf60f229dd09b2b0928df9bd83c1abbd0b0e6f,Unlabeled
0xebe0fa42523f69ea1e97f5b08282654c19c2c0ee,Unlabeled
0xa6e8ecbca6cfc0610d8091e31ef972676537fc9f,Unlabeled
0xe5320f66424115bbe496d2b90b1a592aab492e60,Unlabeled
0x0b33cdb9f5d62a3dddaa9f179f676a7353ced6e3,Unlabeled
0xf455aa13c586e3c08021bc1da28230d914f955a5,Unlabeled
0xf0ec39c450dd259afac99cb200d5ac45c0e72a70,Unlabeled
0xcde57a5a13b08942df282f46d2f4112cd4289b90,Unlabeled
0x4aec0e98fc1fb55b9cc2faaa7a81acca42cb4e96,Unlabeled
0xa01f9b15081bf213beeb91d67cad13f9fd5d170b,Unlabeled
0x6450f4a14c58808ac3133c4e1425df5b130d53ba,Unlabeled
0xbd5f7586dc8441af6a5a9d64b66f485dfe9263ab,Unlabeled
0x99ca63e0d64843a223ea0b22d1d47bc54ce41e9e,Unlabeled
0x17a805e76dd690a96dfb914f757b85d2afabc961,Unlabeled
0x0f255f2726a0fb28d9fbfdc4e9ab3b4c9af135ec,Unlabeled
0x7e24712fa3fd3f54447c329db75ae25db35966af,Unlabeled
0xc4438d934e3d2ddd1c6afdd6ea0901080774f709,Unlabeled
0x6378457208561584c2e4d5b2dd90a4b0c20043ff,Unlabeled
0x8596f901825c632e2bf95d6fab45103c4d612a56,Unlabeled
0x7081be850baa26a57abe5fd5a808e6e6033a657a,Unlabeled
0xeddeb854ae5a954d42b501d836ec3e30e410fca3,Unlabeled
0xd5e2fae65cb221c4eb621e5d12e3af5536a0fd99,Unlabeled
0x546522c64f6568ff8237aafcd3e7b47383d5552e,Unlabeled
0x7427ac0c0dcd73dcdfd2d1f223b29dd729b0e83d,Unlabeled
0x3d9eea7e3e6f85a46dd6233829386d0af67a9450,Unlabeled
0x00700052c0608f670705380a4900e0a8080010cc,Unlabeled
0xe632968674704e1f6762091e3e71f302de39f9f2,Unlabeled
0x53ca3a94019b8fe217c79f5a4008c9e37fc6d9d5,Unlabeled
0x2314a8d66648dcafe3544032cb272562f1fb7ab2,Unlabeled
0x0d3674f92de8d3d5b45ec80de0bb58a9bec128de,Unlabeled
0xd5cd6ed931b4a3434d0c277461100b504ef89a7b,Unlabeled
0xbeef02961503351625926ea9a11ae13b29f5c555,Unlabeled
0x76eec8a125b33bf90c74ff561eb84aa47fd538ca,Unlabeled
0x6f7318bed78d2f04bab3727fb2a5cb0d8294ead8,Unlabeled
0x1dfccdd03da77b8c1ccce709ee743947258e0bd2,Unlabeled
0x28ff7528ad3478c534e1c5bcdd1d26d16d18c6f2,Unlabeled
0xc1de2b10763e101f675e939c82f907a74edcb98e,Unlabeled
0x9796c646ecfd1c5b7c13063d2bbc04a5934c4b95,Unlabeled
0x0c102e0442c18b8b7628c6caf1004023460209b4,Unlabeled
0x429473cd165724585dde2bf10ec041faaae23525,Unlabeled
0x4f4e6cc779ab8715a732736dd1d49c7045074af4,Unlabeled
0x6534861342d74c0ba9ef453a6862f61f9c46911b,Unlabeled
0x5797f722b1fee36e3d2c3481d938d1372bcd99a7,Unlabeled
0x195e8cd1cca12fd18643000c6d4e21b766d92a10,Unlabeled
0xbb5559cea41c9893441eeb9fa857d22804bd3453,Unlabeled
0xbb55d4d2adb047751ce61a7347532ae3219d3453,Unlabeled
0xeb592a77a44516c450a9d0e86b1626b51e579497,Unlabeled
0x11a127a2f38e346a6d133711bc6210041d660bc3,Unlabeled
0x56e9bb29395f235a2035d8b39a3e1b219ced8ccd,Unlabeled
0x0aef13ce606eff516c1518eff508538925339fd3,Unlabeled
0x856c9d57c8733b499e4349ec1d1aca47898499e8,Unlabeled
0xf5b7687c0cfd29637b34ca6f6a53ce843409e8b8,Unlabeled
0xbb5634a9cf7cf908b9536cc568356de8fe026e1c,Unlabeled
0x841ec8423841fac410a151df1f11a0e506c73a34,Unlabeled
0x2ee036790bd43d94b231fe0263946a83fc1b4df3,Unlabeled
0x05d7c706210c981778dce43de41ee08766378570,DEX
0x28ac5fe7f2cec0c6d3fb6c9085703f0071377201,Unlabeled
0xa4e4ee6dad17bbd6c94c462279662b39735056f6,Unlabeled
0xb734fac02674666dba64afb8edbeab3bb19954e9,Unlabeled
0xcc0eff1e3c93713ff719cf6ef368c9a49ceec3cd,Unlabeled
0x84d9dd48fea4fe711f3c7c500e64e0017cf134e9,Unlabeled
0x6bc70761fa89d57757b3f0494570a2cde9158788,Unlabeled
0x747ebb73dffa38e7653cde1718aae84231b793df,Unlabeled
0x8fdbb4033e037ae47eb876d784f7048d42a53178,Unlabeled
0xb822e26a15e1c89c0d981f8f1d967fe5ea3bfc07,Unlabeled
0xdd6d3f2fef7c4463d2176f822d4203f499ee9cd7,Unlabeled
0xf60c2ea62edbfe808163751dd0d8693dcb30019c,Unlabeled
0xa3123013c842cb892459118ad46d25e86fe5b647,Unlabeled
0x52f31ae41280716380f74eba982060a11f2a6d84,Unlabeled
0x9b0c45d46d386cedd98873168c36efd0dcba8d46,Unlabeled
0xfffab39e99801c1f562212ca3a4ea2c00bc136ef,Unlabeled
0x5afe0000727040681d781fb23e8c82b468076042,Unlabeled
0xdb6fdc30ab61c7cca742d4c13d1b035f3f82019a,Unlabeled
0xf03a5ac5c6c9d12a141ed6c9c57e368558418113,Unlabeled
0x1f6fe006a371a207bc18af45359ed769e80d6370,Unlabeled
0x26f7f00ac912f74421e8cfc7dce08096eb8d008f,Unlabeled
0x04fa4421c7a694ab597112614bc0923b877d49cf,Unlabeled
0xf748b2f6e4ad8739e1c50d75caaf38e35c528405,Unlabeled
0xb218f484d08c5bc3d18a1ca04d8dc0e5de94b462,Unlabeled
0xd75823407db478f44bae3da818d7bc1efac1c378,Unlabeled
0xf652cc959a28f02a2c272384299f77a8968c7685,Unlabeled
0x76c891c3264f7a0d3daacbecd80da1479243617b,Unlabeled
0x6d718a725bd39357cdb3d6bf6b36e1347d952877,Unlabeled
0x626ba55ba67f7b444cc2328532b60c6bd34c7a30,Unlabeled
0xb08d14ea10c1c8b00727d24d2890d5d19513318c,Unlabeled
0xee754c9b4e2237ca9d9ee8af8fbfac7e641a2f90,Unlabeled
0x06e6e1017b1915b61a04610ede1c875b40a53d11,Unlabeled
0xb58c6a8e86d3f2e2644bda83a4e6d258703545d1,Unlabeled
0x1aff82cd379b7f6c3a99634456098d3b823303e6,Unlabeled
0xf78b2eda7c1e20ff9906b31fe3612195bce9d6ce,Unlabeled
0x0019c20d07f107ff18ced6b8a7b5b821a42a5923,Unlabeled
0x98d8d1ce2b63c0ed0717693a2af6f9daeb3003c7,Unlabeled
0x5111a967b4e1a2598ca152d9aee008a2f1dec321,Unlabeled
0x5437a73952f606dfd8207231b838e1aab20971b0,Unlabeled
0xb04a09726117f1ff0b5db9011ee87e7ca3b81992,Unlabeled
0x5336dbe2001e60901ac1808bfa36873e4862f709,Unlabeled
0xb6a9bca77813b1316bc507f487d83e4ca98a5171,Unlabeled
0x88bbcaeeaf0dca4ad50e8aab9387cd78c60be758,Unlabeled
0xae80ab218f6558bb1c973406ecf6fbe1b27d064a,Unlabeled
0x26fcbd3afebbe28d0a8684f790c48368d21665b5,Other-labeled
0x025d20c85bca82a614466429a8c7806e25e99408,Unlabeled
0xbdafa4408933a750eb09735933094207fcda0760,Unlabeled
0x5308c6d2581f6f33fe01e557d35d2bf3756f1e64,Unlabeled
0x2b0df731d32e345237d323eb26bae1d804b4ab2b,Unlabeled
0x3c8b6ff2eb679f0a69c98af2aab62260ba247cb3,Unlabeled
0xa1b2a2dfe6300d3f2174e0a4f073fc0f78f5169f,Unlabeled
0xe238c43744f15cb95e14439f9b7915e524de7b7c,Unlabeled
0xea2e7b4b94bd612226bd4ae15d877ed883569a33,Unlabeled
0x5b00a59bf4d791b52aaa951005a32fbfb0e0d9e4,Unlabeled
0x83a3da6ecf48d8d743b39444f76d3dd28af1bd88,Unlabeled
0x00ac148adf057ffe8c3eed77744ac9a67d14764e,Unlabeled
0xa4237e9544127679fbd81d6b4ecd268f3c01b1a8,Unlabeled
0x8d7458f182d32de16638e5f6593b6920b6d74291,Unlabeled
0x091d1c972cb1648537a2ba78eaba371b1ce18336,Unlabeled
0x966709a1c9412b92ce08afad48c366086a85e1dd,Unlabeled
0x14e58c58fd36094db36b414e851bbf5c6e97ecc8,Unlabeled
0x99c416ac02c4b7ae01d4c06040dfe4974f50c12c,Unlabeled
0xb3c70dafad0cf113715f11d89de45e7e409a0016,Unlabeled
0x5a9434715b400018356dffda6f8dccdaed683329,Unlabeled
0xfde7d2658fb454080a8b7df1ef0ec90fc5e97c32,Unlabeled
0xd775b10c1e5a8a29a1f89b9b4d33b444821620f8,Unlabeled
0xb51bf9029d778899d42e96ebcdc0498bd061006d,Unlabeled
0x9abf6f102ebd8a8e246f0c16328c167ad244e7a5,Unlabeled
0xcf0c0ddb5196051dfbfb30911f64938ede3aee87,Unlabeled
0x5b99ce13cec693815aaa24c4e2b75a7f6a51682a,Unlabeled
0xdf197bc2e71cb8818b8e0477a05a0b2fc33abb7f,Unlabeled
0x26db067dfc80576c909cc0f531c717fd7dcfbd47,Unlabeled
0x1c823abae8eb179585505283b4ebbcd7872d739f,Unlabeled
0x3887d605a519253f3a8cd29a062c71a13d0d7f1c,Unlabeled
0x209a6f33aae5aa23a817829aa91715db09144c21,Unlabeled
0x0708b29cfaba8e551c710991026c38e9179dce1e,Unlabeled
0x7cc53b364bdf8636e2a1a1389d3a4664f1aeefb2,Unlabeled
0x2fd7663ae7f228d864f949ea6dbc4a4d2f78cf46,Unlabeled
0x8a850efb47caa76b22f5d136ad94edac2e89c70f,Unlabeled
0xfa7b1534777609d7082bf51c430ebe83c28bd12a,Unlabeled
0xb62157ce376586f2156c7c834ec609ffca6db027,Unlabeled
0xc8fbcfd6d7fb0cb73a3a7f6a97a16feb5a44b36a,Unlabeled
0xb15c1365df3729bbccce7a0f7c7b5895e7ac0b87,Unlabeled
0x0619062b988576fe2d39b33ff23fb1a0330c0ac7,Unlabeled
0xe67821b76985007b4cf744b0f045c8933b3e91d9,Unlabeled
0x61230b10cf353774ba086c126064efa813b5fd6f,Unlabeled
0xa8ca67aca86c0e081bd17b039de3d8822f3d3414,Unlabeled
0x300226f054150e787a797f1fd07f0e38a4a655f4,Unlabeled
0xdeb8dcb0399905e7a4fb4bee558631251b0e1819,Unlabeled
0x281a77ed8f79bc99f2ac6b50e7977bf33e2a0202,Unlabeled
0x2fae8e1f215cb664feaf42fa5393233522fea985,Unlabeled
0x4b62b6634f34759425beb6d2f58905eaae79bb76,Unlabeled
0x9b44fb8ff15edbf9d8583831be97646bfe149378,Unlabeled
0x4c4a759c29c5ca78e25944c960c44a81cbcc55f1,Unlabeled
0x72e14867d65179d23c373029be4825ff1abc54d4,Unlabeled
0x25b9e5f5deae977dbe7ee0ae1cd78b8016c0f709,Unlabeled
0x3d157d702b11b1c20385705258e4b9b1234dd16f,Unlabeled
0x5f7f3e256ab61566db3a8047b4405a52aa3517b2,Unlabeled
0x55d8586b5c03b74122a772c24b7307db8be3dc31,Unlabeled
0xa743ace7dbb47115521bf8e159408771173f1098,Unlabeled
0x08dc8ffc2db71ea07537d1328b3be0799b604396,Unlabeled
0x7cd2c26d0d0777f06a9b1fcf394cb4b88d66a115,Unlabeled
0xa77aec8a02982011390cdc5a33a328cb2effcb93,Unlabeled
0x3fe5a843da0c582ad36dc066961d1241ca496e98,Unlabeled
0xef01fdbb48a7400963d6eaf1a1efd555a5bf2a92,Unlabeled
0x122fb1025f7de54bf441a109ff54f8115603ea1c,Unlabeled
0x8c795060e7a0d4304d1f565c61480fad3cf0e025,Unlabeled
0x4e416fbd65e27279e34aa521c600c10b38e48285,Unlabeled
0x9025b8ff35ca44f7018c3a37fe0f69e63dbb0743,Unlabeled
0xfbeedcfe378866dab6abbafd8b2986f5c1768737,Unlabeled
0x7ffb7f7ad540a8561defa6d19f6d0eeee4901bb7,Unlabeled
0x9bf15cb91ac20f238a322c66bc344d9126a17c8a,Unlabeled
0xd1bb862e5ae85eca74cd4adcf4d68f02e5a7e450,Unlabeled
0x7a2140a6160661ba38cc4a978945cb1149a7554d,Unlabeled
0xbaf09c8aeafc10abaadd897365f55f739371774f,Unlabeled
0x9a6f8626f01edeeecbe4861855a1cefcc3598f6a,Unlabeled
0x167a9333bf582556f35bd4d16a7e80e191aa6476,Other-labeled
0x9a1a80b844c7af8c449bbfd2dfe27e24b6269302,Unlabeled
0x0bed7b86eeb9a628084f58e7bfed16890ec320c7,Unlabeled
0x955244edc797a1c1b04134b600f819ac23c76081,Unlabeled
0xa233329e71b20ba676e48bbef775ddb811d7ba5b,Unlabeled
0x83970b5570e4cb5fc5e21ef9b9f3c4f8a129c2f2,Unlabeled
0x08baf37cfeaff1e8e2a8695ed9b7dc3cf96beb9d,Unlabeled
0x31c2c56eed9ea2e95f3bdd870d4a6c06e05f572c,Unlabeled
0x9a18511859c8fa603a4e9ddbd2cd15d0ac3a5772,Unlabeled
0x332697382673566038db969e611faa17d1046f69,Unlabeled
0x8cee98d8a7b193df071f2ab53c3dce1f6a0594da,Unlabeled
0xcffad3200574698b78f32232aa9d63eabd290703,CEX
0x7a5c38256ec30cca5dd005fd5fe2833026b22950,Unlabeled
0x2b5431e034ace47318edfdd4f693224562c27c6e,Unlabeled
0x065a489b2da5d239407c04f5bc8cf67e0f1df40f,Unlabeled
0x3eb2ea98f83cf7da12bca96d70d5ddf0541faf8b,Unlabeled
0x5c7d65630c8f48b8db632d73a115c461e05b9077,Unlabeled
0x503067245d2286b42c85bd9595727f1f22ee9cb5,Unlabeled
0x39a13a5541112d24830bde4b8ce581b7416c5239,Unlabeled
0xce5f44048740b87bee56f733d1707f5d2b657164,Unlabeled
0x80cba5ba9259c08851d94d6bf45e248541fb3e86,DEX
0x80ab8d0d92808d0c794299303e6ed80676aa85da,Unlabeled
0x52b317246fff543c0d9d71feb89219d4211e9bf2,Unlabeled
0x59e10549a4b6a43818a1dece7f7817ecb76ab111,Unlabeled
0xf9cb1f8e88513e572f18c3e77b88f6251599c714,Unlabeled
0x8ccce690c173109c6003ddd1ef3fd157468f2a71,Unlabeled
0xf9cb032c22457ae4fd77ee52a9b3c432c4ecc714,Unlabeled
0x9ff48b87c08ea58fae431712460ec5363acedb9a,Unlabeled
0xab286de9f9b27469e5926048ab6c927bb8a3c579,Unlabeled
0x55c29fe8f597dd96ba7cd80cd8bdb02c59a44714,Unlabeled
0x62bd735ffbd49a02883ac6375aa65c3d4ed146ca,Unlabeled
0x9936fb81a36303882c8cd696f3d61a4be9ba793b,DEX
0x708e7bad92dcd97e0ff875864c90e7b63fc1f457,Unlabeled
0x24da9b7fe330067170f38c51faaadedc0f5c632b,Unlabeled
0xdc8b5827831a2015dcbbd4a9a51552feb1a67822,Unlabeled
0xcad3838cc8509a65691d7e9baeba18529a46cb63,Unlabeled
0xacc0956683afea7ac00c3b772120b428f280ca70,Unlabeled
0xc807cca0649fa67123a4bf81383343d290b25b27,Unlabeled
0xbdc859e4efae1456289f1c2e4233b920ba8349f1,Unlabeled
0x23f4e829d542d9501bf9512c3d78c73e4f44bcce,Unlabeled
0xa8f8296f4053fd65e89b245d6c7f983a70234c8b,Unlabeled
0x67be8ce27ef8158d51d8593bb5b26eafacc955d9,Unlabeled
0x00000000009726632680fb29d3f7a9734e3010e2,Unlabeled
0xdf4c39d74a1205f51e7b44d439599b5cbb5984b4,Unlabeled
0xcf5540fffcdc3d510b18bfca6d2b9987b0772559,Unlabeled
0x6685a923671db2cefe1b029b0efd18bd8bdcf766,Unlabeled
0x082553ae42f674f4ce834ce59870ffc999da222e,Unlabeled
0xc77d0251e1a50eafb3003b93452076115e069c9e,Unlabeled
0x55daf1ffdd44da5a189b1809aa5e0cb28848b23e,Unlabeled
0xb83630849c8a2bcb3a04062fedd015d7d67febde,Unlabeled
0x2d3a471c22b1dbca69aac0fb8413421b4ec5065b,Unlabeled
0x950f06d46c90b38f067d68d4c984a53bc60f3a27,Unlabeled
0xdaeda9617cd20863085fe88f5ee0848a393a6569,Unlabeled
0x6920322e30e8ab3684bf018b379e455e46a7557b,Unlabeled
0xd79d30c003cc984660840f1373c3f34e5466260c,Unlabeled
0x3742b357aaa40ff3b8570952aef3986fa2ca4544,Unlabeled
0x5cac1dd5c15a39a76fabe6b874cc384fed893248,Unlabeled
0x91c68c4b63bb852cd4357b8940dbe3edcab757c2,Unlabeled
0x48e98ebddf18c6ef3436e297762d63a91ae76a85,Unlabeled
0x055a12ab31528bb8795e1da0ba9d2cf56073806f,Unlabeled
0x07a1631409b7436bd6f6545c4cc8eb4216a639b5,Unlabeled
0x824f66a0b98080930b11912bd394e31eede89861,Unlabeled
0xe45feef56222e9afb639819d4054990f1bbcd2ec,Unlabeled
0x0bae208aa1b2a4f163e6c2a50667d83ec41c2c21,Unlabeled
0xd4aedad98d9944c96849dd22c4dbbee25bb9eeb2,Unlabeled
0xa99b18bbe8f1b45fa90383c39938610b56311514,Unlabeled
0xb3db44ff3a700e0c1cbf8460bfc344bf29ab4be8,Unlabeled
0xc17a40852e4bfe04bc81af355fdf132c539ba753,Unlabeled
0x68e523302f22abb537b1c8b5674d0f624ef3cfa2,Unlabeled
0xe100bfe431b9bb9c38e585869513bc10df50b69f,Unlabeled
0x7cb4777e8d78132077d63bd49f192ed4ced04c17,Unlabeled
0x031dde938dd59099a02a926483e914fe28297da3,Unlabeled
0xe37ba135ef3f994841f23a1fd186f791efb68860,Unlabeled
0x5b8d2b4acbc8021f38f63ae67b6dd24b4dfca066,Unlabeled
0xae9c33b2ebe534026ee348140d61a0bbf33f52cb,Unlabeled
0x2fe0432901d2b63d8c6a35a5d6e6216ceb9adb13,Unlabeled
0x34d5266761dca334747b3a9681bd32022bc09d1c,Unlabeled
0x65798fe54922d4e181c7e0ec263815ec204d9919,Unlabeled
0xca26726f9824afea23cad6865498b2daac2344c2,Unlabeled
0x475f72fcaad9ea3acb9c4851a06b4842e415d60a,Unlabeled
0x047223b0f9429f865c3a1f1fa1302ee02b44c15f,Unlabeled
0x19fd6efffd9e342722e1b9ab5e6d0562d98a6144,Unlabeled
0xa0f1c3ad83e07d97b5e7030e177718be175275ea,Unlabeled
0xe84c94000d980f75036a055215b9c1111a221692,Unlabeled
0x1712e47cd0925d6b1b9b36764848770eb1531c39,Unlabeled
0xd048b2711fe36fba1092fc661e0bf03f219d3e51,Unlabeled
0x977de775c8e2ca6c3dac212127a4b90f3ee36772,Unlabeled
0x3c5d22fa3d916f8414141f4a277f59159091f366,Unlabeled
0xe1caf301eeddb5ab6cb5974765be2460c62a78c9,Unlabeled
0xe00639a1f59b52773b7d39d9f9bef07f6248dbae,Unlabeled
0xab3a3d49a642255ab9a19f3ae9678c96bbfcf1ba,Unlabeled
0x432f691bb8fe6ba9d1a32aedc089d066206e04e8,Unlabeled
0x8f10b468b06c6fd214b65f87778827f7d113f996,Unlabeled
0x68c2d6feaa562903b1c015f32b3a5081d1ac5fe9,Unlabeled
0x8be0ede2088ed07d4eea53103de71e0375553034,Unlabeled
0xbed331beb6d879749bcf0abd60af43e3020f2b5f,Unlabeled
0xb87b57bf87b5302db8b2f6077d3249774667ae9c,Unlabeled
0xffe15ff598e719d29dfe5e1d60be1a5521a779ae,Unlabeled
0xfc36ecaebfc07b838f3a249f851f4157ec788ebc,Unlabeled
0x88254f51d0c95bce1598a4bce226287c417c7eaa,Unlabeled
0xf7e2bf8b19fbdb3fc1c0c36d1d59fcad4645f863,Unlabeled
0x3365fd9b596afcb0ae3503a39aeb02ec4a052b0b,Unlabeled
0x2a892a05eab33eb90e9333462dafe9003c4ed4bf,Unlabeled
0x9a57f83dcc4afa5d9c09721273508104de157150,Unlabeled
0xdecd22df77589b84cc9bb2e612241fc23bc26c48,Unlabeled
0x4b742ad5ca91969e82aefb80072ae59121a3d72a,Unlabeled
0xb86d545e2e60cc1401968d677267b7a82683b8bb,Unlabeled
0x4b47d7291664beb43e03588e2698e10ba2cd21b3,Unlabeled
0x039f861c59db4a4c6a9d9323897b228520c1f214,Unlabeled
0x13748fe6db22cbad3e5d41ab153f1aa554c9fe5f,Unlabeled
0x14d1181e40103b4eebae3e17bf7fa217ea4332c7,Unlabeled
0xf3cdb7f10e98d2de7cc5e6dcfda0883cc3e7dc0d,Unlabeled
0x22272ee871c5cba7b8bb80141b231cdb0300bf5f,Unlabeled
0x02515b816bdd0e19bb36690d7c0776f3ab25f1c6,Unlabeled
0xd5adabc8f98a485c8efa50599afbe926b3e6dd49,Unlabeled
0xeae70d0a6bb1b4f491835cfda2e7d28260c2e951,Unlabeled
0x3fb4721b8174532793803b602957a4c1ab16cca2,Unlabeled
0xb6d55b223e55bd3ebf3a08a7da6bbebdfe49a2c1,Unlabeled
0x628f6a1e498abb6db5789f1cdbcc8f41eb521a56,Unlabeled
0x628f61f4cbddc2f87e70382fa677e6d116b61a56,Unlabeled
0x00000000008d5f1200332af8a6813cb8377b5bfd,Unlabeled
0x825c997af0e4565d691c67000e2aaf87ed7000ce,Unlabeled
0xe2df77e6bc8d74a40a9850296544eddf0a6c7af8,Unlabeled
0x6511250046aca0891b2a23f746bdd3318627465e,Unlabeled
0xa3129b452fb22726bbb745be14ea698ec7c61335,Unlabeled
0x2fd25b9e6d9bbf86f28898671847d73a9a5f0ceb,Unlabeled
0xc4fa4acd2866fe9d29032e9ba1f8db2d559b2cd3,Unlabeled
0x270ea676e06ff551847701bcd56b30ba1997df6e,Unlabeled
0x5cbd15d48ac85035f57736dffd3f279f923d267d,Unlabeled
0x830062f9d7541c0ed058b829247b540c8fc68ee2,Unlabeled
0x4fb0da3e135f7e69c3852efbf5bfff1005e5f2f6,Unlabeled
0x0953b23bfa5227a87e9820f07768a07870131778,Unlabeled
0xeb6be610ae74f1b75e6008fa44fa3de19fc1c9ad,Unlabeled
0xb40dc0513eb5d34eba0f3dc81c2e37377e1b1607,Unlabeled
0xc199feb7ce2b17fa84162ee705ebb35a2f19407d,Unlabeled
0x82025aaa329d77ae45b7d34838c358d907e8c0c9,Unlabeled
0xf7b09352c418bf427e002610d7a919c30ea16083,Unlabeled
0xdc3e1e07dc7f57f9bca42a6f521d5ebfdc8f93fa,Unlabeled
0x65831fa22e3c5ba2314f39e0f163a9c020c590b4,Unlabeled
0x179cd39bf368673cf5028d4f4fa8391b8beb7fec,Unlabeled
0x28bf6006d87de7f44445905aa4f5cb8c0d8cba02,Unlabeled
0x3ca19474c3d1fe5f826ee078e1857cae97b66120,Unlabeled
0x0c7e8f71ccc08385977b7a51e037acc6293c1ad2,Unlabeled
0x91dca37856240e5e1906222ec79278b16420dc92,Unlabeled
0x516518dbd44d1e04311372a205c88943a97bd8a7,Unlabeled
0xd2eff8bf27af68ebafd6cb0a08d40d17582a139c,Unlabeled
0x80c6952f50e1ca961590e93ae82a6baebd044953,Unlabeled
0x1c8c05fc064364ac26c6eaf3636fc2eb95b17236,Unlabeled
0x8467f928ed9178e892dcec9a9b061aade76e48cb,Unlabeled
0x28b1dc1a5e3699a428bc51d234dfab7c9cb2a183,Unlabeled
0x59d2b9ee6cb5c650b3fe9b061d37835e199b592a,Unlabeled
0x1da5b9b6c8cab2b0984ae50fbc6ed0034c06ccf5,Unlabeled
0xdef171fe48cf0115b1d80b88dc8eab59176fee57,Unlabeled
0x76407ccd2d3858f05a869fa6a71bb8f72298fc67,Unlabeled
0x4fe93ebc4ce6ae4f81601cc7ce7139023919e003,Unlabeled
0xbedfac7488dccaafdd66d1d7d56349780fe0477e,Unlabeled
0x455103f5b161faefd9c249ee8feed816425fc181,Unlabeled
0x9f2fa8543a0458c5e33c83693f5889237a8fec60,Unlabeled
0x6e112a7bec4c515e339abff7222ad73954142bd3,Unlabeled
0xed363169b1196871131c05e87aa412251ccf995d,Unlabeled
0x1d68453ee6e03a45bf6e421926e9a51e5965f01f,Unlabeled
0x3c5ddd32076d4e0fbbf0ac90d47e7bc6b363f366,Unlabeled
0x5943ad725ff280228b9421d0dde874f2c63cafea,Unlabeled
0x3fb716fda77367ec5a247d6998a37d48bfb9b73a,Unlabeled
0x4c82d1fbfe28c977cbb58d8c7ff8fcf9f70a2cca,Unlabeled
0x7c87e156caad4312b0205672fd176f3fae2cb102,Unlabeled
0x4f82e73edb06d29ff62c91ec8f5ff06571bdeb29,Unlabeled
0x99c9fc46f92e8a1c0dec1b1747d010903e884be1,Bridge
0xc5fd3ca1042aff36a9fa4b66c7b789846562ebb6,Unlabeled
0x91d4acabc9d4cce8b42801b06247c8b7eb3bdebe,Unlabeled
0xca4bd5f231e22bfc242f0fff839cc13350342c6e,Unlabeled
0x7e48c74738fe9a1efbb0a9958569d3b874b648ff,Unlabeled
0xc0dfdb9e7a392c3dbbe7c6fbe8fbc1789c9fe05e,Unlabeled
0xdd5c9e4342962ed8f19653a6b7950ee2867284cc,Unlabeled
0xdd519db9aae3e227b8b93f3facddd51fca9a0cc0,Unlabeled
0x18176158c3409855b346f983f514485c46f8fba3,Unlabeled
0xdafd9b251f966c32d81c17f684b5a0fd34e75a96,Unlabeled
0x4bc89ca6ffdcc4160cd7cc5434ae3a9d4d0e72ac,Unlabeled
0xf7281f074c52cb471b79329577f321f4eafdaa38,Unlabeled
0x88daaf72f7728853b4abea370bf0d46f37ddd933,Unlabeled
0x36d7bde496f7ef67423cf86f87f5878b90399510,Unlabeled
0x7ff8bbf9c8ab106db589e7863fb100525f61cce5,Unlabeled
0x5da3c70e13b2514f3c76bb894203e186105a460d,Unlabeled
0x8d6e4b2f9704de3a0e19c523bb0d91478cce6c11,Unlabeled
0x8eb9368c8a19a2c556b6c89aa3dccedea6d66559,Unlabeled
0x475f1355753eff199dc4de2e9754877d9b51d60a,Unlabeled
0xb327a92a98641ae7704b5bfdc819f99f025a8197,Unlabeled
0x9812fb8ffa3913088487687d3bfe9e53965a7bbf,Unlabeled
0xfa00a9ed787f3793db668bff3e6e6e7db0f92a1b,Unlabeled
0x74b145bf0a3f1d41d476c0d46e00d67d79378d1a,Unlabeled
0xef8801eaf234ff82801821ffe2d78d60a0237f97,Unlabeled
0xedc6531b10297788cbb0fcfaee904a3803d3e2e4,Unlabeled
0x7f8595cc51d3bc4c853547b687739efe34535a19,Unlabeled
0xbe9d38612b790947bdde8e08568545ecdc5757b1,Unlabeled
0xe8584e5a9b1fc67fbab0e480c8085c8fccb27620,Unlabeled
0xb6a9e6b80ab27d0a577725da90b5c11213c38084,Unlabeled
0xc93d1d9c02c8181b26c69561818262a4dc5cebb6,Unlabeled
0xe471a9fce215838b249f11bd3f72725f17ca82dd,Unlabeled
0x3cf10b92ea33e62b55ccfee388c98a4eca9b4d75,Unlabeled
0x1202438895c1316a6671ea584bd9679333582844,Unlabeled
0xc6e293489da37ea53acec07b12c889598684ce42,Unlabeled
0xc67544fec93940a3f2b7c91db31e496fbafc7672,Unlabeled
0xc6d22a8b623facba5341883a31507ece8fe401aa,Unlabeled
0xcc496d89a50a043388f8570c85e9f9bd10120f52,Unlabeled
0x78a012199b2f955fb0d864549347bd337eb4f399,Unlabeled
0x50dd6cfdccfacfb6b41f6baf3c19da1dca186629,Unlabeled
0x7caf9ab76f94967c402f7d8e5dca8b03061946d3,Unlabeled
0x52af27dd5e15475cd75996e3f57d78c3382e09d5,Unlabeled
0xb80a5ea0ec9732cc1875d088495df8c8782dd6b7,Unlabeled
0xf2cb822607ba5dce92d506fe33a3131eefc0642e,Unlabeled
0x7b196c5c284ed81221a0c14cd5cf9af0adfc9226,Unlabeled
0x116794f3dad799ab253ff2947b1f5b7cbce917cd,Unlabeled
0x5998e61927081072b49e7994351d6ff82694ddbc,Unlabeled
0xf70853810b8fc6869068dc8f7f94c439c9a2cdca,Unlabeled
0x6a93ef5f666eebe84ba130f8404ad56ee197006c,Unlabeled
0x6990e7e90ab50c12111f99b84183d3fe298bb3e4,Unlabeled
0x03208c6e5ae537da23dac24419f00857afafb709,Unlabeled
0xf06a1ccedc46a14bd43c79680cd13de673603f56,Unlabeled
0xe947fe5a9d5a2d2691fea7784237a3014d67bc62,Unlabeled
0x3495ba767da3ee6e9b5bc52da8c2aea80e66809c,Unlabeled
0xb66410ae75317faf13dba869b6df7b30892d1e46,Unlabeled
0x8fec17f8da2d2397761a169425706ab8b9dfe32b,Unlabeled
0x14232d212775cd95089b8b6869ca6c23b0be7185,Unlabeled
0x202ac3c64c7cb9ceb86b925bf3a75888049c529d,Unlabeled
0x49f1cac5ef7ccca3fd9e9f64739dd0a0d77579f0,Unlabeled
0xbb3d5a30aadddda6ba3b51a378bc2ca5b097b5c5,Unlabeled
0x19781a65d1c01df413c06037cf95700d6de5ed70,Unlabeled
0x36ca62b63928e6499f156122f250900609993088,Unlabeled
0xb5d9f761dd9b684d1b4e002ffb19540c2fc69940,Unlabeled
0xaca1fb57399a5640dce7785268e6a567dd4ce5ea,Unlabeled
0x912ac4972c1f0260973414660e92ae5b6c4bdc91,Unlabeled
0x95ec0051bd1f6ce5184970669c10116e47949dd3,Unlabeled
0xca71a7a1b47b8ca40f9d7da64c7802fc21759e96,Unlabeled
0x518b7f829f18c3702c925da92b028531f64fb975,Unlabeled
0x2d7ddc218c88b373d98e0b9433b2da34ce3d0615,Unlabeled
0xc25dbab04da23436e7cacfa606a1cbe57bfc3a18,Unlabeled
0x026b057378507b104d9e18bf99b798113ba5c21a,Unlabeled
0xb115fe9a340eca8251b038d0b2deae482f18c8b2,Unlabeled
0x394abaa113dbc35bf729b9e5825def25d11d8280,Unlabeled
0x31173073cbf0bb2df14ed1c9a18b180b6118bf18,Unlabeled
0x653437521c955fbfaa7e601e4bac8a225192911b,Unlabeled
0xc33327cf85fad198e7b5435c451f63ebcd23f771,Unlabeled
0x6661db9a250e02444f6f9de670c6d923bcd84cc4,Unlabeled
0x8ffdb0bad464017ecd4443da366c2132672aa8f9,Unlabeled
0xbbbeec8da44ede6c5f360a04e017e6c8e2481056,Unlabeled
0x144c963ec3f41cd70a3b75b665bf386b535148cc,Unlabeled
0xbb33aa0eb30702b71437f1a28f54b7c1a788a2ac,Unlabeled
0x9814ba501c7ad64bed5ac731d0a4f9a506e18f8a,Unlabeled
0x2d22414c5a37fff7d41e715a87bfa1afda77b8ca,Unlabeled
0x7e6af92df2aecd6113325c0b58f821ab1dce37f6,Unlabeled
0x7b4e24fc85a3a5071cdbe3e41cf4141dcb449d01,Unlabeled
0xe09568554ba1820af4cf5dbacbc4db1575167452,Unlabeled
0xd843caef384250406a69e173e1761709db1e9fc7,Unlabeled
0xca7a70201a979dde657e454d15a72f5fd4566349,Unlabeled
0x022021f999561dff71794750089f2efc909b6c0a,Unlabeled
0x001a3fbd153a516886bb749441779a517520e5cf,Unlabeled
0xd84b4436b6aba0fa348c5cf35b4682448e94724a,Unlabeled
0x8af69e89dea6b06b75f1d55e2c88487289971a27,Unlabeled
0x031264bc787e4bef2b4c17c6866a29aefe1a6c16,Unlabeled
0xbf74abac6b0a4725f86bfbc3f3c78c9975b62578,Unlabeled
0x6487986a78b126538746937fbd25516971129b3a,Unlabeled
0xc9aa3955d167b4177efdaec08cdf51a41fb03066,Unlabeled
0x8a46b5dd6e1aa09619245ff386cff5a624cddddb,Unlabeled
0x1522900b6dafac587d499a862861c0869be6e428,Other-labeled
0xd4f480965d2347d421f1bec7f545682e5ec2151d,Unlabeled
0xfd9238dcd679316c6a95c08490e049fcaa9c979e,Unlabeled
0xd01d3eeaf936045dbfde33ef7a75b195246d4053,Unlabeled
0xbd7e89e2861a1c2a797e13d1a08ec0b2ae52eeec,Unlabeled
0xb1bca7d9d433f33af5b43784ba631e5d2ec0df2c,Unlabeled
0xc6a3815220feabc4ce8f77f46cb387e0593ca2c9,Unlabeled
0x5c24d14c53d543152a93e821059ab49d5bcd48e6,Unlabeled
0xd20c024560cca40288c05bab650ac087ae9b0f6e,Unlabeled
0x920227cd5692ceee6823f14be24674564e10bd8b,Unlabeled
0x7062f0a25de4be9184dedf44879a235c32580d98,Unlabeled
0x3901ef0b1e3980e7d055862c7500c49b40e5ac19,Unlabeled
0xad6cea45f98444a922a2b4fe96b8c90f0862d2f4,Unlabeled
0x112c147e44bb711842a4248759df80f6c075e333,Unlabeled
0x9feb14f59c13ae5c824134f2b6ee640c85d9ffb8,Unlabeled
0x4c50ddd0116dedfad112cc56f01e69be066e8185,Unlabeled
0x9ab69f0fae6ad3aec3ee2f371b4760cef90ef640,Unlabeled
0xdbd44969c57d4fd18adb7c3ee1e11bec1429b740,Unlabeled
0xe7ad4103852a30b7ba72a25c8f74259d6296e186,Unlabeled
0x9b0c70e533b29ee545a61ffc3385931354b7c056,Unlabeled
0xbfd16113f6ae9a09cb7b75e9ad49a24160258f3b,Unlabeled
0x193a89783b664e790fc559deacc028e531e9c0dd,Unlabeled
0xcaa8686bd419fb3205936a54a5fb65165e117a5d,Unlabeled
0x6516aba152415bb757a7143825fe8509dedbb89b,Unlabeled
0x4e31ab7e48ad1040b805aab4478f4d6822d949e5,Unlabeled
0x2f49615a6fed8395bc064adc00f24dd3feb906c4,Unlabeled
0xf4657b968943c5896d9b4ed61cd868ef102e27dc,Unlabeled
0xa8997cfacced0e777ae5dd962cc170ca160d2601,Unlabeled
0x188204d5b7dfa71a0138348320aec1b11fee611b,Unlabeled
0x4d5fa1839aed8dce51c5fe3bc23f4fc08e02702e,Unlabeled
0x231316d003ff8d2e2aab000eb03c034e727a17a3,Unlabeled
0x34a9100844b77c1ed6552e73b0ee2ca32c154f36,Unlabeled
0x41a76943c1b7c14e4c764b5972671c7fff58402a,Unlabeled
0x3fd471fc4ba1496aa7b28f7b967613fd3324c44c,Unlabeled
0x822935fb6a0c51ea8d555adf4111e842b01a2827,Unlabeled
0x3563015e9f5694afe5d8cd86233f77557da704cc,Unlabeled
0xe3507cc5e7af3dedb4cb86e9d553564a4ed69c82,Unlabeled
0x39e3094452d0084cef4a06a3fecded69597c5f0b,Unlabeled
0x8db3cfb3567c2ad103073a1d3ac20156b3cd1286,Unlabeled
0x8652767d52054d2cd29343369b19ba357f46869d,Unlabeled
0x9f1d7afdbb0eef31d9fa306fef01c44e09bff4d2,Unlabeled
0xd6f31c5e32ee78a257a32cb6469bab3f9fbd7561,Unlabeled
0x97f6c979df4b59cc2a1feacf98885c8805699e64,Unlabeled
0xe1197d1cc794d3e2108a78f71d9a00099ab6f8cc,Unlabeled
0x72f002e3332ab46a90ea2ef6238a083938519083,Unlabeled
0xa15637b5fdec899177af9ebe1f9db9a7e265b4a0,Unlabeled
0x5e4206b6aa6e919b2bc6e813ea0ffb9b3c8ac042,Unlabeled
0xd98dcc0182ae7048e922c20ce8080da2380d8748,Unlabeled
0x7e9cc8fb092a11caac82af582da7dbe4152560d9,Unlabeled
0x6f915c68823737c0bd3282ba6e0030c89ca08c03,Unlabeled
0x28f9b2c0576466db159d3d455a9b0da0bed3d36c,Unlabeled
0xaa9b469eeae71fd42c3f42996bd0cc27792273f1,Unlabeled
0x03aeff8d9182a2519a5a182c0924b9348a637ba5,Unlabeled
0x7c89e30055afbd0f004146baa4bf0708a0d74fcd,Unlabeled
0xcc9f79020449ba2fb2f1717d31ad16b18b8bd19e,Unlabeled
0x6bdfbffe6590176f7ac8d1959e12fd989987b064,Unlabeled
0x1651048d2be1c2927c511f775e78fb45f6ad9717,Unlabeled
0x88cc0800464fcef3e643a369e8a0532990995eee,Unlabeled
0xb01f8f528702d411d24c9bb8cc0e2fff779ec013,Unlabeled
0x355627b9168053c0f1ed45cb2cec97b9d5f3ce46,Unlabeled
0xc7200a58b7cbfeeae1d3c60e3621e606992dcac9,Unlabeled
0xf16ac7b985c8fe3bc689b3d6eddf0c3762f3c830,Unlabeled
0x0000000000d8244d1f199db6dfe2d50351320b20,Unlabeled
0x35189a34c83162d4a41dda0bed6c9384a0b44db1,Unlabeled
0x1857c85d7808d41462f0f7ce531a1896800be5c0,Unlabeled
0x89aa01dd175e6c3765b2347e374b33bd6311e9a4,Unlabeled
0xeb21c5aee6564360020ecf2940c31a5dfac8db96,Unlabeled
0xf97d3e5b6e99d87c344e3392bc9f80e718115d26,Unlabeled
0x9337af5d25094022882394702c7cf4b376882215,Unlabeled
0x9337cb5d58ca7c9676ba0af9c8f18dff236f2215,Unlabeled
0xc375300f16ca7178692c78c9b9e3f3aba53486ac,Unlabeled
0x60030d523a80488e4c5d669e6608022caba471d9,Unlabeled
0x73975f92c0d594a8872bd329c46d0a8476867f96,Unlabeled
0x00c600b30fb0400701010f4b080409018b9006e0,Unlabeled
0x92d120b1a8689513c25077aa0033313f89b55c5f,Unlabeled
0xaab7d23b1fc9f3beea4c967dd3e8a4766e5328a1,Unlabeled
0xc5d7f3a021ee67524bf0dbf684da8e8701e4d206,Unlabeled
0xd68a0e43328e9a3a9a738c7a5448cb6937282cc8,Unlabeled
0x673e0604496d11c00041bf304e6d778383b87f89,Unlabeled
0x59bf954141e918e945e4587f6a9fe3472175adee,Unlabeled
0x8e9748d25bf656c3a356e942a79bea7e8e821a58,Unlabeled
0x9bd44cee914b06f1c2bb760fa2ff217303881773,Unlabeled
0xa72005bf0a345875504c3c92a239f2003bf2279f,Unlabeled
0xf62304dbb23275ae07c6b5af8c7364cf3784ba7d,Unlabeled
0x564b2064ba7ff4ca1d98f441d1ea7fd612810e11,Unlabeled
0xaa9c5767dd2c4c5088d88a6e88f90ed0277c1e81,Unlabeled
0x79608eba8a684037d618bb1990dec27c499e9498,Unlabeled
0x5ef0050e12f5e1b8ef273bde810c49e3da67d042,Unlabeled
0x47696998b2c972f6f7d60d2cfcc3e79eacb1b793,Unlabeled
0x22199ab403c0bc7c0e9cb730f938081d463669d7,Unlabeled
0xceb066f2e8e0a19ff8eafc3f9b5b51b6085ec8ed,Unlabeled
0x2a869fa80a2ae9090449bc599be3529329833b73,Unlabeled
0x1cb77aea5eac531a9d956a17c3aa40ad1dccb17c,Unlabeled
0xf89b3ad23d2358a3f5c92b8b7c8a74f5b90e296b,Unlabeled
0x2101aa08b64215f5ba4f257ec3b469c151b22d51,Unlabeled
0xad43c70170989d46817a0089f1ef425a823c0b8f,Unlabeled
0x6dd4023eaf10e70c67f7e5ec47a2d412d4a698ef,Unlabeled
0x0da2bc02e39decdabdd03c7092ba990befd5bff3,Unlabeled
0x2b4f0bf2ddef70c344752deba7c218216444d0a2,Unlabeled
0x932b084b413368ef9cfcb004049e01f27b6061ea,Unlabeled
0x9a93d62d54660f01b074851bfb9738774c80b7d2,Unlabeled
0xfe43b38ed3d50e93a8fb994c43ea703314cd65f2,Unlabeled
0x99d1fcbb8fa78ed13d7ae6843ed6f5eebf1b5185,Unlabeled
0x45a6e007c874ffc6321d6fb90eac272dd6864bfa,Unlabeled
0x6eed0e6c7e8e5b5a946c7ef04a9a920f3c185d90,Unlabeled
0x9852f44e12bb9bf6f76e72249d9e37b3eb36ce48,Unlabeled
0xe926c1c9ed42a0ad5ae1fd4ff5990b346e36f026,Unlabeled
0x1ac57db37c04844221b4c5cd757aa950c78de01d,Unlabeled
0xf37b7fb1fc7845a6586f6acd9d2938455be43fdd,Unlabeled
0xdaae749b1a22fcdb17996060166fcacb3414546b,Unlabeled
0x818acad67efa6a1b3936bd682b5a6bc9dcd864f8,Unlabeled
0x2a3c1e0087af1464b2bb8bae5ce9b67b078593f8,Unlabeled
0x058b36f5ad02166ca09819ec44af7c2322461bd4,Unlabeled
0xd8c0901c9f27c6f60fb16e3bde8fd9bfc82c4c20,Unlabeled
0x1ce50cd814aa98d918258892434b6c87febfc758,Unlabeled
0x06e6d56d19f959b0257772862d0e14c6ef363d11,Unlabeled
0xad3b67bca8935cb510c8d18bd45f0b94f54a968f,Unlabeled
0xf3b8d3c3faf31836147ae2f48f17c20f11d49584,Unlabeled
0x504f7a9b4d8f45d225e7bbbfa9e54f375bba94cd,Unlabeled
0xdc7ad61509153794f5b86d8ee290642e445f35f4,Unlabeled
0xd4669c1deef540af55ef8ce395ad8f5159bc0a8a,Unlabeled
0x249956377451ed13448d178253707223974bc112,Unlabeled
0x636858d62f2e81deb7fd563621faef1a6a14d6c5,Unlabeled
0x47c29d0079f9ef849aab33dd58a7370284f2f976,Unlabeled
0xe3f4c520aaec30ee0b68e299d6295064b25c0f90,Unlabeled
0x02c3b3e278a9e29ce36b6e4075735894594c9339,Unlabeled
0xa322235d9714ef774607e515cfb306c8cecb59b3,Unlabeled
0x1004a19e9fce5809889116525394a4c30a390da0,Unlabeled
0x94e8cd88f5a8c921fa7e3ffd9f04f3c5598dcd83,Unlabeled
0x186b26cf527d8974379f1b558a34eadc9e4972d6,Unlabeled
0x5ee84d30c7ee57f63f71c92247ff31f95e26916b,Unlabeled
0x00acd70270bd80c75ee70e5aac25e82364c4764e,Unlabeled
0x21551728d74c08aff093ef88c7768718ff07dbc5,Unlabeled
0x2d61500bfaaf2191da274e0b697b629078eb9bc2,Unlabeled
0x1baa8d01ce28af1396902782f7f10d9b889f642a,Unlabeled
0x9ac444d4338a4e4dd0092d3d910b941a4da10778,Unlabeled
0xf6d2224916ddfbbab6e6bd0d1b7034f4ae0cab18,Unlabeled
0x7538c1eabb4cda4c6cc6cf79701b5d6327912cc5,Unlabeled
0x8576d488e9b36dc38c4445528011e5a6c46cd0a0,Unlabeled
0x0b8a49d816cc709b6eadb09498030ae3416b66dc,Unlabeled
0xcf1ce13eed72b6281668ce55d415c63b8549d074,Unlabeled
0xca2b6db98fd64ab7c87a2b2fb75d97c15402ee80,Unlabeled
0x41a7f817bc60298073bb84af7cbd999c94cf402a,Unlabeled
0xeb5a3d2e0777f83bda2db13fc272e11fbcd16e67,Unlabeled
0x059abb6d30700363a7edceb795b6920d1550d69a,Unlabeled
0xdb92e6eddfbe56ea158b32de3e4b8947216cc437,Unlabeled
0xb2ec6915c59652ddcd663a3270ba0f5b4e55ab47,Unlabeled
0x8d1ce361eb68e9e05573443c407d4a3bed23b033,Other-labeled
0xf78dfc47e09c1c8117a85579283c95ed4f19086e,Unlabeled
0xe5b21beb19aa124a1d7d236c55564493ae7d58f7,Unlabeled
0x3d28a2f0737cd46007cb0c9e681dced50a1317bb,Unlabeled
0x675d8e1b5d927a660e84c9bceeea306094947438,Unlabeled
0x675897db5b3bc551128f46531cf9efcf4c13b972,Unlabeled
0xa6262f863e82b7ffe81c07cc86d7bd9acd420482,Unlabeled
0x4f233e8e4b4551788e5517b6bb849b8abb09a2e1,Unlabeled
0x730f202324064300a28e8e5ba893c0135bda5e4c,Unlabeled
0x5391d357d1a96edc7aecaebf9fcd6052e6af1597,Unlabeled
0x988a7bcfdab2879c520d743e235d7549e8c9b60d,Unlabeled
0xaf80785aa3819f4681bb883ebc64eff3ed582522,Unlabeled
0x93217fafa08d904bee307df0d58bb0b549e58f17,Unlabeled
0xd0a9f73f78c4b7dd03d045efe5dbd00e1381b51e,Unlabeled
0x4b43a07a430e1db7193565bc6e5d325ade62496c,Unlabeled
0x7d595f6ceaaddba1d043f9f88c05fe8b0634e225,Unlabeled
0xc6d51f67a8dae494620bafa91e0d0a3e4eadc0de,Unlabeled
0xd362bd47c2ad5926c422b1d6f09ba1241174b57d,Unlabeled
0xfb2115337cf1b9dbdd8324b6a4b3e7119c87a9f5,Unlabeled
0x19bd11ef513ec76bf5c8a13ac4eb00a3bfd86f82,Unlabeled
0x63e18f1391b58a78df5b7afb82b722db293359e8,Unlabeled
0x4b8348eff231d9c43d2d6f7ba004199613d4511d,Unlabeled
0x556176fdda73543cb004f78a6956fa1f3366ecb8,Unlabeled
0xf2a4bd0500932bc1129285e48d7ad2d27af97e60,Unlabeled
0xe7e276073533e4fc9d54da2a94a23f4d7302bd0e,Unlabeled
0xf52cbefad898a6c3965a9069c0b01278c9ce6a3b,Unlabeled
0xa03b22e60f72f83a5cd2f4b6d538074e1e9189ee,Unlabeled
0xcf789e7f539151b18e442dc183e7c454edfb69aa,DEX
0xf385896d0bee7e4732bbb59a6471c01f30a9dc46,Unlabeled
0x5a69bc24d3c207caddbc6d6465bdf01817e3ff73,Unlabeled
0x9d64db06d8b72116c6f72a76179076bc5074a5f9,Unlabeled
0x1d2a933a05427001b880478dd14e14e89c221661,Unlabeled
0x43b719b9c6cf849dca549765ba1af00f3dfc4ac1,Unlabeled
0xf132619dab75d696d8d69e8ae364e6acccb76cd3,Unlabeled
0x4bc8f568e8bff6a5da874dac369e8419642872ac,Unlabeled
0x56e6c7d5a83276c5090d2188b200d240976a70ad,Unlabeled
0x6ee01929451c1b03428b6ab9079665bb0597b6f7,Unlabeled
0xfd2dadfdbafa0c60bbe4ff7938facd221f8eedee,Unlabeled
0xc651eaa9dd17ffb9ad228e9584440e0e2f05728c,Unlabeled
0x76416fe30eb3e27bd562f59c2a315a23196bd32b,Unlabeled
0xbb89bf468bde543f686d3ce952238a69f81ff18b,Unlabeled
0xb55dd2c75f168e6588716a97ae9fd76ef8f0df32,Unlabeled
0xd5208bb0952b4e52015f0d4fdcad820ea4050191,Unlabeled
0x121489a95e804053ba39b98b9c1da3dca44af50f,Unlabeled
0xf002647515aa0767a8b065fcab3cdc714675b861,Unlabeled
0x2d88eed24fcbf55aa972c9a5fa0f07b4c343e54c,Unlabeled
0x7ff423f83622434edc4eb3ea8212394a115e4c76,Unlabeled
0x9305d48fe64d0d0b84c4466061361ef18f8a246b,Unlabeled
0xbc4e9145bd11528613694e36951b51aebf3b2b8e,Unlabeled
0xe8c15aad9d4cd3f59c9dfa18828b91a8b2c49596,Unlabeled
0x9f784522e601732ee92218d96638b1b1bbbd29e1,Unlabeled
0xbae17d20094ac75daf638ff62d39e5597203859f,Unlabeled
0xad038be526c17ab471581453def6e1da22fe2083,Unlabeled
0xda458dac866affcc77574182a50de980139c983a,Unlabeled
0xbe176df70e0fd37da28855dea327be71c0a07ae6,Unlabeled
0xd06807e6551ae5aaec4e9f7bac7ee28abf9ae560,Unlabeled
0xfabd1890c9b5841c3aa8c54793d0882009a08456,Unlabeled
0x56e9d4a72ccc692fcd810c717562e69303cd8ccd,Unlabeled
0xf39e82b443a77d7f65b9f2a784a47000d91583cf,Unlabeled
0x86ee92aa10bbabd5855b97a6b0bc9e4e9cc02512,Unlabeled
0xc50ff08b96dc9e6b700f2074f43bd6fe5e94ba0b,Unlabeled
0xa9ae178e966dbff350203e0b5b609803c669a3f5,Unlabeled
0x8f4f52099c2f3b42c05e3af0f25e1437fa8eee25,Unlabeled
0x1aea66ac430a675cad23085d9f7a1c45470d96b6,Unlabeled
0x7526d4ea71b54b28d08fe4d6b1837558d831a8b6,Unlabeled
0xf16001ad06f9277bc7fcb8538722c3c885e45fb1,Unlabeled
0x02566303a0e860ec66d3b79168459978b1b00c8e,Unlabeled
0x212cefaa653a3054a66862b148d9321fc248532f,Unlabeled
0x8e1e19fd5440048292242c942bed7d1bc8857fad,Unlabeled
0xaa28dca4287c3031aca048d470183bb1b42b3e17,Unlabeled
0x05f1c61ddd037d20ed8a82c171d2f3cc031c59f8,Unlabeled
0x5d40973943a65f7bc4a37784d81bd88b650693ea,Unlabeled
0x1905df333608eaf424cc26d3588a4a5a7a6d3656,Unlabeled
0xace26bf551d100056bbc97683642d95bc9d445bf,Unlabeled
0x579c2085d8b14600ec0318d082dce186cacf55f4,Unlabeled
0xe0eace0a465967072795a8c8539a22842b5344a8,Unlabeled
0x17bc52da6dee9347905213d39df0a211a3ad92f2,Unlabeled
0x1ba49c6a1e472ed0c3a33bf6341782f0ca8eebd9,Unlabeled
0xb8b3662413d35a3f2cd1ebe069873f69ce5cfa8b,DEX
0x0f9f949a30b97c42ace87aae6f24ee2607003e37,Unlabeled
0x36cde5ce6dac7866ab8510cbb7fe993fa667def2,Unlabeled
0x2144aad812834e1ca68f8bb5d30f2462fd37d732,Unlabeled
0x14cbe84cd2606c98acaee728fc1063bbf5ea8113,Unlabeled
0x4637ac1282a183dcc2e254543437fb6f95bf959e,Unlabeled
0x83dccf933f00c3ea9cc62440351a7e080d2f302c,Unlabeled
0x92183ba312f2e63a5ee0ef1b800e20890395cb17,Unlabeled
0xccc05c6fcb64f9df55ca99ddeb75695f5d0e525b,Unlabeled
0x0fedd3f2c2154be510d88e6a54e5966b9c6297d2,Unlabeled
0x6e3c00a1ddc5dce205ca1f0a48b00d81866b0b25,Unlabeled
0xc22cc212528162dbf0ff8091c33bafdb7fc67015,Unlabeled
0x89fe9e885c32b6097fe0f8d6cd651734e44625a2,Unlabeled
0x8a0c0baaee731e5500c238b092f5f84551c1df59,Unlabeled
0xaa79bbecc7fe39b3bb768896e7c2e90ecf9bf01e,Unlabeled
0xa0da9ddb439314fae327a0b7c3f2bf6a2804820c,Unlabeled
0x6c4309d6c9e65e77bddedb9f27d2fb2e28442e0a,Unlabeled
0x7bb9ca48f2eb32635b2d47996b2fdfa9708e7834,Unlabeled
0x9642f22866bcb50460e38ab8fa2eb53a8b806676,Unlabeled
0x84684af29f87a5efabc27ca0d72eb631c365b99d,Unlabeled
0x8b5f6cd6f69915b9fd9b61dfb92117a1a73346b2,Unlabeled
0xce62aa2fe0bfd82b7ec3457ffb746df396b818eb,Unlabeled
0x30eb99cf7e7edbf4acea6b2bf49098118eead559,Unlabeled
0x0f6481bd1d57d9b0a864ec5ee22e5cd032a6803a,Unlabeled
0x2428653f6e3da441d274bd952b2ffe0d7d1324ae,Unlabeled
0xd2e39232e6adaa738f06c5a967b28053d84570eb,Unlabeled
0x199d2e7697b2d9aa035e6075f626cd77046185c0,Unlabeled
0x27bffb0f09c18539f9a47a39958bb149fe42a155,Unlabeled
0x8b50644affc6d14112c5d88583cba3909d7d46b2,Unlabeled
0x30ad7873a9e4d744f1f938365f4c158170fd2fd8,Unlabeled
0xdb204a4ace9a349067e0e1d637f2f03f14bb1d1f,Unlabeled
0x68e2be7949e5f3bde7d56767440d62997bed97a2,Unlabeled
0x3c7201f61c491ae4772138fe150008d546c450d9,Unlabeled
0xa423dedb62ebbf657f55b6ef074ce04e2a2fb1a8,Unlabeled
0xc329c0b185f5ea422e13fe6127013ef124ee0c35,Unlabeled
0xee851afcbf60d569642c26b0ec03729ccd244a47,Unlabeled
0x80b4a27276d0c9cce34bf984877c5c9ed5982a9f,Unlabeled
0xb94bec28654db2b0ff78da891e2dad9ee2e44c70,Unlabeled
0x69a04f820fe5e0f3635069650081755c136c2a86,Unlabeled
0x14c3dbad32d65745cbd71194616b78748271916c,Unlabeled
0x24b575453139563f2d960e10a56fa0431d38407d,Unlabeled
0xae69a6a995eeb7b7b0349359ef29aa51548869bd,Unlabeled
0xa5b6d2b67b2b4a0916f5322c42583e9c968a4744,Unlabeled
0x123590ceac3ae80ef9ff9f1d82693258c91831e1,Unlabeled
0x377b8ce04761754e8ac153b47805a9cf6b190873,Unlabeled
0x704a288b17f739690f5248659f941da0e68dca95,Unlabeled
0x233196f120590f5c3290f730ec06a28ec46adff2,Unlabeled
0x1616b057f8a89955d4a4f9fd9eb10289ac0e44a1,Unlabeled
0x213c9ece76a981ed6c16cad47beaa0000c20eca0,Unlabeled
0xfceaa082356683144aba81ab38e3b4a5a16849ec,Unlabeled
0x9a7e9ad94a91ef4e0176fa8c848ddf355f122bf3,Unlabeled
0x1d6296c43a5561443ba162a2e9b1600da7a5f01f,Unlabeled
0x5af9c2fa70772c2aed831d9dc55dcb7efcc62eb3,Unlabeled
0xc132626767e8e7f8476971efb5d91ab4e8f5067e,Unlabeled
0xfad4c8f1e71e4c56b87733bd916ff7cff46c6c29,Unlabeled
0x3b3311cf363e6f1b3ee72850a986a8024153b303,Unlabeled
0xfb1818e98758e7834e8d7232fb27de87dd51ab2c,Unlabeled
0xc1af6f33498692e230b3e6f31a73aeaf0ad0ca3c,Unlabeled
0x8bb510a3860e0ad2a0f2794a90cbf14b1b85a2f0,Unlabeled
0x9a1a4f2513a4242c381a718459b1cab1088a9302,Unlabeled
0xa9c61fe59b5702b1d382fd1d5e495887ff34c21d,Unlabeled
0x74ee6ac9ebbce3378c60dee458d84a1d527473ca,Unlabeled
0xaea6291cb48d9675b120f74e2f0b0de01db47a00,Unlabeled
0x2f44429691ff55b722be52f7401c46c3458a72f8,Unlabeled
0xccc0040728653d1efbe321f832cb2c9aa47e525b,Unlabeled
0xef90d9c9e9c411a87fbd80cac64b582da0aa266e,Unlabeled
0x494fabe8cd9c1977133161ba6bc93e0f65b03e93,Unlabeled
0x78378848243c3a47949edfa0ff7f56c891f52780,Unlabeled
0xd2dd7b597fd2435b6db61ddf48544fd931e6869f,Unlabeled
0xac4b9e4f054fc4b8f215f65a88c75b6f23fef154,Unlabeled
0x365422cf70b9346d2513304229b72b49397e0c79,Unlabeled
0x48173e824e22359952ce2e5301872416930f6d6c,Unlabeled
0x9642905c467cd8640681b97881371d85f2226676,Unlabeled
0x21d9a0da8dd9ea90018523241d0f41a66298b1f0,Unlabeled
0xfc6b979392330eda019d062da28aa7bbee623c55,Unlabeled
0x3c6e160bf12c814b5c8eadac3e9973dd5b75990f,Unlabeled
0x7f030dded85c2672a84b3b33528f57babbdcf7e4,Unlabeled
0x100ae042ef0ea159ecc3513e9a378ff21f3829ba,Unlabeled
0x96420b85d28f94b51932fa6e665e1057ddbc6676,Unlabeled
0x95b05880710836270a87334f38d584e468ccbf9f,Unlabeled
0x88b3afc38fd26bf422c2510fb2c377f74a6a9583,Unlabeled
0x2b17de3a8f26f6a80b3b82617a81da92aea2c6ef,Unlabeled
0x4048fc90b644db1f4da073b9e38237a473e33afd,Unlabeled
0x2a88278bddd2ec629f59356be7d7b7cd0359dadf,Unlabeled
0x051724c6d9b0f3fceecf75223548c44a98c211c3,Unlabeled
0x410dc9d7e7ebe6d8248636916e58543136f783ac,Unlabeled
0x9d389d3c1e6a84f743116ee8e9d0163a3d4d0b23,Unlabeled
0xf81b45b1663b7ea8716c74796d99bbe4ea26f488,Unlabeled
0x71bf0962de954cf68ddf43caa9a25c128aacc652,Unlabeled
0xa30d503e9c40380a5808ee921e20837e39686346,Unlabeled
0x685635016292ce87f4069ab74f3930c764c08aca,Unlabeled
0xf3ca5b04f27129d8af7961ae343074cd0f3cdde9,Unlabeled
0x47a0b4fa5711e22dd11c7893f373c5ee0d48c151,Unlabeled
0xc89cd4b9b4d2ec9b1ff4a6d7d5e2dd361d7eb370,Unlabeled
0xd123b746c3944b61c685d259fe71938a75bd4446,Unlabeled
0x63cbd5177fa4831190c60b7268cf47c7f2ad462d,Unlabeled
0xd61b222ddb5136c67f947b6df921e148acb07b99,Unlabeled
0xa7a2097ce4bebe471008adf0241b64f50f930405,Unlabeled
0x11337298a75694f95edb889f7a04e40b8b95103d,Unlabeled
0x2cfe4c7e904f91743c0d07077af13d052b4decd9,Unlabeled
0xc1ff2df9e50ac25f85b45da774d8d2bde16c517f,Unlabeled
0x1c55bc3435f130eda083f97d2592fd92b0ee2321,Unlabeled
0x4da4dcae485d4dbbede680639dacf7d3eb808070,Unlabeled
0x7837e5059422788b1bf8f80f47d70131f0402780,Unlabeled
0x8dab586a9bfcb6ef0e115fc308da8d6184f1deb1,Unlabeled
0x897e82535244da8eb4e05cda4aa154e06bc5d423,Unlabeled
0x5f65f7b609678448494de4c87521cdf6cef1e932,Other-labeled
0x400c7f21176ddbf0c06106821f2cda1bcd0ebeb0,Unlabeled
0x467501375920a62dc678e48419018aa558a9bc13,Unlabeled
0xbe50139ccf496a6608539cd6cb6b5e09fd085368,Unlabeled
0x005bd0f4cc6a6d80f3cd4f18d3670aa920e793ab,Unlabeled
0xd5ceb87226b5b5fb9e40fe5f103f1775890e32c0,Unlabeled
0xfb640043c7e62560afb299f0a82d67fccf2b989c,Unlabeled
0x7ce672223ca12c990f179034645bdf8348472442,Unlabeled
0x6b9cbf308cdfd1ccf82fb6fb369010f780ef8b9a,Unlabeled
0x626afb985e5d32608d809dc2585c4e1d50e99d16,Unlabeled
0xf388fcda43530b887a4d4bcd1edd1dc235d4cf29,Unlabeled
0x5a8801a09ee678efe98e1dfbdcace166a9311097,Unlabeled
0x6e5963b24afcdd7a9b8ede7f1df41791d813fa33,Unlabeled
0xb2022c19e3e5b85c966fc1ccbc62b1c4db38f5ed,Unlabeled
0x0eac96bbdaafea95bc8a277ca43f90b61c814a80,Unlabeled
0xaceb9192eea1f7efad163b749f13b3222a323926,Unlabeled
0x32aea3bd119af24f257039079d542a6e2ffca418,Unlabeled
0x279812432e5d750b58cbf2acca94de93651947bf,Unlabeled
0x873dc97f6bcd978890d9e9192019d6e2f89b188b,Unlabeled
0xd679e4baa3088e68a679e46d3385c59761914c47,Unlabeled
0x5631269710f9dc0592c709ad45d83b8effe51773,Unlabeled
0xbf7d67abde9d409819d595bcf45825a968d5c17c,Unlabeled
0xaa873c9da6541f13c89416c17271b4c21bf7b2d7,Unlabeled
0x047256aaea55cd47a40047ffda4c1619abfdc15f,Unlabeled
0xa1f114a58f5030841d9270b5d1b12ba0e0dd1fc3,Unlabeled
0x6da32252c8ba7b943e5bceb7bc07066459cfe497,Unlabeled
0x342f449bf4fdc62c511215d2ab195e2adb984e40,Unlabeled
0x370c0c4f3f57ec405af2afa0cabf98a8c96471b3,Unlabeled
0x56eca33d6c71f1b62972be626ccff6777739471a,Unlabeled
0xd367e507282cd1b461891bd86051f4cb6d10069b,Unlabeled
0x4c27d34b1477cc7726055ba758fe8f2bf61e7081,Unlabeled
0xbbf28808e3beef755b606ad48e4bb80028e20393,Unlabeled
0xe0e24ead116491030415cda9717fee97ec6a5e7a,Unlabeled
0x7f861a7db997b4f6e5ef9954a3b5d5b29c463cb2,Unlabeled
0x9dc2f2eb768704ca32afebc751e11a7827f0ab15,Unlabeled
0xb05ba67c11fc0b92a7bcb18e50cba87ce2d15109,Unlabeled
0x4a409e0b3ffa81b6f6323157a436d719b64a46fc,Unlabeled
0xca014263fce9b62c9d521b19e59aadebc489e735,Unlabeled
0xc095e413dbdfa46be1dbac8e5fd8398e942f02d6,Unlabeled
0x36d9e58e549b9e78538ef3591389224029268466,Unlabeled
0x21551be8262814c651b098cac2418ced01c9dbc5,Unlabeled
0x1087e8cd72ac88a182c6affce26159d4463c17a8,Unlabeled
0xdd52f4c7b897ef803008456100330d472ceb9ce1,Unlabeled
0xced6731bd0a38346fe5cf3d1ca63199ff2b11c6c,Unlabeled
0xa3752af0d28549a04b2bb90c9fb5533d380c8ffa,Unlabeled
0x063b8fb3b8f5c6b517308490ae25c5ea8078cac3,Unlabeled
0x9cc072e25e951fcaef842cc8873d4d1d2137e83a,Unlabeled
0x0f7790a75e2d69b2a5b6484a7235144180c7b7cc,Unlabeled
0x057bc2b2f85840f461f297ed5ad71e47257ec078,Unlabeled
0x46e65d58d9c98e09097626c2f8c871d6da6e61f5,Unlabeled
0x4bc91573f374ba1c4e81c74a113be192a77572ac,Unlabeled
0xaa7ed8894cdaa352e02c9a0201c7b26c6bb15bba,Unlabeled
0x52f03cbed2b12ae6e6f11655d00f5f63b30eee31,Unlabeled
0x4430e249aacab926468ddd4f40a4d5b9986af06c,Unlabeled
0x42b6103aebefad22db07e105b924e570d829c6d6,Unlabeled
0x42b62c5a10511f46de54671ad7049cafe6c8c6d6,Unlabeled
0xf728acfb8aeeb9da0a2bade829cebc099c6aaa38,Unlabeled
0x5257b88db8f2b53dd886d9415bd7170396434974,Unlabeled
0x98adef6f2ac8572ec48965509d69a8dd5e8bba9d,Unlabeled
0xcde5d48fca07f9c52300d2e65632dd71ed169b90,Unlabeled
0xbb7ffe3e4c598c091a3220e1643bf59a3595c668,Unlabeled
0xfae6e003febc681b24d412f8a7184aa5f005d545,Unlabeled
0xc1814d995a5a0bf505c0d460a26ff35fe9cad5dc,Unlabeled
0x15f1bdd06422b1aa429debaed7351a5fe21d2eaf,Unlabeled
0xe8a7721e760006c0f766fbdfb3da35ca339de0af,Unlabeled
0x827c271dd603980b7fc1e2e62f5c031a523e2f02,Unlabeled
0x2cf8e53856731dc3db6390f21741668994634282,Unlabeled
0x4d9c472a3359b90cf4c2e76cce57c9a0e9b7829f,Unlabeled
0x97096ee52bbc71ffe3aa10de8390471960f5ba45,Unlabeled
0x7249fee668cc9264af9ecb5f4befba932dc9509b,Unlabeled
0x85f9759669cb2e95e72d3ac6892984b765871cc5,Unlabeled
0x2d1034fc0d072fe0283fda9be0ad2aff3d249c88,Unlabeled
0xb8001c3ec9aa1985f6c747e25c28324e4a361ec1,Unlabeled
0xf9a94f5f61d44ab5ce1e8021cd14dc1ee9454133,Unlabeled
0xfdab6c334b29ed6610e5e47056331427d110c9cd,Unlabeled
0x6a777e0107dec3d5393aa5a42d940a921a1e8440,Unlabeled
0x0fa85e20d9103d818582867aaf1e7a09699f59b1,Unlabeled
0x6ac2bd71e6ff0d1aeaeeacb24aea73ddad4d102f,Unlabeled
0x0fd4e462a8fdcfe5fe90d11eeea67d8302e10811,Unlabeled
0xd5e2060ca5f3ed905f0c8919649c2aa17e06fd99,Unlabeled
0x18531784427df46ce82701ac643fa291f5e351d8,Unlabeled
0x111015a32160d9f1e1d0271b92ec5dd48b084b6b,Unlabeled
0xb87a0030f84b2a33778b3c44b0d363e3627a3d9c,Unlabeled
0x3a1d88f6279e8c1c219dfede34e0de776321b341,Unlabeled
0x25e5674a2d1d9756960e9fdcd4e37f87eccac03a,Unlabeled
0x51ee55c19d4f6313f3c61f3362bc0208c85bdc92,Unlabeled
0x2f676cd67bd3dac1b075707bce907974f72569f4,Unlabeled
0xf9c91937737ccafe9bbb662b1917b54f9606ca13,Other-labeled
0xf664a1d60a3388412dce6afe11667deb5bf783d6,Unlabeled
0xf6648278849f3615c93e712521cd2562464383d6,Unlabeled
0xb8e6d31e7b212b2b7250ee9c26c56cebbfbe6b23,CEX
0x653464a8f34097a689179f3fa4e39d50256e911b,Unlabeled
0xe0f3e36dbdfa9696b7bcb0d3313522a0bb28d5f4,Unlabeled
0x18ec285a48499a67a35bf38ecfa17542e94c603a,Unlabeled
0xc611693c6b13c8dafb41b3e31c3cf08d2997072f,Unlabeled
0x784ea41ef686b37cb0434c2dc3ff6f1010c5b4a9,Unlabeled
0x3fe50a144fb65ae58803ae508f27360321607cba,Unlabeled
0x147cf09e7373b8fda6f12021f1b0f98d6da1a566,Unlabeled
0x42db00e3c263142893573a7f51ae2e5ebf38adfb,Unlabeled
0x9009bb1a608ae0ba32b00b8baeaee7de57528893,Unlabeled
0x96bc7da76fcbfb4e138bd177cbfde76d1b2b603a,Unlabeled
0x33e8148b068e4234f275037030ea54664217b51c,Unlabeled
0xc615c662102ea51d42e0f5b4e271383c17cb11cb,Unlabeled
0x2d883c49217e570c992cd6b114a3e82cd186e54c,Unlabeled
0xaa198815bc78204e02b119c24233ff2de76a36a9,Unlabeled
0xef13101c5bbd737cfb2bf00bbd38c626ad6952f7,Unlabeled
0x4e4e097c8c3ae36f93a956567dd0f8d0459827a0,Unlabeled
0xd52055a39a3d2f7505c739f981f296ea31b50191,Unlabeled
0xb35aaf7a4bc07b5b4d4d1796969080d7e19e0895,Unlabeled
0x16a98a586a7fce106a849c0ae7542330e2becede,Unlabeled
0xa4b98ee1606f3648069fd3de26611a7ba88e56d7,Unlabeled
0x4d2d5b537d5a4e9bbe1bcaf08baa56449caf89a6,Unlabeled
0xe7d8ae1e5b1e1beda18ec57dd23416605b56333e,Unlabeled
0xbd41a171bc82475eb5bc721edda7cb2ff9c74f66,Unlabeled
0x6cae8e577235eeb56bd7f5114802de80b3b3fbbb,Unlabeled
0xdeb80b9edc3ea96027f29fb9e7f9b5e2289e6146,Unlabeled
0x0ad34255641fd77a6b9397882a81cd0165582ef4,Unlabeled
0xbe6822e6c6050942145e9009044f1343ecc46fba,Unlabeled
0x9450565de4d9caf835e418dc9f0ba0b0c629f979,Unlabeled
0x6bc83e3d4ebab2b1a56e8f071643088e0a5f8cb6,Unlabeled
0x0713095007cad611702d8dc2ac3f33b89b96588c,Unlabeled
0x2c07bea52e71ca4db11259a65bbd5943e8180ac5,Unlabeled
0x2a9bbb06d173c86d0687d29a33b6d0b8849f15a9,Unlabeled
0x8ff0e998c3117e152f933ffa18142ec8bd2eb4ae,Unlabeled
0xfe71e7f57e2375cae149898ffa472e05b77a76de,Unlabeled
0x9957eec8f2d0cc77167d616e577998edec8f668e,Unlabeled
0x2c5d5b3db7e581838e4145d345192daab1d5b987,Unlabeled
0xf91349778a316c12c87a2a87fbb756341133ea64,Unlabeled
0xa89cbf6910c9f875098684d426c1fdf2e6359594,Unlabeled
0x4a22456036999e4fc5003a9c7a81fd26adf7c55a,Unlabeled
0x793f5aa908a9b84a36bbce0afcb90368487b2fb5,Unlabeled
0x66418e495cfc2a88ced6105f353a8dd8dc8505fe,Unlabeled
0x9a6a7ed9cc473d7f00831004b1e257c736abd314,Unlabeled
0x69631e9b741c09838c412e86338c4eb6cbe1633d,Unlabeled
0x7d591a4540b7192dab3a163f3b34f31156950890,Unlabeled
0xc3e72ed3109d3076bf99e97cff0745fa1aa2bf4f,Unlabeled
0x0d859da18d7c420348913ad69c7b61a7253d92f9,Unlabeled
0x13f27352234fafd2573e8d367a9bc3adff3de7d5,Unlabeled
0x4c048a6cb5f868bf862e6826d150450abd17aca9,Unlabeled
0x49ef99dc5a04ca864c90ada076b771f11f72c227,Unlabeled
0x22f08491184f37ade8e71006eaa07906ea3e8b08,Unlabeled
0x26d83b350b522df5dfbc0aa2c18c0afd40a84141,Unlabeled
0xf584f8728b874a6a5c7a8d4d387c9aae9172d621,Other-labeled
0x4de6d85e66f3e717a053a018016c328b4cf4c5a7,Unlabeled
0x6534156e181de8223b7e020de60a92a57677911b,Unlabeled
0x380c64db2109973f1bb5fcd86c7cc03e620995ef,Unlabeled
0xf440139a62b2b939699c5b3e09f88e40464ab9bc,Unlabeled
0x9431428136995dce25550fa12c7fe06b531fdd76,Unlabeled
0x149dcdb2a545725a1690561c171afef2a6db9ae8,Unlabeled
0x7cb086ed4b6993edd4cad69983ccd012eb0562ee,Unlabeled
0xc37362927fe05aba72c533e23f97781ebb0877b7,Unlabeled
0xc6f5892475108a4b403c998ed510e1717d1af98e,Unlabeled
0x240dfe3dcd4c1636b2b43f3712a9b0f2f36984b2,Unlabeled
0x8e88397a6a4ca2bb9b8abae37d404b4ffb938684,Unlabeled
0x8665aa4b4ad098a1be35b1d18e4295aeb9e6c4f8,Unlabeled
0x7d1555c4c8114bcaa2a28e658afefd0d6b0295af,Unlabeled
0x2c7014f49ebeaa5d6c1feefd20f77de5a41058dd,Unlabeled
0xafa5a948708af07c05f28efbaab7f187729fce08,Unlabeled
0x83a925334279d553358535e2d2298ac6406cd0b6,Unlabeled
0xe31d3610bdb4a60db28a0b566b7579ff560cad27,Unlabeled
0xe7f1c19c6535b42351561b8fa4c8b43098952cf1,Unlabeled
0x6b3d7fc80479fa864986a513e5cef2cbcb0420b8,Unlabeled
0x5639d3de8f1234dc78d42cce9df14ea099cee354,Unlabeled
0x71b4668ed4dab0dd3c794cebd20710de3cbf6d73,Unlabeled
0x5fd709041991220247e72d2181b7e3bd44037fde,Unlabeled
0xb1b5a1be623703bb2265c433a2467c6e8ca02f0e,Unlabeled
0x4b91080d20c7a2361e02415989bb20ab23639995,Unlabeled
0xa1cf48b8418d9433deb819f4642d6a02c440efda,Unlabeled
0xd8f98487cbcf6f8fa8e3f480f032c5f8a5b895d8,Unlabeled
0x8235d8556e0b80bc707be551c7ca0428df8d8ad3,Unlabeled
0x6824bc01b7740cf4157efb29c7157bab979d96a9,Unlabeled
0x517300a2475ac4367057082486c6b291ea798426,Unlabeled
0xc60a6b448df64691544e5e2bdcdb841ed6188fde,Unlabeled
0xa49d0f1b7280573573b99171eb6021d3072ea7f5,Unlabeled
0x4ed95a91d23b93c80c3b9a399643db81abc36fc7,Unlabeled
0x5c8455f7df92f4881aafeaeb89575f58c77d915a,Unlabeled
0xc220ba50d3c9a91cfa55cee4c764c2464619eec7,Unlabeled
0x1f9840a85d5af5bf1d1762f925bdaddc4201f984,DEX
0x1e63e78fdb4995a9237bd2ecb3110ca97223c1aa,Unlabeled
0xe44dce696b31498cd3ab3a39deaa705cfe71c1ff,Unlabeled
0x6ea08ca8f313d860808ef7431fc72c6fbcf4a72d,Unlabeled
0x42cd656c4ebd0fa1d3bd1da67c4a7b1552967551,Unlabeled
0x8afd8542540a2c5ce26d01ac3ae6cc1e9c32568f,Unlabeled
0xcea110655e959840a48a5aeb54d0393b1b8859e6,Unlabeled
0xf4c41ba26e8dc3c78abbe9fcdfde25678e982dd1,Unlabeled
0x2a17d41a2a64d41a2333970f05e8348c6e44b0af,Unlabeled
0xd9eb1bb96c8c520fb41afcaadd720f15a7879b5c,Unlabeled
0x34ad5c3e1f9814aa9fdf233562a6a675302e24f7,Unlabeled
0xa78b912ac6e21e6fa8fa4e17f105a50a01234b40,Unlabeled
0x119f3695dabea080eb28a77016751f8630008b37,Unlabeled
0x8ee496d59337470492240cbf8a55916f9721ece5,Unlabeled
0xdbe3da71359894d65452e048bc3f102a13549ef0,Unlabeled
0x8442075e618e39f9dbf073d2b724e235a5549577,Unlabeled
0x68617564d091e86942962f76404271d65734529a,Unlabeled
0x494f569475673a7cc639499d62f16f9d1a813e93,Unlabeled
0xa82bcc5b1942c3bf74c8eef18e1a6e0d8fafa4cb,Unlabeled
0x4079b3a9f2d164148654fdf2c00bf473a8a9c69d,Unlabeled
0x9db81551f271083cd21a34a6eff0876f90d6be64,Unlabeled
0xfcdfebef6ba1fef310e073d7f88202721915e1b6,DEX
0xb7131fc8cdc43060a6210257f537dba5fcae6aed,Unlabeled
0xcec76b253aa44ce3f1c2a673d025a02fd61bef76,Unlabeled
0x411dd239f561a5a2c564f7d7725df4ac0978fa1e,Unlabeled
0x3882f5681d3fa3c901c729bc463ffbc6de625e6d,Unlabeled
0x8f42b62d1e20168ee9c9a8e469aee3aefb72f0af,Unlabeled
0x19f23ca67b4bd53c4e64c5cd3a67d218f6aec0ec,Unlabeled
0x421028d3daf9e0fe2b62550cfb3a6d11221a30a5,Unlabeled
0x553edc24db7d9b21b879e5468dd478d60f6caf1d,Unlabeled
0x505a0338513eb23e1b8c7b1f90e30e345dceb9e0,Unlabeled
0x1ed26b9159fb86090fe5eec1d5e03b6499dbac52,Unlabeled
0x4c6fbd2bf25d2a531391e81939620aae8d965c10,Unlabeled
0x62dee4f4288ccdd7e0aacfa5690fec4270610a4f,Unlabeled
0x39f804d3da7ecc3ac0520c96a456b9eadab7dd12,Unlabeled
0x6c656b99a5622c137dd1a8ef2a654a9bf5b476e6,Unlabeled
0xbbea8f415aee7764c875fdfff1e29a9b151fc39f,Unlabeled
0xa69727b6487506e5c640d5a087f740d3aeb6c059,Unlabeled
0x6375a210aceca9dc73d336a80dc278f6ceefb8f5,Unlabeled
0x4271f894659d3192b8f8c0ce3d492974a163c2bc,Unlabeled
0x9f904b1bb77b059cac814dda94fc173a53fcde57,Unlabeled
0xfaf81e88030445159bd503662fea07a6db859fbc,Unlabeled
0xa9faa26856b2a7c7e427ed53912674e6b2b6b2f0,Unlabeled
0xf1535ec5f8ea9d699c5fce7f9a5febcf69c56b33,Unlabeled
0x88375c8760df58b16d9a5e9b80eeb3c4cc97ea76,Unlabeled
0x0042204c08aa1ab551a0f9ebf2f0c3b14461d661,Unlabeled
0x36cafa686126bea06f8c0f98899333dd44bd3088,Unlabeled
0x68dc90eba34fd5e024d994a95ca72584758321a3,Unlabeled
0xa6d79ee556494f9dd1f1cda92a0c6378c9e689f1,Unlabeled
0x5fd3d497dc2920062c66750815538afc06dd49f4,Unlabeled
0xddcd71b4636244347a203f72a93581ea0e3f43d9,Unlabeled
0x451bdb504a85a1c51b0d88b083d0042ece9f9bed,Unlabeled
0x59823a2b65f2be41189ca0d718a14bd7d3fc677f,Unlabeled
0x849b2fb7d57229492a223a8883cfc5b595800483,Unlabeled
0x0b2b174ade6239edd55527224295e70047cd51cb,Unlabeled
0xf9e0c4f312e699f3940013c9f754110a8362c3b5,Unlabeled
0x005bd3cb97b26e74c75c4995ea195ff611a993ab,Unlabeled
0x75a2cb1ca81211176240f597ddf9314899cff93d,Unlabeled
0x14a23ca804067144757996fadbb63dd1df9278b6,Unlabeled
0x90d5f0c14db0f248f863d44fdec1545152f3887f,Unlabeled
0x404de972e8138c4982ace8bdd7fc0e755de33afd,Unlabeled
0x9907b9aa6011bd45fc50d6b34847fd1875a71c4b,Unlabeled
0x72c64a4392d0c9d64f6a6f84325d063ac808356a,Unlabeled
0x7e77d66b18e877603ef23f6c4afb745ad3eb037e,Unlabeled
0x90d5481d2af6f690e9f5a12e1f9a8375f640887f,Unlabeled
0x4e73b1b30de6235d90db8f26eca1a1af2ee063e2,DEX
0x0cb958797a1715c5755d2f32f2ab1f80bc911b28,Unlabeled
0xc814578a3075dd01f8782a5794b69cb6187a263d,Unlabeled
0x0db6be63758fec26058f58a3212b2f0a24cf0f54,Unlabeled
0xcb3d2a42022741b06f9b38459e3dd1ee9a64d129,Unlabeled
0x2336caa76eb0c28597c691679988a5bcf5806e11,Unlabeled
0xa6e0e7914918b9fc8460d3f97071e9520ce1f3a8,Unlabeled
0x5c683723f59f02a38a8d2457c253c87ed3e0d037,Unlabeled
0x7833341fff5bbbac5a0bd0ca28d6d9fa7d094601,Unlabeled
0x9270b244b7401e0ef4f0af9a6a24ba8183f1db32,Unlabeled
0x5dffc17d32e6d96859494f25ba20e2d2ada6481c,Unlabeled
0xbf1ff32fab9e0623e8ff763d33919b32b08adb02,Unlabeled
0xaf1676d5b5a11a39d9d5263147fbfa4a67892514,Unlabeled
0x681878dc5abaa70d182b3e1c4d6a3fd1e16922c0,Unlabeled
0x199e67e45a99371712668306acd0b8c06f305873,Unlabeled
0x225f99aaaa914d0481ef3a0bedd8aabf1b9c4d1d,Unlabeled
0x888ce2e67c755912d8a7f6c9b4f62225b4a7f651,Unlabeled
0x8c4f68b691bdc29dece2c4e569a6cff3f042676f,Unlabeled
0x4ee3f352a4cc0dee35c7db5f008ccf840002a80f,Unlabeled
0x287ca770e9e235225e132d1ba6ea88ee4ecc89f0,Unlabeled
0x656f1e128954ff98b5247965272f4813a5d58c0d,Unlabeled
0x176149ae2655a56a46fb7344ab312e32705dc068,Unlabeled
0x70f603403797fb7f43dbd267432ccc4b0622b9cd,Unlabeled
0xdcf25a487aed2ba5e781619f5502734d05157a6b,Unlabeled
0x0354eef9c85d031bcedde6f20c12316a2adab06f,Unlabeled
0xe5f1d063f1940462cf7aaf05e48803f3d583670e,Unlabeled
0x57b1e2ff7ae27f5a04fafd554051b851dadff206,Unlabeled
0x68ad2ef2ed128d467febab945b1f28170257c974,Unlabeled
0xe2ebf2655050861f89b20f43b26062631a27fba9,Unlabeled
0xb21b8d172308436f3032aaa6f30bd7b96995fd06,Unlabeled
0xaa08ebc10bd9546c16763d583d666089604aaa7b,Unlabeled
0x9cbcd76eb3002157c9693d98a886fc6840bd3552,Unlabeled
0x565bbbcd0f93fb19c49fdb3aa4065efc918cb0a4,Unlabeled
0x26af2e73e2c4a575c51ae32afedde87f4082c9f2,Unlabeled
0xa5f91e598668040055dc861a7316e677a5b730b0,Unlabeled
0x19501d9ed96c51a2351c6bac557fd2b5216df205,Unlabeled
0xc09d257cf3f5897c95300f477e1e5919152d19db,Unlabeled
0x7d975f7efa48bc47565eaf9e937b57644a91ce59,Unlabeled
0xb205835c866e104afdb64cab5d4ccad87c5405b2,Unlabeled
0x958e83b599831a2ae886b2b4d9003f122c91ed85,Unlabeled
0xc03ce3008d7951f4c70d7767cd8559a7ca3a96d6,Unlabeled
0xfcb4ee95a6b8904f93db62365349aa1d038f48a5,Unlabeled
0xb2b99d9879dd29b4b8590087ae991eaf3808984f,Unlabeled
0x970d55cac9591a6d89c9dbb5b58f317dc0529aa0,Unlabeled
0x2e74a7f4c7bbf2c6e2587a4927c4700b550c7acd,Unlabeled
0xe5abf269f25cae7899ec02c43d99ceaad27dbaee,Unlabeled
0xb382f6e1400f67f63f423796d6fe0b7b113bbb24,Unlabeled
0x584518904e577a75e3d6f679b8daf75e54d0b4ff,Unlabeled
0x8f335bcc4080a9cd4f6ada9ea94ef6d199f53005,Unlabeled
0x25f52a52b70b069815608bbff33f1d1702ee2376,Unlabeled
0x94203b7d13ebb4c701e21d108cfbd98e0713c357,Unlabeled
0xe637ddb3bc82b2d413cb9947f128367b267d8779,Unlabeled
0xd5e2b62b3e813926620fdeba9f56716dc045fd99,Unlabeled
0x18f2130e52fabf230b012849abeaf4485b698ead,Unlabeled
0x7a389e15a5275bf1f43630ae9f764cc713673963,Unlabeled
0x89d0d236a2859f60ffffde4ef29f370f8640a3da,Unlabeled
0xee8bfd8830fe71944641c49dd715024b8e590dd7,Unlabeled
0xa78a6e5ba51399f64b23f83b91e582e870bae298,Unlabeled
0xdd9f904dae2b1f809c3350614f7fb6a6496fd23e,Unlabeled
0xbaca48bb567f60a12426629fbab005ec39fbb43a,Unlabeled
0xe277b34cd8fb809e34acd715d982aeea1f054768,Unlabeled
0xfe109192d7bc80ffe1658c301a8b60a26fb21ec5,Unlabeled
0xe2f548bca8dfd93e78c22f1e94ef6c08b6a89a22,Unlabeled
0xb6857192d4ad431842138ea324ece085e3364174,Unlabeled
0x93cc1592048ab838c605dbc56e7c2b93c4e5134e,Unlabeled
0x918f5aa094e223f586676a0fd6a21b1e9d727a67,Unlabeled
0x90c8005c38ddf0632baf335aeaa5a2a2fe0eec4f,Unlabeled
0x874abc7f21eb2216b4612b0f05604a1f96f7789e,Unlabeled
0xb3ae2a741f55a41d2d123538b4fb09a8394ecf1b,Unlabeled
0x9253777baeb4137fc13b1bda43afa8943112b88b,Unlabeled
0xeae7ff756fa15f75794e323c2bf9d6397248a4f4,Unlabeled
0x5466f678c01766969be53c793399e821c23aa59d,Unlabeled
0x1a0b93aafd0efe189b1e07dc43fd812e5f88caf4,Unlabeled
0x41aabf2afffbb95a77b29ebd862a4c2b9d789f0d,Unlabeled
0x957fe720be3c9475fbec39af0c06afa7ac1d27a1,Unlabeled
0xe9d52b42fa94ddd9eec200c20d7b9173f97add0a,Unlabeled
0x547a6b8b4d25acc3a49c962ff276085734e0c636,Unlabeled
0xc6f39b010e380fd543f49a6450194f7dd3bdef4f,Unlabeled
0x20758eb130dea779013b2b0b30ef349b16edc922,Unlabeled
0x0c501d43206b97fa4300f1b0962742b4f938f70e,Unlabeled
0x77fb357f55bef5a70d30663955f8c9f35794df0e,Unlabeled
0xd246667607029620f803db1c825399de851aef0a,Unlabeled
0xe7c15e7a14a875a4a8f26b903a0f59986b7f7303,Unlabeled
0x86e78bb7bff3e70a07cdc06fffffce4f764caef3,Unlabeled
0x8d422d1f7a602783cd5c6aecf892f3f1aa55c333,Unlabeled
0x01a20a3c2c18237dd13e71a21842572cd2a0ee0d,Unlabeled
0xf8a58a004afbb53984781bbeb0de5826c2eeb5b1,Unlabeled
0xd4627ecb405b64448ee6b07dcf860bf55590c83d,Unlabeled
0xb917ea93284a4652cba3fdee82ac605a27dc748c,Unlabeled
0x3641533256174859d596cc999d7daf35c745db49,Unlabeled
0xca514bf723f35f31a150b63c1dad8f747db495b4,Unlabeled
0x96bc6bb2eb48d7c34fdda619a153bd6ea9a1603a,Unlabeled
0xec01c918e2f700f47332ddc2d216ae9e747bd1a5,Unlabeled
0x43ec93ddd07ae993b23340a36d6d22a428d76cba,Unlabeled
0x8a833a62419d3c5c5738f524801d6769be33a0fa,Unlabeled
0x3f35381ce056f9c7c5b8fcdef63019de28ccade9,Unlabeled
0x7350d946e0c6dadf13435e370d736d8dab0ac450,Unlabeled
0x97a9a93de41997465cb31d09660298a977fd0cfc,Unlabeled
0x6e06affab0e856d478216a96e7ddcfdf163c57e6,Unlabeled
0xe692974257bbbf9bb134e2d6568dc2b46ccaae16,Unlabeled
0xde334042b48c22aac9d1eb36e0747542802083e6,Unlabeled
0xe92a2418926ecd30476aa17848bc380ea395c50a,Unlabeled
0x74dec05e5b894b0efec69cdf6316971802a2f9a1,Unlabeled
0xfd5f401e7178f9278cdc338afa59320f501467a3,Unlabeled
0x6a0416a9857de0919b8e830a527b4e737bce385f,Unlabeled
0xd12c14fa5c1cb816b81b1a5c8bc5affeba730b85,Unlabeled
0x3c76d401744ac9c988d9e965c2f05a548c8d3591,Unlabeled
0xac15c71f489b3b5ef23271c38accf8659c59ebf6,Unlabeled
0x269e8ec0e4146b561bb4e56fa26c224016aae482,Unlabeled
0x0b07cca935ef65ddeff3c0c1edd5f3847386c66c,Unlabeled
0xaa300cfab3e61337c8fe0bd47416f3f3863715d3,Unlabeled
0x415dc42197c117109e79ec1fe1e92907afeb0357,Unlabeled
0x105b75c7147e493491d8deb471e5b44fb9d3e119,Unlabeled
0x7720762f7e16ca8d4f821082bb4baf288a46a701,Unlabeled
0x4238c23d1af97d62bbe5b6a79286a2e80d716310,Unlabeled
0xcae3f07fe0e17dcd83842388f50118ede0131bab,Unlabeled
0x603206d6105217dd972e4ab30676a220ca393346,Unlabeled
0x68b3465833fb72a70ecdf485e0e4c7bd8665fc45,DEX
0xb1eeabec34694623ef2bf9427f290b93f320db05,Unlabeled
0x14d13879b4440791d2f568601bb01e3b128249c7,Unlabeled
0x06e6ef297a3976b3f31e754926016646ba653d11,Unlabeled
0x5c404170508dcefd9c4ef86835501263655526e1,Unlabeled
0x162ee257ac370ef406220135dd3efd9ad194cc29,Unlabeled
0x040d6d590f4deb5013cdfdd7cd0df46ec9fe0f3f,Unlabeled
0x87b4152f61fd300f5c806d8ad2e377c439d0adda,Unlabeled
0x743c17e6509f70dcd01d1caa09d96d99a2307773,Unlabeled
0x47930c76790c865217472f2ddb4d14c640ee450a,Unlabeled
0x76084300abe48baf8a00d90000e000a6530000c2,Unlabeled
0x3d7516395a8554cc90f4ba3b0e4159b4b3213ff6,Unlabeled
0xb872a1b680af84a98c0a2c1f1c78c7bf8d6fa7cb,Unlabeled
0xf47da8b1fd5b67040135f30defd0e03c1505984e,Unlabeled
0x21f2b2f62acfedaabf75dfc6c344b74cfb38a722,Unlabeled
0x42bf5681a3bec188d2e67e3f82f72d4df6f02585,Unlabeled
0xd2d9c936165a85f27a5a7e07afb974d022b89463,Unlabeled
0x6569925aac77d6b8bb085f31f9828ff80d5a0c44,Unlabeled
0x208e8f50d5647f0418d3476ae0c6a51b9fad6e0a,Unlabeled
0x58d0d34e835092960354e7f29749c4c555441c1c,Unlabeled
0xf88c4622d4313c97d285d105c39e96617dd7e1fe,Unlabeled
0xd8ee65121e51aa8c75a6efac74c4bbd3c439f78f,Unlabeled
0x4a2d57d669f2194fa7b5df619cba9f33ccea26bd,Unlabeled
0x4f90356dbc2286b4be8cf14738b05e3a9e9c0c7e,Unlabeled
0xb3a6d9a409cde702fb8a836deab9942e976fb256,Unlabeled
0x40b72bb73b1e9380629b205e7880fa409ae7fcc9,Unlabeled
0x5c40f33708d440a0810c9a3c53d9b8f4968a26e1,Unlabeled
0x13d6322f9d69f8df2b4e26ccbdee1586629d576a,Unlabeled
0x4f3886ccbe9b9f132b4a639aa9910447f98d3555,Unlabeled
0x7dac27168e0df85baa878dab882a35903cce9ed5,Unlabeled
0xab52f8c11e72d00d4f717a657378ef9b8bf7c2b6,Unlabeled
0xdf9c4bfaeb8df2441f084f71f8fc61ece251c02c,Unlabeled
0xe2077d6d1de07809b9688161a1dcb44a19842172,Unlabeled
0x2b290f41af8e0e6db68c0d8325394d8935d1d990,Unlabeled
0xf65733b8484c92838bd3de878241a46b2e407b1d,Unlabeled
0x0a5f5605c45d5cd89f7ef3d057d576fd37e20f01,Unlabeled
0x3afdc9bca9213a35503b077a6072f3d0d5ab0840,Unlabeled
0x77dac76a1f2d52d2d793429bc430765c88c77718,Unlabeled
0x0d38ebce3643d296d9f361935cb042cdd552a8c5,Unlabeled
0xe4bcb0a95f0c5d3321a7f063b7b7f898c225519d,Unlabeled
0x42e2064bdcfc9d897a8ab083b2149a134415c412,Unlabeled
0x8db6e2d7774b8e88fa79aeaad23a7d565813a039,Unlabeled
0xaa2087c0301dd15c14a02a70a4a88bb6936b1778,Unlabeled
0x6c9cd10a7c5bfb15e5c6a1aea045df8cc2887391,Unlabeled
0x2a744e6d3798af2ff48b9e81d5ac7c6789ddf158,Unlabeled
0x4cb557684c4fde4e24abf9c82159584dee6737eb,Unlabeled
0xbb7a6d22c4fe8f7c5655f9509a0523782728fa09,Unlabeled
0xa9cde12944325402fc4ea10cde11bc1d0e55bd6e,Unlabeled
0x640d83f4d56da0a3e9421d0bd04d3d2eb370f0c7,Unlabeled
0xcfaba3994c45aa03e479000300801ae35b39c388,Unlabeled
0x9127b98dddb36ae565235d22cafa6ee511520ee5,Unlabeled
0xee38e2d6568b0f921d216db4b8961a6520024b63,Unlabeled
0x1cd514895d6d2cf7a055e759eef145c989188907,Unlabeled
0x9e62103b31a87ec989dde89acb0fa57924ccb3cd,Unlabeled
0x58944c3727589d82aef38a1e2e6356ace3273985,Unlabeled
0x8c8d7c46219d9205f056f28fee5950ad564d7465,Unlabeled
0xa1394972fb0edf68a48412380b57639dec64643b,Unlabeled
0xf00985c5a0d7d881080b1a2a8907ec3cf125022c,Unlabeled
0x01063b4f6812097ad58b0f4c4cb7c663517ae10d,Unlabeled
0x634826fb67d4eb9633f0011fae8e23cf99acd6f0,Unlabeled
0x95d29445c8bcd1f48aa307abaf67d78eba80a9e8,Unlabeled
0x95d2fcc816e096dd907e57995ac554c6ee49a9e8,Unlabeled
0x858e070e263a3c883137d8c728cb6053dd9e64e6,Unlabeled
0x2a3dab881630d3ba56163d77dc61def26547bd93,Unlabeled
0xe68e8cc7ff772b026c062b9cc28246676d044947,Unlabeled
0xde2d78bb0100cf49eade025401ea63e63e090ca2,Unlabeled
0xb4a0dcec526fb2d912645954849763a8f2608a11,Unlabeled
0x6e32c51a33d40e22fef61ee33cd4ee1dc3ecfe2e,Unlabeled
0xa53000b2418ef5fdb3bd3245088a33700dabbf1e,Unlabeled
0xe3ecd65cf2ad2eba2aa2be1d0894753b2172abd1,Unlabeled
0x8a7f0c505e103cb9cc6ce6b46faae307a19df6b4,Unlabeled
0x7920d1f57036af5a3f1b4ee6409503760d85730e,Unlabeled
0x7d888f4a339054ae93e1e0cd9008c2a34bc7f695,Unlabeled
0x4939f3899519bc3c9f98e51a8c1b05139db3c970,Unlabeled
0x2ce9f4fc52af5498b99597141e66a4273aa74983,Unlabeled
0x7b20166f29225df2bb8b5048bec7ed00060f9630,Unlabeled
0x9b1d075ad9b7ab3aa7a46de6c85eb2a130cdad08,Unlabeled
0xaedcfb43c64fb3872ddf567de71e7dd52044557c,Unlabeled
0xb34c5963381fc13325ab4107f73b787ef9464377,Unlabeled
0x9aae7342aeaaa02fbb8bf91bb7941f062359083c,Unlabeled
0x80a939e2b4ce90b0a45f08adcc10644ed62a8a7d,Unlabeled
0x0f8d906c925983b870437a844f77c849f3e48ebe,Unlabeled
0x6954eee5b6aaec6200603bf3cb8e2175ad338ae2,Unlabeled
0x85fc8b58ceae824901b9f7ee60a5b61c5e753a74,Unlabeled
0x1185b5045c05d37a33bcb66a21daf942f32c3ea8,Unlabeled
0xfe80d158b477575c599493059fbed4e42aef960d,Unlabeled
0xa6fc099394c650c56ef95906e2027dd6559b3344,Unlabeled
0x186fbb499ec4bb8188f8021b0ed564b710696776,Unlabeled
0x5338c824003d8b24043a4bea10392819e5e4e049,Unlabeled
0xda93d36218dd39755a66f31fcc30051744e8d838,Unlabeled
0x9c1f233b554ea67c6658ae945becef2172759305,Unlabeled
0xe7b438ad9dfc98564cafdd9a7e41eb065deaa395,Unlabeled
0xef525f32ed4d6b32399874b7ffd2151977d40d6b,Unlabeled
0xc6c875e2062da9ea71fec7e743711f0ecd5f2103,Unlabeled
0x162161adc976bb772501075856784fae072f0585,Unlabeled
0x2c637051b2e227a9a400006b0f310a8463d11129,Unlabeled
0x80c15679c37d9a3dd231f5b4811916fad1c11013,Unlabeled
0x00000688768803bbd44095770895ad27ad6b0d95,Unlabeled
0xb3e182f1abf95491d46015baeb835fd4ad111826,Unlabeled
0xd7cedb1331ddae68a89d033687fcaf5debf5c765,Unlabeled
0x36c0a1cdb4af2db71610e8612c74acd20540e3c1,Unlabeled
0x326e4e34b3daeab891a777b125de2f0f3fe71c19,Unlabeled
0x8c72395fdc66fedb76d87730d396b4e018e0f8cb,Unlabeled
0x0028cd420c4e1202d9a72a36e26ac70979152952,Unlabeled
0x237d1bdcf24e2507557f73245342bd9437523140,Unlabeled
0x70828487ca8c7b1f06d1e1c7e86dc094c96911bd,Unlabeled
0x7aa28fdafddc64f38b0b3cb85e0c703e8c46fbad,Unlabeled
0x4a9f96c194ee3a9efb901c0b5324f8cda8bde5da,Unlabeled
0x520f05a5367d9ea93692fe9869fe039705158868,Unlabeled
0x6a2c0285f2cfd77920129a65408b6d89215e336c,Unlabeled
0x34e479b3dbd9f1b05cf9fff3e7bcee2630e403ad,Unlabeled
0x9d484493200e8e80ffbcc4261313a8a93a78c285,Unlabeled
0xb5f42ddbed9809305ff29c6eabcffbcaa1363eff,Unlabeled
0x305e3c8ddb57e9ace77465a792900329065e3532,Unlabeled
0x4d602c6b2ca0a3e65b49347a432e0d995b2f8174,Unlabeled
0x4d60e35e713a26924628b98e14827efe046f8174,Unlabeled
0xfdf4f71f2ec825752d2996b590c3a17d65988f24,Unlabeled
0xe7e222a7fde43e3dff38e16e5198221575f0bd0e,Unlabeled
0xb975445274b32086691143a42b2555cb276dd4c2,Unlabeled
0x999404e0a630c2a1bf3f7bfbae5c1addf893f2c4,Unlabeled
0x293db3a53809a4c912537fac825462ebf5eecc61,Unlabeled
0xcac93d01eb56223f1f13ef5625b5e320d5631313,Unlabeled
0x1a34e1e604d8a55405172c0717b17f7631d5f265,Unlabeled
0xafc76612f7fa0ce84abb885899096bf8a78a79c4,Unlabeled
0xd38b2434fa1446cbae907185e89ecbbb3d3b7dc4,Unlabeled
0xba099ceeaff02e95ef52f47bfa5742cd4b9d16bb,Unlabeled
0x66b72da284e5f7b810bf8c3b06b9dee6e2d57248,Unlabeled
0xe7610a6b8f8546949244c50b3bc45be8f618e8d3,Unlabeled
0x1f83833331f0b8f8e15a942cd3983bb3b4757fd5,Unlabeled
0x7db0db8ae944833f71d0b61d53b30bfe445237a2,Unlabeled
0x4367cbbab6c241e0bfe9ac5625578ae42852f0e6,Unlabeled
0x0281fe43455e08e5c8fb0cffce97e1fb5532f916,Unlabeled
0xc330ad58697be8429a02c19c04f820f75994f771,Unlabeled
0x0a7d3abe2846bbed2b208a47eeb1b45ebac19dc1,Unlabeled
0x2d8027e5b34d01e96bea951429103bbbc56be54c,Unlabeled
0x2d887c3cac234b97ff5be2f3d1ef29281ef5e54c,Unlabeled
0xa1764bf4f7322c14e7a8071898a662bba0578e33,Unlabeled
0x311cd6bcbe2e384dcebc995d134099239bdc0b44,Unlabeled
0x1f1dc862e8bab54abf559e666209acf7787ce664,Unlabeled
0x726e3244e2a73405ce13d82862d81e1c5dd0004e,Unlabeled
0x94de054521f0fd292abea3ad948f52eaccd36a99,Unlabeled
0x7daccdba8365fe95ed4e7156494ecaad1b3e46ea,Unlabeled
0x017272088ba6d435ec780c1066a397afb001f4ea,Unlabeled
0x6fd061c6ddccdc5858c553058d0feb7e0f33875b,Unlabeled
0x2e1c62353efb3743729e1af6c234b32cc4efaf85,Unlabeled
0xd74387d9d486074c351904b0c2b599327131f462,Unlabeled
0x326d9f47ba49bbaac279172634827483af70a601,Unlabeled
0x0cabf7893652667fd4f1770722a81310bf94dd5b,Unlabeled
0xa40817e1a11d29c982bd4d34803ba0b6fba0753d,Unlabeled
0xb916fd6e6af814f8bcd0917d3fb2acdcbe7ee228,Unlabeled
0x7dd19db3e510a1857be2ece864e84838dc32b3b3,Unlabeled
0x688f5c477deab74f80120109e0a44329ce998765,Unlabeled
0x693e5f8ff5018834d3ca0f33c7e9aad77aec8609,Unlabeled
0x56f880eef986d37ae168220e18c02ec8cb392d4a,Unlabeled
0x3ecf772cff1cb335294cf683a0ef44355e96693c,Unlabeled
0x8144493ff5637467b4d3900bcdf2687f22089dae,Unlabeled
0x99719e434ec7e5bf587599e4ca55817b3baceb8a,Unlabeled
0x6f9e50856f4c437bf6bf1ca2a59bb3f9321dc82d,Unlabeled
0xf7d69a83eee3254e346ad0c8054a49eb467cdbbe,Unlabeled
0xd80402321fbcfde16b2936d4c8f42303f5ba94ff,Unlabeled
0x5592bbc09eb109094a9a14b9344c1ca2719c4c64,Unlabeled
0xaf173da2bc4d969cbba92009963fb074158d897c,Unlabeled
0x52148693901fb27cb4d27b2b0eb5e2820873e245,Unlabeled
0x1d15eaad37f20120c67da828b2c78c75c9168a49,Unlabeled
0x67a24030938347d29a0ea64b8423f4385a8da0c5,Unlabeled
0x00042195dc445f1c3bc977a083f060e4e899e7a0,Unlabeled
0xf70a32356dde9a1e53865f51a08c24829d39ade5,Unlabeled
0x8a3de2c0cbe7e572f29255c45f740b7df374fb5f,Unlabeled
0x7606312ac631d892c4f4e564a02bca205281da40,Unlabeled
0x2781e3a43b262a35fa10fc860d85e487b9d6eae4,Unlabeled
0x4887f101df876e7eae08ce6cc5186b9905ec478e,Unlabeled
0xe0217c5d6aab8177c90eeadb02ee750326d2dd9e,Unlabeled
0x1f8db310f32d48b6180ff902ec60c586128cef47,Unlabeled
0xc10aff701af6a2ae965cf1a8f19da4846c4708f2,Unlabeled
0x1db6575a9c1b61a34a5cadbe433dea37e29ba606,Unlabeled
0x2fd2151b241914ceeccf763c79aec428e4fc0ceb,Unlabeled
0x490604028e898da5ac5444ebe64a1a0cb66eb6c5,Unlabeled
0xb4a07f9ba05edee68517f6ee43a34ee2b0dec3e3,Unlabeled
0xc8c7674bb0bfefc21868340d48f1490ba9b9b083,Unlabeled
0x9b0cb342f79b78b57ce171b4c181c6ef00698d46,Unlabeled
0x690ae9f6e1a42db82beef4f163a8ef4b15314028,Unlabeled
0x38d9978a24c5bb6401d165e704bb982119c1858c,Unlabeled
0x2670a282625a1ab608f4a98939cc061dcd780337,Unlabeled
0xdd2c13a017fb178f5ce6c2b6000fd03e05aa96b2,Unlabeled
0xf94cc9fc9a8b5a41a79683143f68de05feadd787,Unlabeled
0xafcbc40430d1cb5e9a5154447b1c180beacb0e9c,Unlabeled
0x71742954f51df98e601a6c37786018b844a9c35f,Unlabeled
0xc68b78338b3e541641f440f488e66b0bfb6d513f,Unlabeled
0x0c5c396bcadca75173f81e28b79abf78911c427b,Unlabeled
0x1d816cd4903b7e616d4dbd4d4d9eba7934046856,Unlabeled
0x6fe39f2831caf58529779efdb73341aa64df50ab,Unlabeled
0xe6026f60efc3d0e714f1b89c596aa484ffbd25c8,Unlabeled
0x000f3608dbc7104625ee49a2fe42c00ad7dbe22f,Unlabeled
0x8d8b6de2a035baa5489532c12367f2048fe66b45,Unlabeled
0xfc7a91712b1280f42b59cf3108018315ad221fe9,Unlabeled
0x2c23c04380e63961970d52e41c12d9d6cc866d54,Unlabeled
0x924de6e55f39829cf54684a012219db167315d14,Unlabeled
0xebc0bf76f55ddf6181e09f5a79ad775320f9697d,Unlabeled
0xf20cb3d4af3f23630775416d6b62df608d5a733b,Unlabeled
0xf228e505453ab81ec272912e6793226f9ad58138,Unlabeled
0x8a0f13bc13ee40831780c32ddcf3b3881eae1f66,Unlabeled
0xd848e3ed556e78bf96586db7aea8b4353b233e0d,Unlabeled
0xa8195d26a8db123de6eeb9accb3cfd940f31bcdd,Unlabeled
0x00000000000762339537bd0fd01e44f661bd8f67,Unlabeled
0x6c7e30cc11322f8a39ebaf9657dbee1cb5962936,Unlabeled
0xb4c291e7fb724ff9cac549b877f9d90576471162,Unlabeled
0x7f51c134230eb9e5aba42bc364d3d3eba26d9712,Unlabeled
0x9285ea03e1f766e40b787bdf123c4bfccee5d046,Unlabeled
0x0000000af2849306dea7ea8a107460e15b6b68a8,Unlabeled
0x329c987cbc1861c343caee22c91a0bec82dbff0a,Unlabeled
0x9974206b8892bb9d411ae78c7106097bfb5818c1,Unlabeled
0xe5d04114e8507b336b1241bc339b7aed943e1d06,Unlabeled
0xa2b83d639a6a972d238ec38d721f910bdfdffa12,Unlabeled
0xa046fdd5dd224ba5498f7821a757c4b67622db2b,Unlabeled
0xb971d6b5cfb577d4a274395c7773e3d5c354b953,Unlabeled
0x19f412612a216b9b98c13343da4eebcf2f6ec0d5,Unlabeled
0xec84caf8db5a0b3e9c282a5ff905009e611fa8ef,Unlabeled
0x322ef8f983b7e6d906cf7ff7057dd8a4d1cdc657,Unlabeled
0x0167ceeb75f42e2d1a5c397b9a9a1cdf7d650add,Unlabeled
0x49da2fafefc2ef5abaf982c3eadf59905c899e4c,Unlabeled
0x9d4c92299e45ebb17576cc451076a3a39aafb909,Unlabeled
0xaa301070448385cfaac5913a67b16c4392944a8f,Unlabeled
0xd481720e2d667792bbb31d6a4bc19afcf42fa1b5,Unlabeled
0x30bdce36a7a158ee736536ac9c324ca6c1556b35,Unlabeled
0x3c0fac948908f5fc1c960717e1e67e614b2efa9c,Unlabeled
0x95b1665a3f1cc03ada184bf83e334452fdecced7,Unlabeled
0xdf25db378676726a4c7d0754b884fe57ada8537d,Unlabeled
0x0727b3fd84d87a1b7eb21098e26aa9b3badac0cc,Unlabeled
0xb94eb04984ae1e4eb9cd89deda5b68477b27903a,Unlabeled
0x979f0d158486f2d5b02b348f198dfc9d644287d4,Unlabeled
0xf4a16ea2fb970e64171ac60bfc3bb1ff7fe77313,Unlabeled
0xf4a10ebaec0f15e70be0ef0b09011654e39c7313,Unlabeled
0xf6291f59f52a2e6398692faaef61f9280b08ff86,Unlabeled
0xcb739242627cc5944e2830e63c5d6e9624f61c95,Unlabeled
0xa3e24caaacfa78145cfec423de75cb2c822ffc8a,Unlabeled
0x940a784d3cd00416a62941fe49c1e6639166b13b,Unlabeled
0x281478dc7f6c2f92125445b59f4a450586d785fa,Unlabeled
0x7dc11b52b080d263e7b6ba3be9173e3abfc4da27,Unlabeled
0xf2bbaf9700045e41933419576bb0a07939356382,Unlabeled
0x0782bd784af15032e58908752fd6afe5bf8eadea,Unlabeled
0x6aa28e266cd3031e4b4c4309cb25f7126c8e3bb8,Unlabeled
0xc7efd590c2fb19b9b7293e98c2554904d7632344,Unlabeled
0x95414cf736d5631b178c760d12632946abcc7f39,Unlabeled
0x9be5b8a7314552fa47feb1355cd5b4adc7bb7516,Unlabeled
0x8399cd8defb78ef7a316d7bdf338245a341fe8d6,Unlabeled
0x11af70bd449152c9eafcb8f6444a7ea2299ab0b8,Unlabeled
0xa3dde4413d9c25920f3e11c1aab2aaab855d7ac0,Unlabeled
0x989140e7a04bb123db48a730683dc8525d38ac6c,Unlabeled
0x6e71d13fabbce0ef1bea0ad910ecdd5eb3e1fd62,Unlabeled
0x91c103980e789661dc7b64c2a8ef92fca265dbe4,Unlabeled
0xbf773a42af67cc1db88e57d9e8ae505f6d54d1dc,Unlabeled
0xcb9f7f2aa91299adeabcccff4d3bcbd1fe507c5d,Unlabeled
0x5c9f835a93b71ce6cb266199ef0060e277164a47,Unlabeled
0x399e015acff33159a8dbe9bc7cca534c8c114175,Unlabeled
0x872f5f8ed60e50b07ba33a830604e379bb7f8b27,Unlabeled
0x47d1622b272d99de4df3fb64d24279b3a9c02603,Unlabeled
0x5d7c98c61f627568cb9027859fba293b47f2127d,Unlabeled
0x34f33cce67c7f8567709dfda928ce34057778311,Unlabeled
0xfffd208e7f16d6ff82255a11bf9cb0706e3bd085,Unlabeled
0xde058a03e2fc683583ddb30d918c4c56dc5f280e,Unlabeled
0x33b41fe18d3a39046ad672f8a0c8c415454f629c,Unlabeled
0x78b7b754e297cc08d7bfe8570c967cdcb95907f5,Unlabeled
0x8679dae70518c4b57e45fa412edcf3f460604c46,Unlabeled
0x4b51e86848fa2fb0f30375bf88d2e56249fb9479,DEX
0x7b10486e8e6ec6662907d86d18494a98d5b5f843,Unlabeled
0x774e3cc17643464d5a985c646cf3921bd4c8fbd3,Unlabeled
0x8c463874382b7f8582ed01650f8b30a82690612f,Unlabeled
0x843ed5e2626acc3246a1e6ea4bb10aa1264344f5,Unlabeled
0x71c8933e1cae0fec66b33eebef19cece9bba5621,Unlabeled
0x3d3d50bb9ac3ac02042e65968f7cd85136ed7581,Unlabeled
0xc944c7a08c3884b2b6532a81c6e10b2d5d2ccc57,Unlabeled
0xd8413330e2cde60ee48c2223091963a4ff8afee7,Unlabeled
0xc4735be5f43f1555377af39224574a6c96bc25ab,Unlabeled
0x1761cac12f4446e21548b38713940f3a910dc068,Unlabeled
0x371b9fa9b9ea48e9f7e0e81a683393e49eb646f9,Unlabeled
0xbeb0b0623f66be8ce162ebdfa2ec543a522f4ea6,Unlabeled
0xb232ce041ac5c2f274e36da59d627b502f48d712,Unlabeled
0x3794c0980148c2488c8eef09be7bdf852d97fd29,Unlabeled
0x63670b15e563b05133c9575ee261f896b8dbd607,Unlabeled
0x65376ef99ff44ed84f8099618ae34376f138ab9d,Unlabeled
0xd50bab469764129e23a067e54f4368a08f66b5d8,Unlabeled
0x8b4301744f5f685721bb6afbc0a9ee6df0422caa,Unlabeled
0xd2e2088d2083df5ffb6a778c4a997a0df9de5296,Unlabeled
0x715b47df30f7b7c2fa9e0d023e774a300416e114,Unlabeled
0xb3bb232dad8868309fc9e2eb6cf18b263d8db7e3,Unlabeled
0xf6749c4a3079700ff4dc79d605685aea70f82fde,Unlabeled
0x2c9006eb2d59f6c6d008c10d10bc3d2c0896bb93,Unlabeled
0x1656294993cd544adc9213eedb7c2b04998cf686,Unlabeled
0x1481e58411608b2d628ef305b92b01cf4f83db70,Unlabeled
0xb265dbafa36efabc79d00f70ed140cb596be38e0,Unlabeled
0x278d858f05b94576c1e6f73285886876ff6ef8d2,Unlabeled
0x4d622829b35f49b20ad43bdfe5a11d4af24a03d5,Unlabeled
0xf8d473a39d6bf706dcfe4e01ca8f6f75b4b91ef1,Unlabeled
0x3d890a92a6ba7c7d16533b2d7a3f77ae10a23664,Unlabeled
0xb38ab3c2e96ce6bef4f75dc493ac034f89ab631f,Unlabeled
0x2bc64bb88d95e846683e1ba114c4ab9b55c63e6e,Unlabeled
0xe1dbaf5e6a058a5de83a2427bd8c36b2ffd5905f,Unlabeled
0x828ae1566824a9835acb6f565e1e9ea22bfb883a,Unlabeled
0xf361195af5769338b54296f40d36fedb35e810b3,Unlabeled
0xfcb2114c6d297997bd2b7b9988347aeb15d623f0,Unlabeled
0xca025b3457f92b30d0e07eb764cd682c3d75ae77,Unlabeled
0xe845469aae04f8823202b011a848cf199420b4c1,Unlabeled
0xc82ac23d693fc147ab3b2dd08a1f4bf862af180f,Unlabeled
0xe66baa0b612003af308d78f066bbdb9a5e00ff6c,Unlabeled
0xc5386ce1927f350d74270b16b600030ac179973d,Unlabeled
0xf3614a4393c9025b51913aee429e228f7f2110b3,Unlabeled
0x5d9f521e2c441da4cada01e1974bf23363ae4a8a,Unlabeled
0x3ac032e2b6ab7f6c166ce1568e000009824c6325,Unlabeled
0xcd6674c7a5b42c831523d3f3871c5c3b310199b7,Unlabeled
0xa92fa10860aa134e208730f317784e9b6c8e7aa1,Unlabeled
0x80787af194c33b74a811f5e5c549316269d7ee1a,Unlabeled
0x35aeb95c5af25772a1dad422db28506a05c16e73,Unlabeled
0xe249670ef8420b1dac80099018f82aec00f0ad58,Unlabeled
0xdc2dd2ebcf2b268a18d8a1834e7c02a958d72fd3,Unlabeled
0x012015ffc91529acb006730aeba8acc9b57729cf,Unlabeled
0x509908d7984b767a33e637933d25b151878d73c2,Unlabeled
0x0d48d1012b33500f7fbd0c620884c2b79b3387c1,Unlabeled
0xc80ce8c8b7f476040c2aada326ed613841a60b10,Unlabeled
0xf17894bcf94619c7658eeecd7898f788d02e77cd,Unlabeled
0x96ac3a7a51e4c9e4c4974b28e06469134293c0f8,Unlabeled
0x099c52f073dbdf45dd3049b20d64f4845428dd4f,Unlabeled
0x98a508dcfa017055a04b48f8504c88e4b7e66f64,Unlabeled
0xa023f08c70a23abc7edfc5b6b5e171d78dfc947e,Unlabeled
0x6872b6630a3afcd3117191a8403c2002e13df7de,Unlabeled
0x4edaa00e335d14238bcc2b19989c15d219e5f841,Unlabeled
0x04ebc4bad6869d4e7b1bf1125dc3f73aebe7c2e7,Unlabeled
0x129d68015f596839fd2c6159939a1152e31ae604,Unlabeled
0xe5c69ffdbd275b53684e06b44ab5abb2bae9c233,Unlabeled
0x464fc339add314932920d3e060745bd7ea3e92ad,Unlabeled
0x8665089585937e23e4da2be6fc14cc6dedca112e,Unlabeled
0xa136f5ecb9c57c230250c76f8afa8d4fd37e5c3a,Unlabeled
0xed6926b5437a951278339f151b1421866fc780ec,Unlabeled
0x950fd558f47e234a2fde23b7d61f7ccdbcb4a86f,Unlabeled
0x5733ba9fe8ec059d2b30d82b218c75b629bbfa06,Unlabeled
0x91822a7b2c4c9003923a294e88371179c474bc26,Unlabeled
0xa97acff097a548291952e637b2209ee624f3a7ef,Unlabeled
0xa97a2c4b5986e49ae763ffe3d7dee61245c6a7ef,Unlabeled
0x72acb46ce007d80579cb9d0b0b8a88eca76bd606,Unlabeled
0x13ac58bf15897df9a069cdba5f9d555bd48676fc,Unlabeled
0x6950f8f6c4c4d40254f451667a6b0267089866f4,Unlabeled
0x2a3aa6814fd93b229f175343354a89bab4cbfd9d,Unlabeled
0x8eb8a3b98659cce290402893d0123abb75e3ab28,Bridge
0x140022b7000081000001094700609300d2187dab,Unlabeled
0x55e039bc13bc906c345c22d88726131bf9a217ae,Unlabeled
0x7dafba1d69f6c01ae7567ffd7b046ca03b706f83,Unlabeled
0x88701860d0b0ec7c1d1a8641a02f7607bb85c138,Unlabeled
0x3f1f7724e25c580a05da0718974faa5d426ce04e,Unlabeled
0xd2f07d80c59d644d8b664b26984a944a8a6f9d13,Unlabeled
0x391276932b5105c2db8ee928dfd8872564d6d246,Unlabeled
0xea57a1c11c84b762d5906c635ab6c23ae7b8d5aa,Unlabeled
0x7fa67eedb13619add8a195e9a52240a055a60d6e,Unlabeled
0x22dea1beff132dca5f7aa52043e460df1fc5d0d3,Unlabeled
0x51e175b7cedbdbd35d4b0b9d82d8ebf263ff2d64,Unlabeled
0x88d8218d2714e6a7d222552caadc4daabcd0f721,Unlabeled
0x9631288f4050f7cfbf77b77f8540decf6cfc7012,Unlabeled
0xc5e84c1d77727196abfa1f0314b72935c1890a93,Unlabeled
0x7a1d1d0a40b4d48395b33500423dade330312553,Unlabeled
0x6ca69c3a25242a80b4074ea0e7c978698907ba9a,Unlabeled
0x0dd50bcc7c71ba0f431dfa3fc8f050b0ed7fbc9d,Unlabeled
0x98302921f034781bde35d2da74d49e149233485f,Unlabeled
0x57483d84305357f22e293a55bb7ddc2798352d40,Unlabeled
0x0ff0dbb8c75d7234aa8c45a7be51dbe48efea603,Unlabeled
0x6c3745d31c3e8b936ed988850ef49bc26e4bebbd,Unlabeled
0x6612da77c65bbb9b27120bb155f4069505a5e588,Unlabeled
0x1b6257cae4192e62b629efca21771be3d759183d,Unlabeled
0x18dc29ca1b75c9a07d4d8f82b5676a0b2b4725b4,Unlabeled
0x6210f90d0f3095e0a40037bcf35e885b2ba7cd31,Unlabeled
0x6d62706129ae8935850e2639bee8efa75dbf5a8c,Unlabeled
0x4278c399b8e059100612e5bb1adb479876ba47c3,Unlabeled
0xe94055ef8512a15be59bff1eec6e1ff3509c6b24,Unlabeled
0x201b24f9cb0c709f6110036c16fe5a7d68c02f28,Unlabeled
0x4bee187f94f2176cac589ea22edbe15ea1b28cd1,Unlabeled
0x3d90f66b534dd8482b181e24655a9e8265316be9,Unlabeled
0xa8b9b1c7ea976b1dd2d3fd0d863f8c71539b9c4b,Unlabeled
0xe803b10027980ca4c24d88a2c5de807465472f3f,Unlabeled
0xec9aa0a6c2372131a0502aba6188269ab52cacb5,Unlabeled
0x31dc14430af73e3d91155fd98fac4598913d089a,Unlabeled
0x52f9bfab87922eb1c352913b8c2f3b168346a85c,Unlabeled
0xba732d2f5400f893c141782e48b75f7fd8747d3b,Unlabeled
0xb6788930de2043adb670f04c7421891f54385712,Unlabeled
0xadcb3ab403bd38d4594c5514f08cb49368cc3373,Unlabeled
0xd9f72cded3ef9a59227e9275f32da3c4b7628f36,Unlabeled
0xd3376319a67b77c87d0fab29234df0e7d4cd8fb1,Unlabeled
0xa000b020c290d000020aac04026b5306d60050f0,Unlabeled
0x41ddb6fa6af16d7c4992204aa9a265b1d47af396,Unlabeled
0xff287f4a133544f1ab5dd27b50da37b23af3d312,Unlabeled
0xbe80844f0a2708b564a2708311165bb2a54cfa61,Unlabeled
0x5f1c5951c5b1cc112ba9e89b9467edca33063453,Unlabeled
0x793af8ee010acda3111b8559b115b194b01c0822,Unlabeled
0x6982dd04feb350016e936d61fa854d1971fda5c2,Unlabeled
0x3202e9965d663957574dc811b26a9dd2c43ba7ad,Unlabeled
0x7d344871dd9d5117dfef4d64ee8271ab6f1523d0,Unlabeled
0xd6432a3143f25df3e541d2dca00ae98a5c733975,Unlabeled
0x8f091055d12fa84600d85b1d79c64475c355554f,Unlabeled
0x5f19649b1cb9a53eda955f0c922f6eb7ffb38800,Unlabeled
0x275d75bc9f00ef4e099f4c50f8323bd75c03fbde,Unlabeled
0x6d3ace38280bcd5abf063bb3f941bd3af06df546,Unlabeled
0xf7f6b0b855cbb7de166cfc46386d2d709552bbeb,Unlabeled
0x2a15def84b0fd6ee68d92daf47c6cd581fa0993f,Unlabeled
0x989998ecb2e3cb631fff4e756582ceb28afa1b19,Unlabeled
0x69f15d9a0916dea52aa6a09bf883b08d499e0db0,Unlabeled
0x1386ad1f2711fa438b13eb2b8a47658ac3d04617,Unlabeled
0x8b3518f24d15f6890c680f3656c40060c25161c3,Unlabeled
0xd841bfd388cb39b3e33551f9c3d67c72fb37fee7,Unlabeled
0x7932387c9e90e4f879b3f1946c22e47c2e1fe0d8,Unlabeled
0xbb1c0546e5d69873ac016514746a5f1b2a3962fb,Unlabeled
0x2613275b09296f3327d7cc2c2e2a8f7fdd9c5a49,Unlabeled
0xe09b0c8feb6a92b1bbc79e9ebef1fbb41baa51ed,Unlabeled
0xaa0868fa9c9355a462843fa09b9a846328056837,Unlabeled
0xa14dd876e42d08f396b89de6dd12bb576388ea52,Unlabeled
0xdc873b96877bee850859f4054257fb4a0fde0493,Unlabeled
0xe73f987effa462526dee5a0b3666ec2c2318a2ad,Unlabeled
0xcdd0042f70cdbf9ee6b2735d0a33ebd9143d8d7b,Unlabeled
0x8037b0013feddfcb61d35ad1f8e6ce4d332b282f,Unlabeled
0xf84fea92ce6da6aa56053e18c0dd1b60d225db0a,Unlabeled
0xebc880990f091999f8edc5fa140c9312eabd0526,Unlabeled
0xb99e3a0992b7098766ced514f49b3ef2415037c5,Unlabeled
0x9157649bc20f952fbdca6da5a6063e9663831ac8,Unlabeled
0xa37086e8dfdafee2d97439e3393ce54f7a1d9aaa,Unlabeled
0xf3007d12225bf13daf5c4ec847bf841fbb11f2b8,Unlabeled
0xa4d9d7068d84bbdf2e3caf1bbf2e1135bcd41984,Unlabeled
0x3554e6d529179a3dfb59fc0a21cf67b1cb2df8d0,Unlabeled
0x1591e7e6dba8ee35aed9bdfa90522fc7fe563795,Unlabeled
0x6c03cd95c53db337651b718ff25fde546dc37e57,Unlabeled
0x4014ac46e971b2ea159db53b5dcaf5566853bcd5,Unlabeled
0xc7fa0fb56fcd5de7befd514910b67f2fb9e955dc,Unlabeled
0x9ee08a740d59b74ae3b5ffd9477b462529f15d94,Unlabeled
0xcb4249d047470c366716d2e603851817b9af26b6,Unlabeled
0x66edc109d2a8b343fac939feb9907289e8e29722,Unlabeled
0x7e42d9dab6b4f3f54900aab9280ea7ea8577d28b,Unlabeled
0x89899093e9278f1305613077954faff8c25140d3,Unlabeled
0x5929d94eb4c41d91955154465a58a531ad4cf7b8,Unlabeled
0xb0b001bab978c807f3d7a6a8ee8aaff9ed17e7ab,Unlabeled
0x6509d9a0cca53a9d30a55a84c470f47119f4470f,Unlabeled
0x8cba5ebce08c1532612d96ec52af28637ef6f581,Unlabeled
0x1d84ae290e62e69e5c88f460b069f7989d80873d,Unlabeled
0xd3449ade2b0397d279962928fe1440fffdafe04f,Unlabeled
0x31acf22feceeede917c6d71635c931b794d2237b,Unlabeled
0xbda72fb348b5e3e529eb83590d76183857207e19,Unlabeled
0x62bc53926ce6b435631d71308274af58ca77d228,Unlabeled
0x958d5101b014d1c23be7e8c1251db5ebaa411b8b,Unlabeled
0x37615e39c429e7ec638ee13fb9c7a18a5b733f01,Unlabeled
0xff39cb674011f2dfbefe9bb842202e0cd000bfe9,Unlabeled
0x821df34420d6b1ef547d2779041cf535fd5eef43,Unlabeled
0x3daf989b264608b8be7f08c20c2f293cd3d8ca12,Unlabeled
0xc95af5dbc61a9d13401b51386140f0537c2ede6c,Unlabeled
0x907a78fa33d83401cc7ded187107e09e6e088c44,Unlabeled
0x887c6239b64414e365c134302b468b3ebf31c7fe,Unlabeled
0x2a818c721d9dfb31778e5393ba0751d7ae0a026d,Unlabeled
0x9cd6abd67960ee65157eccc39dcfcdbf7b6beef8,Unlabeled
0xc63935c7bb39719ecab7b4b5e507a5c0d0661699,Unlabeled
0xb153ea964f8ae90b37052002a3571c35a20a9841,Unlabeled
0xaa0ccd62681b03d28446ff3275d9b90016bae09f,Unlabeled
0xc0acf89bf1492b230e704431f9f9deb4cba4477c,Unlabeled
0x0e841149b31e4e8b0dff7e5d5ed4e94d353f56ea,Unlabeled
0x2ccb3944c1adeb1c2b394169a9d13550876b9606,Unlabeled
0x4aee6c40d4fcb08b388f48b6b2f1eaabb306727c,Unlabeled
0xd40421aced0ad1aa4a6565d1546904d6131bfa5a,Unlabeled
0x9e4d177e9e9cb57ec30ef8825ad3ab1ba5257acc,Unlabeled
0xe162e02ed718f94ac70336fba69ff86f2918436d,Unlabeled
0x682ea8aa9b23250e0e240580e8ae55205f612979,Unlabeled
0x3af06deae3e531ca62dcbb93e16c80fba9c1affa,Unlabeled
0x74aa5387681505c806ff1e972b12cdfd01406828,Unlabeled
0x6696348272feae71973347b16e6a062d1d5b0d6d,Unlabeled
0xc56eeecf51ff5509d50ef91e79177c54d11cfb57,Unlabeled
0x1ab1165700c7a8dd7772930205932837f38cdc8a,Unlabeled
0x4161574d054c35c17023e3b87210ea6da129de9f,Unlabeled
0x08cd3b0d681bac80f8587509efc0de4261b6a4a6,Unlabeled
0x2535c377210024f176b54c6342fbe26b06ce400d,Unlabeled
0x71967843fe92874e9c8584b48a1d4e2bfba43784,Unlabeled
0x7ab6c736baf1dac266aab43884d82974a9adcccf,Unlabeled
0xdda4260741da3b248db93d47c825e1680878fbf9,Unlabeled
0x2bf17d62f3f52e11b5054644cf45cc8c3a447fc9,Unlabeled
0xaea86ac3a1639d8e3734861d3ffbe75a27124f5b,Unlabeled
0x87aa78f5f49064881ba530787235967080ef53ce,Unlabeled
0x40638e9fe6005d9c1f8b7a7b4dec086707fdc84d,Unlabeled
0xe19edec8fb9faeb0dcaf3fc73d6487c7cfcabaa5,Unlabeled
0x25b070793d4a0842d7f2a8e38ea7021f770f3ce5,Unlabeled
0x4920ef21e3c192dcd0bea8ae26a531c8aad0aa4e,Unlabeled
0x0621f710b9a420dd474614b8c195c5ce368a8980,Unlabeled
0x0dbe3a094e779e0c79e1cda9955e6872fc1f2354,Unlabeled
0x2fcebfd6ab30c2631776a5cb03299a6688740019,Unlabeled
0x0dbe84d0193e27efebc5de18fc8af36133462354,Unlabeled
0xbe9dd94a74ad025b9a2d494e1de1485bc85557b1,Unlabeled
0x2612cbf4e1f55b99f820b385ffa90fb447014e04,Unlabeled
0x05492d586a2480d01c481590a19580839b0520e0,Unlabeled
0xdea6b1f4d41ebc56f312ffbf48ffead35f760a6d,Unlabeled
0xb67e7a75d8818ec0f1e1b640eeacd80f6654a287,Unlabeled
0x70784097f1749a95cb40cd15e71531537e6d7271,Unlabeled
0x273e668959e6b7630d32b172568c7671c0ae0c24,Unlabeled
0xbb3e81c0563dc61719696475f5c7b5e011a73f8a,Unlabeled
0x373c7e9337a8ebb104356f4d2b497d84e32bce2c,Unlabeled
0x9e2393e3fa57531495bfd1df6050af5d32a9d39c,Unlabeled
0xebf606d2c48910a09a2c0646206fb05e03cc95c4,Unlabeled
0x5733a2993cb02d2796512e4147dac65038d6fa06,Unlabeled
0x9b0175e51e71ac00f987a4be259bb526483bcb74,Unlabeled
0xffa164f34bcfab24de047682d24327147b8627c9,Unlabeled
0x0fb57d6cbed638fc844b9fae82191750df6a6d8f,Unlabeled
0xfc695bf844b9702799fb02f269f9b3d5513cc417,Unlabeled
0x6f7f2044bd5897f6819e7a13ce6a344f1f57255f,Unlabeled
0x158b60f84f4728525254f209dcee05d61d2406b1,Unlabeled
0x11e048f19844b7baa6d9ea4a20ed4facf7b757b2,Unlabeled
0x5372eb9869a131a24b8ce9dd3e289b81b66170ff,Unlabeled
0x1715a3e4a142d8b698131108995174f37aeba10d,Unlabeled
0x6d1bef22082d9a98e8f3e275cea021ca417d8e33,Unlabeled
0xcfde743aae8b9f20b845efe4981d97f06ae23955,Unlabeled
0x1b9a7edc812b9dd35bb42e2651cb3012adb04787,Unlabeled
0x6e16941950d5a3e755df9faa627b948539a3fa97,Unlabeled
0x888888888889758f76e7103c6cbf23abbf58f946,Unlabeled
0x7ecad83c191d09ee764cc6d7e1580a102445f6d0,Unlabeled
0x3aec55f6d1a236d72125f387180082629a75ea46,Unlabeled
0xca51b8bfb5f85c250ca5afb61d0964787c8e6684,Unlabeled
0x147b1a44025d8cc1d50f5e66893f28bf23426ef5,Unlabeled
0xf588615f5701dd6a7ae440e44bcc8cff69f9d6f9,Unlabeled
0x7adab36c1b42dae27f4992c2c0bf27a9d06dd4fa,Unlabeled
0x8f1e4d749b078fbc53a2319434e98f32beddd190,Unlabeled
0x9e8fa5cfbd25b87c949e34ce38116289f653fb05,Unlabeled
0x3fed092e75b61edb82a7ccd741a498b0db502646,Unlabeled
0xd9a8ee6f9abef09375c0f04025a32cd644abfd8f,Unlabeled
0xfc9dfdac5b9d8b45a8e24a999d82517fe961c262,Unlabeled
0xbee68ec183b50fc737282ab3d5155d2bf73d43a5,Unlabeled
0xbdef88376ac910ead2de0b3868631fd4116aa5c8,Unlabeled
0xa5939cb9d76df7c8673463b36b8be86404e00b3f,Unlabeled
0xe629e3e57ba679bfb78e089ba0236f3d2d20d274,Unlabeled
0x859bef136c6f0eed1059e449ca3949d2f70778db,Unlabeled
0x80d4ed61362078871f73d36a19ff8364a00d68af,Unlabeled
0x4f66aa3bf6578828ce85aed0a7dcdc0a29676020,Unlabeled
0xcf48a8658b3ffc34815eca2fa23d6fd8bfdbf7f8,Unlabeled
0x661f821831912d4f37c33b25e57b25ca7d164f1d,Unlabeled
0xbe9c426a89923760d28d9c77cb390ef4176c6086,Unlabeled
0xd07e6ab4b75b3da5a96b5e81064a65fc04f98814,Unlabeled
0x8811a6414c2bb438cd275507f587cb013bc2bf95,Unlabeled
0x17b7f4c54465f408ed14ff6905613ba58fe7185d,Unlabeled
0x58d5c72814a1f284e93a554b6a8f2ffa77470196,Unlabeled
0xf5e78274f2173f183f8b069892e3ae75b501ad1f,Unlabeled
0x1b4a353914a81a93255ffe569b9d59b128b34d3e,Unlabeled
0xf18600f8fc6ef488690f7aa3c0dcc848d2fb0bf3,Unlabeled
0x3432435cff0c313040ff95c7ae9eb7897734ef5a,Unlabeled
0x4134c644a5406f8c1b6406d6f56a2fbe1637ac09,Unlabeled
0x4b628a11802c1ca684358e24e1d24feb9550bb76,Unlabeled
0x4a93eaeb335b0168cce9cdf367b486abbdd02798,Unlabeled
0xdec723ffd070d8896482b1cae15f1fb295b91c2c,Unlabeled
0xa209d187490ab3a14990ed0d4f09eea8dd054d3e,Unlabeled
0x1ba4d0eb67c0a20ebc1f80066861daea71a8ebd9,Unlabeled
0x17bcff9b095350ac05ec8c023cdf1d677edb92f2,Unlabeled
0xebd300584ed3fbdb55988c396b02affbd82c13ff,Unlabeled
0x139b920004360b08a1e285ba3859771eb0470ce9,Unlabeled
0xa96bbda2a5b5ee58ff5f339afe05ffbe2ed48834,Unlabeled
0xd2ea0263b19f526dd066ef6f18f1182b02171cb2,Unlabeled
0xb1b2d032aa2f52347fbcfd08e5c3cc55216e8404,Unlabeled
0xe40d548eb4fa4d9188fd21723f2fd377456c0876,Unlabeled
0xb7c323376d46832a7db62719ad13336172eef759,Unlabeled
0x984c44f98694f58a1184076c0e99cb44b40b020e,Unlabeled
0xb6992889f16bdb1ec3b0ccdd2d71996d6f378f92,Unlabeled
0x4959a9e5726f6accd890b3e0355f04fb991a1242,Unlabeled
0xbfc4b70669ecf141d3accde392550c163a7e6bb7,Unlabeled
0xa2d32d8a67b4ecffb2cfab373fc486bb9dd57d00,Unlabeled
0x26c9a6c65d9ff6cd9461e3c0d6213711b8ad4790,Unlabeled
0xdad7a78be1539b7267f3a96f202386a89b5e0b2d,Unlabeled
0xdebaf12af7cf5ceb0fe86160e37507fa9f45ce71,Unlabeled
0x85f0e050e31786c00644bba6d81b015ab63288a8,Unlabeled
0x5495679cfac0b55a03b5f75419c9442851337c9b,Unlabeled
0x32d395c64cf45b7de9b15c4b1778507afc753e73,Unlabeled
0x81527f7511b087871213d73faf74c37609aaaa67,Unlabeled
0x96bf66c7d272bd3e377c7aed137d301a7228de49,Unlabeled
0x11c108503a53b72526786539c2053f97e32d2d56,Unlabeled
0xd3a9d7f2337d1ff5b6a34469052757ac2f271362,Unlabeled
0xfd071b7ac2d0b86ea4489b7f5dff1a67af3bb131,Unlabeled
0x8b2b8ac946dd91845acdbf7fcd1af670fb4e5e6f,Unlabeled
0x1c13202dae4d0a78e0f22aa98b0f127192bef209,Unlabeled
0x707c7063a46c21949a310d16b11737f4a9280f3d,Unlabeled
0xd55bc430b93fc808a3e576d14cd7dac27d63c4a6,Unlabeled
0x3eaba81dcdd9dfb51510abb2c0e976ab041f7a0d,Unlabeled
0xaf19f6f5675aacfa920d295023009b400c3ecf28,Unlabeled
0xe68d6ae8ea7b2cb4ade2e0f16614af8315c92cc6,Unlabeled
0x3a31d0aba8d83720af41ac3048186a41c1f60cce,Unlabeled
0xa7d001863eaa354776271b0548c3650aabc94895,Unlabeled
0x7a2cb9b95b5bea52956ed7155ad14dbb5bd6e3a9,Unlabeled
0xce4c24c2a44e4ab92cb1b0cfddac314971430e66,Unlabeled
0x7793219333ed955a779f86c9e75d4e5e2720188d,Unlabeled
0x4fb312915b779b1339388e14b6d079741ca83128,Unlabeled
0xe361369df39087ab1dea1cc5841e1fe772125cef,Unlabeled
0x500476e319ce9db400560d8d9f6c333631b0ff18,Unlabeled
0xfa0be6148f66a6499666cf790d647d00dab76904,Unlabeled
0xd3b310bd32d782f89eea49cb79656bcaccde7213,Unlabeled
0xb8a52fff0c16c27aff3b718cadffb19ec21f7c8e,Unlabeled
0xa967d6961db3687fea55d13a9bc8fcfd5b88c599,Unlabeled
0xebeac69da74d3665e0220adbb743d198e80e6f91,Unlabeled
0x3c3cf801ed3ab9d243ad2b73d98f8a1939c550a9,Unlabeled
0x828b06ad151872046290c06f827828e6ac64b66f,Unlabeled
0x46dca395d20e63cb0fe1edc9f0e6f012e77c0913,Unlabeled
0xad7bd39a441dc7fdfe29c00cc9730650b0b676f3,Unlabeled
0x7d41b97725b3c162683ee999802a90df86419e82,Unlabeled
0x74e99ea8c5b2e29e993cfaa2659cf85b52f52c00,Unlabeled
0x78043dc70f92fffcfae725b912bcf40e913f3855,Unlabeled
0x98b02eaec295cae19ae5a546578ceba2ce0ef903,Unlabeled
0x6d59cf780d70927f022e3b827f31d6a6235a8d20,DEX
0xe46458dcd8796412cc0e058020ab4fe3b51593ae,Unlabeled
0xfdfb3eb7d987a8de4c829f778ba8fc3a8102be0d,Unlabeled
0x9bd955711f14d26385504bb75470e81100fd4ab6,Unlabeled
0x49e802deb86b6bee725300c83272de3399b22903,Unlabeled
0xf4f4e03f4f946cf801393ed2818e9f9cd7d3d8b8,Unlabeled
0xafe5bfd5b6187d2cb6378582029d4a6608984591,Unlabeled
0x75a31617228b1506540736fdd3bb45e0c3c5e9ed,Unlabeled
0x367c42a6f261ec54ffbecf5f41c226be12a3dca0,Unlabeled
0x91e57609791e2e3b656b605e5bb114ceb46ce552,Unlabeled
0xdf899a960ad64c2ddcb59ebf0a30c2104841cd53,Unlabeled
0x9e621778b2f5ab4735b38ab54bbb6a1a5838eb4f,Unlabeled
0x84610a6f0ab48e05304417bd990ec9742d5cfd84,Unlabeled
0x20e2035b80de3f674f4e6fea7ca5651436336a9f,Unlabeled
0x8f96ed722579b8f3037d75934e1fbaa724e5ec27,Unlabeled
0x1f561d486714b68ddb35f6b33cee547c9699736f,Unlabeled
0x2b343e042afc3c758d738b314fc5f4274d694983,Unlabeled
0x19b3034b8e66c09ad8df35194e9d0c9137823392,Unlabeled
0xce00bf77921c375f9be23fe91a4fe35eea875d9f,Unlabeled
0xeab84bff986cc01dc9a86cfbc92c6ac2fbc40351,Unlabeled
0x2d7a74331c5fe01f1711843ceb7819715c8ff86f,Unlabeled
0x3871b516b86c179c09a821c77d1483e0c699c237,Unlabeled
0xa9611e9d107abeb75dc8dc123f9688e13414d1dd,Unlabeled
0xace9c9d9dcd2eed5482d1c8dd7b25c74c6cfdef1,Unlabeled
0x4373aca92a43818c754bd11f520d15f5ef7d70e5,Unlabeled
0xd9b05d8f597c94757ea47a156208c98126db8be0,Unlabeled
0xfc7a8360f4b447e6f2806600437d96cb806eb0d9,Unlabeled
0xa4720a88baa7d0137616b83e4775442697b6c6f5,Unlabeled
0x053dbce9b49dc1aa076b8d3592fe94e3dabd07a0,Unlabeled
0x2b9035020a3527dc21a95817931a88b8e53b25bb,Unlabeled
0x568f4acaf975bdb81d8a26fc1bf3991656a745d7,Unlabeled
0x3d6864efec256803caf3f189ba15ab58b44d6ca6,Unlabeled
0xea3d95584bbd0063aca6b4f83b058ce4903adada,Unlabeled
0x4f7a7d29d4efe93b9ee8caca2b4869a4a875f5eb,Unlabeled
0x2e20cc69856ae5e5744bedf09fbf1c6ceb73d886,Unlabeled
0x55309de52662b3a0727dc64f4f4d63e224045984,Other-labeled
0x0dcbfc7af3cd4fc5cbb8ff0c2cb82012be3709af,Unlabeled
0xe671e417843162060c0511ce73931abc5d8e9c8f,Unlabeled
0x905fc179092801e439e0d6c3d44ac89db3d46775,Unlabeled
0x610b4a24bd488e58f50d24febd96b46c98a52de3,Unlabeled
0xa6431c54ec3e36fb4a27bac392c1cd746351e070,Unlabeled
0x230e4d922c4d7cb97cb77bd4b02e0470c559f4d7,Unlabeled
0xae8cbb7e810f59fd0dd939b2b6623756d91b174a,Unlabeled
0x2531331f7a2cd0eba74a3b23e1b761dfde21fc22,Unlabeled
0x1b3e52700dd863848b84ce636f308c79f5102b82,Unlabeled
0xd8458f82bfa8463ec56ebfc0576bd7e1c7892527,Unlabeled
0xa31e3f80db28d3d27d3c837f9d64863fcea4159e,Unlabeled
0x10d8b8daa26d307489803e10477de69c0492b610,Unlabeled
0x649cbf4fd4efb3cca89cbb9982114bcf22fad9ff,Unlabeled
0xfea88b5781a68fbf1e2cdf2a108dadad8b3a9295,Unlabeled
0xb9b7dcf166669d454f8a3968644707b4d857c6a5,Unlabeled
0x41a513c7a413d60f7cdad1e94541f5f93bcc3696,Unlabeled
0x2e9f9d57b9370693cec754d1ed5445e7dc919390,Unlabeled
0xca6078999f65fc471c4b520d00cb3f6116ec7e41,Unlabeled
0xd52003fb1119c094d7a548256b8bc046b7f70191,Unlabeled
0x53a6a7031fb3fe9f45ba5dd098a5ca819ca13392,Unlabeled
0x3cdd9f9034769fae771030733f3daae5d211f8c4,Unlabeled
0x84833a8355a279d4c9bf0c9267722b7dece730b5,Unlabeled
0xb9bacdf7af41901150c0acc60522e9397bc5dc2d,Unlabeled
0x5995572eaea5da04c9f63f8dd12e16d78d32443c,Unlabeled
0xbdb30e46881a7b543ee9b1869420861d66fe9d26,Unlabeled
0x8f5772d9df4f73b8912da6b4c00ba5e7c1920a3a,Unlabeled
0x10f390ea96a12c5dc9372252d27e682faf5c3206,Unlabeled
0x2fcecfff7f10b23b903ae7aa12273ae99f040019,Unlabeled
0x66e01bafe43a013aabc9bc28326f763ce3a8e7bc,Unlabeled
0xcdc55620f1e6ab514744ce293df25231d41d726a,Unlabeled
0x37a3af7b101666ac37b9267c20efaef72c20de92,Unlabeled
0x3e3aa79f301596de1ccb8a4782d0027a73e02858,Unlabeled
0x748b11431d2c2de512d82b24dbea734d4c63fb15,Unlabeled
0x9cef36881fb7c382ee20747895f081a7b822192b,Unlabeled
0x1d48963dd8fada6ab5c2c7b92eba81ecc5030270,Unlabeled
0xbf05e7979a1d3a8090cbad6f491ef9a0f74e5f60,Unlabeled
0x9ea4e3962bfdab1f5e8483d1fcd9a8ac37e1efc5,Unlabeled
0x56ad362428630ba8c1c68418bdd8a9088395bcec,Unlabeled
0xc0de2807cad1b02b9e0bbf886592cdb79150bcd0,Unlabeled
0x67829988505d4388bbbd33bc9c564c084c740c1c,Unlabeled
0x321ef61304b2c5aa3923f1697d5d1dd8c49437a2,Unlabeled
0x950b6098ecae5858793ec17d29c732cbf6c7c5eb,Unlabeled
0x3513a42f003ed106df697605af67d47fd9c141b4,Unlabeled
0xa5d87aab3b1818ba74875db0e69ae91588de004f,Unlabeled
0x7691672dc1ebdbd6873c45cab7d3ca5331be8975,Unlabeled
0x1cefa458dcf927e06faf4161216438cf20a24117,Unlabeled
0xf89a9e005b98d09aa090d104d26bb7dcf9baae34,Unlabeled
0x0b0c8b86490f32b86756aa3086184badb77cf789,Unlabeled
0x504fedfd03b61075b21329309c5943227fed7537,Unlabeled
0x644c1a3a770730204fb9a9749c7b5eadbc6912bd,Unlabeled
0x8091444b63003a8aa4a4eb9ee27c48ae3bce87bc,Unlabeled
0xd0d35bcd90835b31e5c77e375c90ce3a13acb14c,Unlabeled
0x8e883fb3724150623e6b0b18300ebf3dca256261,Unlabeled
0xc989052fe34ddf60b1a9ff1d46892a46f17c4300,Unlabeled
0x1d05b7facf3c2706caebcb88f839198828536a49,Unlabeled
0x481ebfc21287a13f5ea2cd001af17a0992b79942,Unlabeled
0xa5e5250792502e489f9991293b749ca75fcb244b,Unlabeled
0xb1057f45cd2b8e8d69aebe10d5c89de7304f4117,Unlabeled
0xacb5df98948c18f864f1d538514626b5372e646e,Unlabeled
0x4229e51fa2e623c99313b7220d499da9ec9c559f,Unlabeled
0x3b73d0c7134cdb845b31656f256a9667a6b104b5,Unlabeled
0x8d2e6e22f161a5c420782e30dcd941c2826b3b88,Unlabeled
0x2c242c8da2c5b25191bb6d2d88b8703446d28fc6,Unlabeled
0x3b6f5e30b62528a34edf938654c8f7287d4788fb,Unlabeled
0xdcfc39f6dd8e83d65d84f0f56942db05b5fcf045,Unlabeled
0xd9cedc999be891d7fc65996c708fd827959f4c8a,DEX
0xf702b5accb69fb4c03b518d43a3359558294aa6e,Unlabeled
0x369b714d39ce9c8e23a9e80018b52769fbcf5862,Unlabeled
0x2a814a3a976d5b7206c777d0cf93d21ca7cdb777,Unlabeled
0x019e4eefbe118a0556cbc48a2038e759e682c682,Unlabeled
0x2e771a75680f90db28aee303fe7d5ab47a8f73a8,Unlabeled
0x3c1dc898d111ac441569598c85bac356ddaeb429,Unlabeled
0x59238c30e17a5e4dd2f921159d3a7f209efa30b9,Unlabeled
0xf0fdbf0bd2d7b6f2d8f5fb2f18874d8973b0feb5,Unlabeled
0x73c764394737d7f838fb03cb7e1d454370abdaff,Unlabeled
0x33e6fb9034105b0515551130faa755a23b916973,Unlabeled
0x64efac29c2c3a7a234249bfd93c8e855edec5161,Unlabeled
0xb70197adbecd51d7b1beaa53efbac11fcb8a852f,Unlabeled
0xee38c1eb08ab9ed147e3f262d442d872a01e3109,Unlabeled
0xe9372a29d8e4563760517cdde1069629bac7d664,Unlabeled
0xdb8660be29feeb1531739d5cd9e69d0a8d996c28,Unlabeled
0x1c137800c2919ed729f5e6ae733235fc5bcaf209,Unlabeled
0x66f8c00600f22f6619a05dd8bb8a024913c5675a,Unlabeled
0x5014d69cf3a5eb0a0a37c0c92a74a62f57a2b641,Unlabeled
0xd670b7d9c5f36374ec2f08e6b7c68c20d8a3988c,Unlabeled
0x7d4380d8a1f0dd2767d17d3096ae47e025fa7909,Unlabeled
0x33b8d821626985667d4e0f78085a94a9c514eeb6,Unlabeled
0x5dfdd7bb5c1b46bd98bf77465bb6e45b1ca0fad9,Unlabeled
0x3d5fd76d7c7f233e473e082465ef748309bac6aa,Unlabeled
0x629595780354b2f35d577e8cb83098a936d71444,Unlabeled
0x14e5a3808cf0206e26e8c275082d7cfe814decc8,Unlabeled
0xf9f5e794d7419ec500642b5b1454d3aa7f07783a,Unlabeled
0x1f746daab123fb523ccab44a3581263948908c40,Unlabeled
0x8b8f3ceebbf3181f99b8818c58872b05c0ab89d1,Unlabeled
0x6c1864c54160cf5e593e1b2deb890bea49403172,Unlabeled
0xd962fcdb2718d5bd58e4c096f16cb32c6b031250,Unlabeled
0xdcb8f8e814934a202204bdf4d97869f7fc52fd9f,Unlabeled
0x4cc2c6e14c96aed6e99087c4477e4708a5db11a4,Unlabeled
0xf88c570694de1689b7fab6f083cded98604d7203,Unlabeled
0xc0e19abd7e913fdf00265b3846f30746b786c04c,Unlabeled
0xc0e1d36d6dde3677679db7580a306da1debdc04c,Unlabeled
0x770dd189825227014a8dcf0d0d2c3656bd5e689a,Unlabeled
0x547da4b2690e0d8f53d847d3f922ed7fb0235e6d,Unlabeled
0x4b8431ea60472ab3a9812187f3e959aa4389a702,Unlabeled
0xd9ed5ccc8d48bd0ed93648d8c0d6c04a3ae54a03,Unlabeled
0x70d75e81145b32b9c9c92832153ec2dde7951b11,Unlabeled
0x95532487e903251c39cd138d2408b50fa65b6ad3,Unlabeled
0x900b3f2bd3cf0203bb1cd2067172bac58028d6af,Unlabeled
0xe68d67d69bb6ec3d9f98838bc6af393c87eb0e32,Unlabeled
0xe5bbb23dc5142a6e196428213d47b6847962074a,Unlabeled
0x30ce5cdb15b54489ddfb88fa494b6ca6f939e041,Unlabeled
0x1d3d33cea3ef21b634efb14dbb911a2ed8710028,Unlabeled
0xf34c6c1f6a83c278a8d03e68147a568080b84578,Unlabeled
0x89c26a91b1ea1e0545afa18007f416b9f3a3ff1f,Unlabeled
0x6d97352ded6ea6b1f6188d0c10da756ee7446af8,Unlabeled
0x993fade64545c0d82d121fab5232b2072da98daf,Unlabeled
0x48120be2162bf6d7b1c8ea04a150a530d294dcd0,Unlabeled
0x2121e8082a0723b4563d3836fec72f5bd50fff12,Unlabeled
0x276e4044180042335f7ad3766d68d30d3afd7750,Unlabeled
0x6fcc205b8a00fb1dcd89113b8fb570e75f4a0d93,Unlabeled
0xf6c46ed2f8093edf0f50dbd55dff52fe9692016f,Unlabeled
0x23af2b7d3965769ca91cec072ad0ec6054ba0cd0,Unlabeled
0xc80aa4497ddb71d6355660d090f3bc07a4bd2416,Unlabeled
0x3e8f0b0f8bafaac1937b53340cdf06b64002d51f,Unlabeled
0xa9a5d18d95e3e86eb8e26568af83264fcf0c5fad,Unlabeled
0x08b09764384dfd11dd27f5fe83ab3ac93dfb4def,Unlabeled
0x35cff5b0a9591809fa8f1a19db62e9d3f3619d58,Unlabeled
0x155177d29c69b6d8a8098b59826662f434716e73,Unlabeled
0x7db09eeb2ba48e85e14dc9ab87cb3d9a0fef0c30,Unlabeled
0x04f66746e94564a8d49be7a36587c61eb87c27c8,Unlabeled
0x2945f1f6ca51cf008359be9e2bd4a0a01afad862,Unlabeled
0x0e46f4a712a340fff4c5b0875595723df3e4b9fb,Unlabeled
0x8299d2f0f3eba5b29b80d1a9d6baf66a9e439627,Unlabeled
0x6c33b63d6742a1bf8e355482af31cfc50e8a57a2,Unlabeled
0xeac2c4696256c4fa0cb81c02d9d257f9a84d1e3e,Unlabeled
0xf0ff7985537100fe4ebda78b08d31de9932027e0,Unlabeled
0xc62629936236bef2d44fb5aedb3ca5fdd11f35f3,Unlabeled
0x848246697dbfba892d0854f51b3b783d8bc52b95,Unlabeled
0x49090fb1648830991a23b230e12933bbc8e71bdf,Unlabeled
0xc3921e7d79c020274f19c24894c759fc917a8f3a,Unlabeled
0x96acadb2613c5df34febb73b9c6b09f09ace2837,Unlabeled
0x8b2851a927d9da980a9c063bf4a86b58506578b7,Unlabeled
0xb5a2c94fd1bec1d4dcda75abfd24e4b1c6dfd3e8,Unlabeled
0x85e599be8a2dc8b1dc311f1ae5bf75d803199107,Unlabeled
0x3bcbbbf5027638507b6817962635e204409fba19,Unlabeled
0xbe5ce8efd964f2c8349590398f2ee4a9310095c6,Unlabeled
0xa1aa615706179f446332066299f93ec6d1a18a2d,Unlabeled
0x68dc72d689993fa0c4ce6164d21a1e1ee6d698fd,Unlabeled
0x186f54ee38bd340bf5adf640a29d1ec0dc046776,Unlabeled
0x05986bf6f78de1f029e6c7160e4237859cf10ec8,Unlabeled
0x4050c6d6921288707b4515d840589ee418ae3eb0,Unlabeled
0xa31478e7015521ecc550ef9200b4549f32107828,Unlabeled
0xbd413ea8957905c3330eb9dc6c2f9f11cce4b72b,Unlabeled
0x503b98420455665adece158d31b5bda8886267fa,Unlabeled
0x9640c8dd3b96fc35e08ddeba4d04637ba096c426,Unlabeled
0xd29bddb7bfc9421d41b1925f87200b4e036edc59,Unlabeled
0xb9727c285b44b4db531b552a5f3938b733722ea8,Unlabeled
0x22e77ab4b5c238491c1d5931b96b560481852fd8,Unlabeled
0x9a6fae683549309386b633275a4f6933a022a092,Unlabeled
0x3a5eedc432b6fb0e5eedf206b63f7d9334989309,Unlabeled
0x1023aa8badfa03a9b51e8c940e2f8c3b22a02250,Unlabeled
0x80c87b16681ba5ec68b6463bc6b5ccd435bd5a71,Unlabeled
0x35d452833d8ebc72f56edf9a092e370c31a17052,Unlabeled
0x9ebdb4357454e22b661a357642735620d7b44eca,Unlabeled
0xdea33760362fa04e29fb2e414b520e6499f30a1f,Unlabeled
0xe2301a2b42bec50a00f66ae87e97fc400addf1f7,Unlabeled
0xc47fc151e96a1d4ac8ee17e02b6b4fc8e1db00a2,Unlabeled
0x577a763e70f4b00c898549309c1b195a92113910,Unlabeled
0x843535fd571f32ac8cae13682aeb04cfec7d51ca,Unlabeled
0x0d05a7d3448512b78fa8a9e46c4872c88c4a0d05,Unlabeled
0x85cd3a8306e9ef836b1fe1cd29a961fa73729981,Unlabeled
0x838ca10eff7d4b95b49d54f193b205c7e06976fc,Unlabeled
0xeee19b8456251f9c36c563ae5d17ccafa41ff328,Unlabeled
0x668c833edfaffab19375b08f03cf75a2971f7808,Unlabeled
0xa4509184194bf9d99fa9504b66f107ffa1e4a703,Unlabeled
0x779f07638a4c10b6015826569434464054b3c10e,Unlabeled
0x7405e2f36490b9823955c64161b5e0ed28784a43,Unlabeled
0xeab9da06cbf6ef62c8ee47a9ce225b95929fbc5c,Unlabeled
0x141771cf13caa4f812efd329f2f5522776c24314,Unlabeled
0x23e6b2c988c6b0ebf0b6e16053dde665d45d2a58,Unlabeled
0x3dd8ade3a6c6d79a3f30047c130f504e1853fa3a,Unlabeled
0xf0d62105ad5c044ac2e46be80d5cb986268ce6f4,Unlabeled
0x08649404ae8789efcf90965fec154f25733e7de7,Unlabeled
0x046a8f6a26272ed4eb9aa1fef23ebc7dc2aa7013,Unlabeled
0x7665b837a3709d92601b889db139f7aa6e666162,Unlabeled
0x6f0df3fac7e2cb08b385bf97c0ac5583e827ee16,Unlabeled
0xa7a5c7602bd8a0b156980b9c41efa781e1af208f,Unlabeled
0x2988b8eb39716acd2bf4d95ce3d496be53605464,Unlabeled
0x3cde6898a8ad04228629b554a861037af045ce2b,Unlabeled
0x67ebf8118e7b1e3ab3207319ce971ff144007fc7,Unlabeled
0x8865346676501afbc8d743853f5246a9955a3b8a,Unlabeled
0xe48e3837c535d5b10ba438a3ed3590d154410de2,Unlabeled
0xa96d6e7e658fc6d67168403a1f974473f4ccd935,Unlabeled
0x1b8054c76b151d04fc58ef6a2e4b7c1d16448106,Unlabeled
0x1097bd43a5890731f75ff2a8fb0f0de64ec0930e,Unlabeled
0xac32f30e3df25b09676d8da6957bc4c68c0f97d0,Unlabeled
0xf9f4df4e98ac6066f5f4c72a4821d7f98f19165c,Unlabeled
0x2428cf573f77233447c23e7cc31ff2a3fcbaed76,Unlabeled
0xf553f1e7403a8ddf7447d77948096cfbd0649146,Unlabeled
0x18fb4524c576c751e68f49f1bc4bea58337d5b05,Unlabeled
0x281850882af27dc3a922eb87bf2f58c5039ba1bf,Unlabeled
0x73b4a410690d53f84f38339fa9af6bbdb4945a3d,Unlabeled
0xd7ce9371e1eff595ff6dd389f53134df4706c765,Unlabeled
0xdabf3fb6d04823403ea0bae63fd4ab60401a4827,Unlabeled
0xd0fcad9dec64faf2f3e7707f774778c971a59858,Unlabeled
0x0f0670e306c82ff74de87c619440a2a21c70e508,Unlabeled
0xf34c9112bcb9901244b955afc261841472cc3d28,Unlabeled
0xd9e65ef61bff3948778cc10c3b638f65fe57d230,Unlabeled
0x09a3f996a08d57a733edf94d01acfab23c5b748e,Unlabeled
0x7f2acd33144c7133b38109485b358e9d9342e1a8,Unlabeled
0xae5e4627d8f09c194805cc722e3b579f4c5e2c41,Unlabeled
0xbd003b038c29068e0070dd140f23cabd5326a627,Unlabeled
0xb3e12398edea69f949449a21e00edb58240b1826,Unlabeled
0x1589a4c60facf9b7c003bc036044f13dac861f70,Unlabeled
0x260e625b69e98095c1d1c891d179efb1793ed224,Unlabeled
0xaf6be3e678b9cad554e885b2e423b1a55813b993,Unlabeled
0x909a0029366d6266eed38491faf17e626b1ffce0,Unlabeled
0xf803a9144542f3c88625551caf5877e759a0f84f,Unlabeled
0xaf6aff5f26936c3ed789df4b92844dec2c859f06,Unlabeled
0xdcd51243e587575ce4fbad6f504dbec595d1a2a9,Unlabeled
0xcfbba243c567738c2d3d958026b1bf6ad894a19e,Unlabeled
0x4e0a22606a1abaa857ec4958ae9b0b38451dff4a,Unlabeled
0x9fbd2bf670dff9704f2494b5194ec3f8c2fb32cb,Unlabeled
0x8f57cd1f1af7199f5de6476d3e50288a76d39dc4,Unlabeled
0xf59748f52407c13dfaa34e0468e1db165196abcd,Unlabeled
0xde840154cccb85b1fca8e6d29c5a54b834264bbc,Unlabeled
0xd2a9bae5bdcbe791ddea1c7e23f20040fc547dfe,Unlabeled
0xa1606e03121b94e73de7338b32c2b1f42986f91e,Unlabeled
0x8e101ce0cd87c816dcfd4d02f7e21983901def94,Unlabeled
0x394ffe00360f1b04cc17471e3f1bef8c162263c4,Unlabeled
0xf0260705b0877f826f2456ec6c8afc3679a15e0f,Unlabeled
0x6d37fb5342bef90c16b6f8b310991971ee573ba2,Unlabeled
0x37c114373924ecd2483efb7ed6e355702fdfde1e,Unlabeled
0xa4d65fd5017bb20904603f0a174bbbd04f81757c,Unlabeled
0x578b1dd6e834d98008d1fa5ce7801604b31652c4,Unlabeled
0xecdc4fff76a16e2ae5d25ff5806654e563850a90,Unlabeled
0x7f5370b75ce8e1d13c8ad690b094f53a849d92ae,Unlabeled
0x3a5443059474a0a2ecbab469f564d301c5a393bd,Unlabeled
0xfc02e7243131d52ac915d6f3d8dc2292d60134c0,Unlabeled
0x4664a96b83cec32bd3fae27e29e9343a7f3df9ef,Unlabeled
0x475f33593c14c3d85abb5b2d7ecaad9ed938261b,Unlabeled
0x95c1f0792630d6f372f5823edacebc46db477646,Unlabeled
0x971018c0b517c8147b0fc07c764c62647a52ac38,Unlabeled
0xe706518588e0b5ef0402d8838a1a54367e2ec0c1,Unlabeled
0x43e9c66f8b3ec79692061ab3c2bf6a78a7ffb5a1,Unlabeled
0x5bd527a468235d65fb2b1554701b3e0da286bbc4,Unlabeled
0x0808a653665a64fe0a2c40adac809cd7de17fa94,Unlabeled
0xf383bcb560386f93c713571436f5cc7b6222dc06,Unlabeled
0x1371dc2049ca7edb2a4bf523f080c3e1661c115a,Unlabeled
0x706d14f3675792124b0a39ce0715ea08209e09ca,Unlabeled
0xea4c8f3471d70f07cd11926e8d59aaa5106badf0,Unlabeled
0x5cdcc68e582eafe0fdaecee0210683af50636b4b,Unlabeled
0xb823fce1edaf23d9316ec937574feab9e020ce30,Unlabeled
0x2df8752ea844f0293da522205ad39c4c518fc32d,Unlabeled
0x110538c4553a670cefedbe362301dc5a22c68342,Unlabeled
0xf53b90605e3e48d5f015a4451118d93565dc23e1,Unlabeled
0x9dc2f433807c2dc7bdcecbaff0ce091beb72ab15,Unlabeled
0x6cc5f688a315f3dc28a7781717a9a798a59fda7b,CEX
0xc75544f5ce51e0606c35af6624beff0feea5d266,Unlabeled
0x04b776143e6ecb4a36fb5604fe412c2f3419059b,Unlabeled
0x693f0fd8283a1b274cf65d25a3473ac3287b8b3d,Unlabeled
0x9be7a8619920cbe7512acb9d762b848fb0095a27,Unlabeled
0x655e6c0c7b2d8ed59c06cb15b3c3bbb444c605d6,Unlabeled
0xeb4c242a8c4cd60e8dcfd44df1cf32c0ec14dddf,Unlabeled
0x92c0f339c66ba3c73ee7615372f9c8d19387150e,Unlabeled
0xcc3908a73ad205f75e84244adf846c82dc5c6b5d,Unlabeled
0x10595e42ab2f7355e7da70604d7346388609c269,Unlabeled
0x79dc05e871f629a4f38df9fd8555feff2d800e03,Unlabeled
0xaf30dc1d9dbdf66a4ee4e6084b23fb44d9229712,Unlabeled
0xe850ff902d1fd38440472c78d42aeabb22807dda,Unlabeled
0x3663fb840d9ce642c60e1346b238609a6bd334a0,Unlabeled
0x495299f8bcb27fddf3d6c7cfeaf850a3dbbdf4e0,Unlabeled
0x56a489e0ebf24aea7c94080750844ceec2e0654c,Unlabeled
0x6cc06e5ebf72540626764f57ebfcc2277385048c,Unlabeled
0xcecd4032d928ed5530d43e943a308ddaae08e2c7,Unlabeled
0x944cfc3bb34fecb99e8a0795d04583c2a15b6662,Unlabeled
0x8d9b7f1da255ca444dd353cc8407fae57ea3a122,Unlabeled
0x5f6219c22c12f2be4766f5fea3311f7155a14de5,Unlabeled
0x15b7fba7d2939c42972aa08e57eacf5703afa7d6,Unlabeled
0xe88ac9d0fab87cd50aa1b032439d19cebae0361c,Unlabeled
0xd1ff6e851ded8cd32a86cca48ff5e3289af9dbd5,Unlabeled
0x115d9540349a5002302a1dfcb37166f78b55c2a0,Unlabeled
0x631ab8eb40588543df900263f864b6376d56a587,Unlabeled
0x39f6a6c85d39d5abad8a398310c52e7c374f2ba3,Unlabeled
0xf8e9224b064ca4c07ee95071b5d19fa92acfe044,Unlabeled
0xcfd59c0f530db36eea8ccbfe744f01fe3556925e,Unlabeled
0x46bb4126226a8d4451cfac4843ab89c2b5b58fe0,Unlabeled
0x999aeef493b13d27f1e701eb45b9e8cc9e175e89,Unlabeled
0xc7ce290b3d690fdafb7e10fd4184c6fdbca662ea,Unlabeled
0x37bc0268b13b61a012e3bfa6584760b79355bf13,Unlabeled
0x39df24b6a91a9879cb0ebf7ddc7d207ca4cd204b,Unlabeled
0x7e15c460f2148da5ae61cdafae3920c238e72172,Unlabeled
0x46cb4761b83edf3e74c23ae7789c7a9fbb66796d,Unlabeled
0x53c48558441599d693948ab27ac708a22391628a,Unlabeled
0xb30cad3e058ee17d898bf19317501ed2a3d46800,Unlabeled
0xb1b97d31c08c6bd9abaa78d8d0c5c36226d8679e,Unlabeled
0xa98ec39a06a9720d0146118c222ac8f36bdc2696,Unlabeled
0xbf05959e991cf9639bd3fa96b42ccf3b5af65f60,Unlabeled
0xe337c67ee9077e31aab205b25e8593b0e1c00cc4,Unlabeled
0x98b45274d9a17bf0eae56c248c0da8abc477717c,Unlabeled
0x59009646fe8f298855224828f64a8b1f04783f4f,Unlabeled
0x5958cca2f1a8360231f748e85c1f779ba832ddfb,Unlabeled
0x04ea7e4c0ebcc5c3c73b4fc4c923895bbcb7284e,Unlabeled
0xb195325642431b6aa6cd3c646591e7825bb3f90c,Unlabeled
0xe52ed88614626d4b990ad5d22712e87892400210,Unlabeled
0x80dc4b2f5bf6652887c4da9713b4ca9700c89c00,Unlabeled
0x93c7ed1c5575d72c6edae8844efed28cb39614ab,Unlabeled
0x3432adb0e09c0e7cf067330041c0217886bfef5a,Unlabeled
0x31a2ee8b5e84b969ecf70d637016ae3b74cdfdda,Unlabeled
0x64c78463de0ec607ca47a192cb3e73ecec0894e8,Unlabeled
0xc5529788a27ba60d4a6277ba086b8dedaa7b06f7,Unlabeled
0xba4c928807450c57e4f5aa18cd507987840847bf,Unlabeled
0x9edae3de6b1346b8d64fc3ee86892ffe850adb8a,Unlabeled
0x92eae2d4f34f17eb32bf390af5019a37d375418e,Unlabeled
0xd95ca2f7bb82fb1aff4d6c364b554cbb955537ae,Unlabeled
0xc496e0ef8ca4ebe2e080e21e415f6b132fdd2e98,Unlabeled
0x3ed3fd735c7eb3cde954797c41f7ee4bb5d28829,Unlabeled
0x8e35ddd4ec7e9b11a9485615da1b1f52185d9095,Unlabeled
0x2d3a2fc0c38b7cfbf7abfef52d67c5fc0983a08b,Unlabeled
0x9246415de39f58dfba3100de3250dae7ee67a7b2,Unlabeled
0x85fa95c7ec636ffd320e25b43b4e37df8479c56c,Unlabeled
0xc6d664af59eae005e749e4d5d2ff249de56b16c2,Unlabeled
0x87cfedf386d06b18bb2e0ff34cad547b719ab592,Unlabeled
0x6317c5e82a06e1d8bf200d21f4510ac2c038ac81,DEX
0xd654f681aa708a0607f7de889c3b23513bd47b08,Unlabeled
0xfacbb85f358da1fa1ac746cb980743e73b21bc76,Unlabeled
0x274b1270471e6395d7ab228a5d9dde2228e24c0d,Unlabeled
0xa6504a191accb017974c0d0c894334caaf2c6bb9,Unlabeled
0xc4fc3183b044dfd4bb05ea050cac58db1dd5ed0d,Unlabeled
0x149ab013c20966e4361a35154b463ed16df6c535,Unlabeled
0x6be8898c0de807ddc6a626375bce66a3aaecf2a2,Unlabeled
0xd153c642f14d223846f489c514a9cf1523b441e1,Unlabeled
0x34a658450b89754e13b6e73e3e41c9b1a88210f1,Unlabeled
0xa0217ef25721c32e2f26790353a7f5547c36ccdb,Unlabeled
0x5e688fb3e309f051da691450d106ff1548cd89b6,Unlabeled
0x73bb21e5d87ba22661e5f3384d377ec7f7764693,Unlabeled
0x0595db3a47bf1a0d34d1fc23cc4e69f0d01672f9,Unlabeled
0x29507d7df84a62e243f1d9bc63bbe5a812fe9eff,Unlabeled
0x317e4084e6a381374e3b7683e445c0da14dab52f,Unlabeled
0xd32c062c12c2d10bec0187dd334cc15e0367f9ac,Unlabeled
0x49e1279149d90f55490381a1a62798f9d47b622e,Unlabeled
0xbf0326c5eb1adc9faed2e371692ae1ac81dbac2f,Unlabeled
0x20f6ee51340adeed01a59b0e65cb3703f3dc860c,Unlabeled
0x36c444109b73ead7c9fd7d8e45c26bd4edeb7d8f,Unlabeled
0xa916ee58ce118557a99425c896d54031d8fad81d,Unlabeled
0xfddb47aeede8bd7ce92857f1129e90f4a2fffe62,Unlabeled
0xe4c99174198720d0088af44d935e45b27237ae3d,Unlabeled
0x394b22f15c88e8ea949d0d3963da2598478eb0e4,Unlabeled
0xd79d794b37b6be86ed3728f6283969cc34db260c,Unlabeled
0x48e9ce643c4e479699f188321a060c5f4d8c6a85,Unlabeled
0x20a9749a9d60ccfffe2337a2b01872cfa92bd01d,Unlabeled
0x93a62b82739ace022a211fca16d32785fb49e6b9,Unlabeled
0x10c612ad5110ec77f5407acf67ab7072f16a71bb,Unlabeled
0x12630c48c993fd1b93f41334eec84adb8d5a2758,Unlabeled
0xe9efcee98f76153ed13451c9dfc86d120f85f2a9,Unlabeled
0x5362d6b4bf007340ce7b09e1d5c059bb73bf5b1a,Unlabeled
0x0c97305bd07fc582bcc2042b9a2dedd9f451e75b,Unlabeled
0xb4acbc082b5e7ded571c98ee4257778a9d784b36,Unlabeled
0xc320f7f3e65d173044c8c5a60b951c488c70225a,Unlabeled
0x2be5c0ae9d288f59db670a3b5ceb04062de3aa3c,Unlabeled
0x7eac17069f99e2a1161272214cbc1eb8ff3fbad0,Unlabeled
0x048807db3526a0738c6f3aadf5322808e7781dcf,Unlabeled
0x1ba40afd26265a6bc26d5afbff2f2c97a773ebd9,Unlabeled
0x06137454c95862f5576e9d63e0611af0d90c61fe,Unlabeled
0xffe1af9591f1983170cd3114d6ee5e1e4acb79ae,Unlabeled
0x550b62ab5cb87a0128cfb409d5db52833b37106f,Unlabeled
0x1be3625b27b54fa46fd9fe28f9b4f948d0db5715,Unlabeled
0xe9249bd53a52ab01a926678110b58fbd7fce719a,Unlabeled
0xf3ca1a1caf28275d6ee51ac4e3ed0a29d0c4b1b6,Unlabeled
0x008475d156e2a71a5abf2c21dd7514dbc85de95e,Unlabeled
0x7ee956e7bb68a0f36adc9c23190554d333aed124,Unlabeled
0xfd0028871e2c1d053d7d54b20fbfda1b7d8c14d3,Unlabeled
0x3d0ed3e18942195c8a7ed404676a31f11fd01907,Unlabeled
0xdeadc0de0000e54725ad1bf220324717043e02bf,Unlabeled
0xe6a52260694aa80fa0ca152acdc868dea4566f2a,Unlabeled
0xdb3ded7731c781224ec292e2163d9554c094fd7c,Unlabeled
0x9111cc3303f6c0d0c6a26e05b64afa784ed4fe37,Unlabeled
0xa3fb5470fbec96d8bcc6aa73e9cc5fb649753262,Unlabeled
0x289b9379ffcf6f9599fcefaf0b2b5855d2586828,Unlabeled
0x0be78185422ad06bb3410301c5bb8e615702447d,Unlabeled
0x6fb2903ad81ba4cfdd8d670479578cb924915451,Unlabeled
0x4d331b1677aba7a1e9fb030f26a997405ae5a455,Unlabeled
0x53093b7b4dd6b5482caaecd4c4ab6cdde922cb56,Unlabeled
0x50089f82fdd0cf69500ff12d988f3bb5b2961886,Unlabeled
0x496962bea6d236d80c323acf650df0490046a738,Unlabeled
0xf200f54f20b79a9d7f0ce614d2ed3d6d3a074ffc,Unlabeled
0xe1cce7c9aa18b59efa39b332e09d327464c857e5,Unlabeled
0x5003ee982ee47a2e42a00cb34e1ce8d1ba860eee,Unlabeled
0xf977adad470808a92c2765f6fb37df211db4e823,Unlabeled
0x6c70a33f7d843cf0e4349f4883e2d3c3114218ab,Unlabeled
0x5caf2fee61b3c927228d889515ce751bb235ed48,Unlabeled
0x2ecba8e35f659df6f5d6614d63276aa58d7d5422,Unlabeled
0xe37b0ecbba29e50c065934ec0296cc5bef07f9e8,Unlabeled
0x05225f27551ee6fba2b3a192a754e970459d97db,Unlabeled
0x738e0a0293f725d63a69f788465f3ca1f477ed4c,Unlabeled
0x16b38e48d85b9c5c1e967a6c457524a695e92fe8,Unlabeled
0xb48e3d8b8345e232c5efa5f269e978831e1c2644,Unlabeled
0x321e677e4cb772094f69acb9e0b56baf4b4f5068,Unlabeled
0x7ad1962742f66d84a3923ef3e708429dda46948e,Unlabeled
0xa657df1f9584f7f0b6c4b2e2af5325117c2c6bb9,Unlabeled
0x9448bc711610400448cdeef066e1793c3492bfdd,Unlabeled
0x61adf82a89e24b92f6a1a3e277e1057b95b886c8,Unlabeled
0xe844d9cb35fd65a99a2fe7c56d8cdfc88dc27c46,Unlabeled
0xd747aa0471519da4fcda5630ecb7a8b02b18e9fe,Unlabeled
0x58843c109c98f479a425724937f3997178162f6e,Unlabeled
0xd68e8c0225cc4b059e6bf4409774b836c9f9db1a,Unlabeled
0xeebfb0291f9639f7879068e9583f86336fb7c4f8,Unlabeled
0x133ff836f9ceca33748a49230f5ced9974662c46,Unlabeled
0x67e87a2384f1a4fb399c8a9795438cbd41ad6b04,Unlabeled
0x90793c6ad6c71cd96bd0d231a82abce356daf568,Unlabeled
0xdf3288f9e54809c97edabdeb8f0c3c26ce0f5192,Unlabeled
0x90487897bc505e9619d32279ea1a5e899d18e3ba,Unlabeled
0x5d873584a37fc0a0b415ee46c01f180c543649aa,Unlabeled
0xd73bcca641c00ec8a01d15c5b54f13308929c991,Unlabeled
0xa898623917cb2794da905cddce328265cd30743c,Unlabeled
0x5cb616258e5c5463ef322fcdc63ba97a652ce351,Unlabeled
0x000b7f61f2f093246821a35125d66ae9551ce62f,Unlabeled
0x0e8d02ae96b229f112f37502c2a26d66bdbcff1f,Unlabeled
0x25ba6b3fef4878d8763ad3fa8a6e2d065f127f73,Unlabeled
0xa17e8effeaafc4bef6f39e56f5067b2b01461559,Unlabeled
0x82baab0adbdba1099dfd162b7bcccb1450cf5705,Unlabeled
0x23bc9d5ddd7ef06677da8074d121cd99be6ea0db,Unlabeled
0x5ad8353721a5d3a1b6494837ad4cc4bd3044dd23,Unlabeled
0x193a88e067170bab993c58ceee68ce6f8cfac0dd,Unlabeled
0x123bafd29369dac657ae065ce82f367180594507,Unlabeled
0xbfd1ec678ef57a941a344a2b2e58e2192b048f3b,Unlabeled
0x5ee8ee4e4f56d24c00d2577cd8bd3355d2d0916b,Unlabeled
0x99524b4046832bf06190666368463929e1dc94e2,Unlabeled
0x9a1b180a0979dcec868807e7e849c146f3f27d57,Unlabeled
0xafcdea76a923692990a0b8fa3758bf744cbdfcca,Unlabeled
0xbf157984238ba5cd0be8498d7119a657ec4691c7,Unlabeled
0xa0ca9d11de25d811215e28b5e42d451f2307e2c5,Unlabeled
0x168b4b807dd0856fd7b6e1074dac0b02f961a0ba,Unlabeled
0x0a784e0c41dee3055ed881e19430ce09cc04a2b4,Unlabeled
0x51e040bbf50cd966d2b8dab275f648a331c2ef49,Unlabeled
0xa3dfd081930e23152be30a8d4754d7f6d47a2f86,Unlabeled
0x50b6d1fabb74326da7ac48010b06eae245d40c31,Unlabeled
0x38b9c5a74940a0a52d2ad2a14ebd1606113f4da5,Unlabeled
0x00000000a991c429ee2ec6df19d40fe0c80088b8,Unlabeled
0xc786846e1b65b77de9a87d48f440ba0f9007fac8,Unlabeled
0xc6c410ac35c48030935f5f7be5c8904ce353032c,Unlabeled
0x4926e9d78f79b21382dd0fb0e87ab51e002328ee,Unlabeled
0x2397f1aaecc5bc5d5a26db645d3112ea74624f4e,Unlabeled
0x61304fa1b4039d7d48471c7a95c451b4d8dcecac,Unlabeled
0xa34d9762039fb8236a0a9bbf56e99e008f45deff,Unlabeled
0x09d7f1cfa2fe6375776112ae0de99b428053747e,Unlabeled
0x037aeb7b0dd0cfdf0fd57a5497af57c130d1453a,Unlabeled
0xe8ac2823757bff70ca008fdd651c05f05e7c1315,Unlabeled
0x743b24fd6db97785eff384facacd8389670e10cd,Unlabeled
0x6c69d50d5dcff60b49d55df7d0cd23dc78433f10,Unlabeled
0xc5f56c0e6d69141089e213fbb17d03fe35eb6bf3,Unlabeled
0xa39c21d06890e3b131d36808fa1af97d91543f52,Unlabeled
0x8c713988ef7dbed9f1d448d12d102934bdb28590,Unlabeled
0x5e7e64423d98e905af8a97b11272ae02a09e1b8a,Unlabeled
0xadd3c21a8bf315fa17caa8f5d9c18a8e899d277a,Unlabeled
0x7f8233997bd34846978ca36d7c9c88b635c3af5d,Unlabeled
0x2642616b5446b284af23eb8ccb5f8016e07fbbbe,Unlabeled
0xff2bb7920d613dbc7d9d9988504b1ff6240583cc,Unlabeled
0x3025e3b1eb8f7904c68df5dd9fe02f2113aee573,Unlabeled
0x5c2ab5dc71ced4d3a07f048dc9c068dfd4fc4d53,Unlabeled
0x39213518fd693fb8b0d196dc419a57600bf2e542,Unlabeled
0x7732240f4c7b98ae4e12da3033b1266052528630,Unlabeled
0x43aaee43b558853fe411d6f7e42cd3fbc9ad4582,Unlabeled
0x69f3d573826a230f2c34065079cd1c99903263a1,Unlabeled
0x2adc92e20891647b7b0d6ca923db0500e8d5f072,Unlabeled
0x0c2af75c05d4d3a09c6e00f04164bfcd427ef2fe,Unlabeled
0xbf8b11b7dbf23c6ae28f42392663a8f605fac346,Unlabeled
0xdcb90a71db48d673a9a483c9f355ebae93f66a86,Unlabeled
0x59fc948fe029622c0c4bd7b3d891b566aeb4030d,Unlabeled
0xfeb86dbb3a3ffaa4e885b04b4b1f9454f4d884c9,Unlabeled
0xcd79e4bc130bbb9a686991b91e758cfab110a7da,Unlabeled
0xb26b3c104c2e08d9c668d0ec118cd22ac949d723,Unlabeled
0xf85778dfd984e21c4ead9f80dee3f01464f2d763,Unlabeled
0x60667cee9359de0cab1b286f02986ea472e09789,Unlabeled
0x74929ef5349455ad8400ecfd12f183de5dfa9334,Unlabeled
0x063aa65b975d82f117124b383a2c0f1fb5653892,Unlabeled
0x39506d055b9efdea225c644044f6130914dab0dc,Unlabeled
0xde6e128a8965958dc93ceb6eebcba090d4be30b6,Unlabeled
0x70d7f52d28c6c197e09e263687a67a9be32d1b11,Unlabeled
0x8e457841f4e998f1941be01b9e3330efc268dd39,Unlabeled
0xcb15576a9a91732d237f3f9c99de1a62b9a70779,Unlabeled
0x24eb3a39856723138796c5068a17ba4fb15cd25e,Unlabeled
0xef15d12b8b935a432b681f317afd050f48dcbf85,Unlabeled
0x224fdacbd939f3956dcc65eadd99d0d3b5463d3e,Unlabeled
0xe0d9d8f2ff0c402f97173464926fd6ea13ce0114,Unlabeled
0x94414ee9d0bde090778684856e08e2be5cdd6819,Unlabeled
0xa975659167a2fb90014f32c3af162d4a41ee70b9,Unlabeled
0x4b40b5327898bb73c0663fd12139ae4f6120a23e,Unlabeled
0x76600115c5cbe56d82bde2af8cafb3801aee5efe,Unlabeled
0x925b332d6c56558fa207881c44ca613857534b04,Unlabeled
0x2ba9f4485a0cb2d898c46aa6d41c17c217eead15,Unlabeled
0x580d81df3b338c802d2c4b7e41f5b35bbe69041c,Unlabeled
0x0051cb92a2b7c70e719d7992473496a810166cea,Unlabeled
0x2c2ff60a3d0da1f68b92801f068d27502d045b7f,Unlabeled
0xc6ee407a2e9c9494c1fef2c279e102f64c8e6895,Unlabeled
0xff59a9746134ad4c25827decbdf3ff1876c5e851,Unlabeled
0x375874a06b81554fa3902011cbcd0e5554ec68ab,Unlabeled
0x5950baf9a858e3ea17fd6e753d3ac6f3e9152387,Unlabeled
0x880ba32a4361ca864f15a0fd6930b50990cdd9c7,Unlabeled
0x4a93cb3280496ecc3a239152b0cfd5418b9e1f7f,Unlabeled
0xaa1076090ed9021d3a39b78c6ac4308bd59fdc00,Unlabeled
0x5115dbc9209590a33192671a9f6fab54c9a6e247,Unlabeled
0x4ffcb1d0cf3a6e7fbeba79b403afd9d317966de6,Unlabeled
0x817648d73fd85c802cfde8a29eba9f68b783ca60,Unlabeled
0xefb37bd3a9ed2f768bf6f79d0379fe7f9be50f49,Unlabeled
0x162efc7d4eec568f546d082bb200d9fc46eee3a7,Unlabeled
0xbe6de7c54f7de871c81cdf2960505e72ad8283ed,Unlabeled
0x498f013eb150b1f85ac1362c284b28763bd5d20e,Unlabeled
0xa4b0d3dbe3d46c54222a7b2bf428165ec2aea56f,Unlabeled
0xb489743cc9213231b8edac1d955e9dc98e82080b,Unlabeled
0x59703a422675737331794acf909172ec8c29703f,Unlabeled
0xa109ed4aad2179bd50d1dd5571acd56f12b06885,Unlabeled
0x4ee600e144f8fd6499dbf5ccc2f0ef180efd98a6,Unlabeled
0xf5c4f3dc02c3fb9279495a8fef7b0741da956157,Unlabeled
0xa74e8ae2f83d2564af25420ad4d6a7fe224b053f,Unlabeled
0x3a1790bb8a29f58c4b932b05452876e158a8ecd1,Unlabeled
0xfc43ab179e740346fae9f943fed337d5ac666dc9,Unlabeled
0x30634b9a2fd4be63b571ed2b3a8046b229dcce29,Unlabeled
0x7d3a75ec38cee8dd301be722c66bdc84175b7c2e,Unlabeled
0xdc2692379ef39a8a115ccdf56080645d35d1eb20,Unlabeled
0x01e6a33751257181b49cfebc6a4cf4495aa58871,Unlabeled
0xc38b84bbe50a5f1c12f722da7b09a724ae6a02be,Unlabeled
0xa028aacb060827454c7be66a11ee95bec5bd43df,Unlabeled
0x830bd766d283a073fad76b3fcf1cb12f557fcf6a,Unlabeled
0xaadc0087d51ace415dd5ae3651e7b799a413682f,Unlabeled
0x3821f2d31624446a378407d1b96ba7bbf1f69eb3,Unlabeled
0x03e67282a3191df8a16171e8fbf3a657ee323bea,Unlabeled
0xd86a3df4065a8150109570185755dd8e5d222e71,Unlabeled
0x638aace4ef6fdb27387bd50a94f65f76bbc938ab,Unlabeled
0xc0688af907ac04eb9c7097046207897e189d22dd,Unlabeled
0x9038cf94a2c0127c4adfa4dd896b23e90a494037,Unlabeled
0x41123fbbb82ef34e816939f37747bafe9ef7b6d0,Unlabeled
0x19a79bdfd53a9cb9f626c40c9d500d6ad5523f24,Unlabeled
0xdd838e98b81ef90b54a82fe05ff32376a27b7fda,Unlabeled
0x289b333193193ce4abb5f8904dff898d9c686828,Unlabeled
0xef4413d139e317976492e7983e98b1ed581afe40,Unlabeled
0xd298006535a88ecb20b238b9a1ed6a36b4ddc831,Unlabeled
0x4603e2d9598bf196df6a20518a442e351a991c47,Unlabeled
0xcb470dd050d929cb4dbf42f9dfe465e905d8453e,Unlabeled
0x888fa76caef134b1e5531589c9efbbf4f61e0c79,Unlabeled
0xd6e14f8702e038f17b09eb810c8a7c2976f91599,Unlabeled
0xcc01ef33f793ff0a8da26d19b2c4428f62753f85,Unlabeled
0x017cc4cd4b880e15f22aa9fcbcfcb0dfb14e343a,Unlabeled
0xfd172183b85cdcabf706e9d6a4650285352cc085,Unlabeled
0x9447a6f6e933b6d86fe1c93b4448fb8e6c92bfdd,Unlabeled
0x53070ed527cf8f11b4260e8b52e9873d04ebc87e,Unlabeled
0xfd12484ed3e43547d753da957afc6bf5332cc085,Unlabeled
0x2b0034e50191d9819d696d9c74da306ab190659b,Unlabeled
0xedadb67730ba1e215e1794983cf35b6388fa0c2d,Unlabeled
0x0340803358463a897e669a17a905af7acc4e7b07,Unlabeled
0x0a61ee20170a3fc22a456e3036f6a0e27353f3f9,Unlabeled
0x66043a928241f4346c59dabb16172861ae977712,Unlabeled
0x7182c01b1e5b295b2641c21375ca750d1a8dc6f2,Unlabeled
0x9b807fb66868872ffa931109bff5ad4e9cfc6397,Unlabeled
0xdb861e302ef7b7578a448e951aede06302936c28,Unlabeled
0xcf1471123d1be575c5a8f01b13540bf506a4533e,Unlabeled
0x9faafddd3c23a11875d3bd5da2478389206a281d,Unlabeled
0x28e37ad887352fbce6147ebccff14cde1d4719bc,Unlabeled
0x4862c61f1f14ab625e0798f636831d1e8ef9ede2,Unlabeled
0xb366684b2bfed3b71f9c64e490501a4590588ceb,Unlabeled
0x70dfd3ebb6952bf9264379af40f2293bda9361fe,Unlabeled
0x55048e0d46f66fa00cae12905f125194cd961581,Unlabeled
0x856b40f70ae8a974e2ea1b00ece77e5f4d71b51a,Unlabeled
0x05b82440b759af6cf2a52b2567e96becf1e992cd,Unlabeled
0x85a89d386f3bb24e69d362b5e50bd14db4ce7861,Unlabeled
0x1e4e7ef632f2075f43a99a43799d380be1558c7d,Unlabeled
0x15abb66ba754f05cbc0165a64a11cded1543de48,Unlabeled
0xb8b609b2b3d84bb21f7b0e64fd9a73381b695653,Unlabeled
0x224c3f7d47b4031ccc05161c0d85c60e10f4183b,Unlabeled
0x9be57bf2e5c4228d4a635b77074b5297f6ab7516,Unlabeled
0xf9a70f93a67f827c2802710fb028836b69d1891d,Unlabeled
0x5f6b3413d902958ba2a18baf96a5fcb921172fbf,Unlabeled
0x4cb17805522196061ebbebf36e2d05cecf10d2db,Unlabeled
0x970706b9b0919427584442b0fcd07786c972ee6a,Unlabeled
0xcbd123aea5d8f0f1c3bd6b3d1d73d3ef7ebd294c,Unlabeled
0x6cb93d276bf9b1a82704a704a80bce3a6ed97edf,Unlabeled
0xac97661545b82e869b96d9daf45aec81094b81e4,Unlabeled
0x0d5bed5913cb8d843cc069846d6c3294e711f662,Unlabeled
0x3c7c9be0cbf1b74a53e9fea73180c8989d680e20,Unlabeled
0xaeed2ae02e57aebad9d482fa1c265a6f55cecbd4,Unlabeled
0x7da4c321c15cb2cc5a07580a559c6d55709b07c7,Unlabeled
0xe7ba475b8daec0d829ad78abeffc4e285fdaefb2,Unlabeled
0x3aed03fb896dcfd14a110cd970f29c1b8d052218,Unlabeled
0x385d124f4d5c150666252738d404582a438158c5,Unlabeled
0x8bb3680f39ebd5a5569592303987448d76e4caf0,Unlabeled
0x1802d07dd8ee94ba51c91c9c8124e1deb696a8fe,Unlabeled
0xa9a2987ab426abcbd90f2b475535d9f96ded4cb5,Unlabeled
0xe2aa2effb1350ef44e780fa445972c2ad468bfc7,Unlabeled
0x841e69f6444f65fbd64c339455941ee7aac83a34,Unlabeled
0xa74cfef8747422e13425d6de824f41631b5e22dd,Unlabeled
0xc40090f4b6aba64fc430060acf1e02e900ceeea9,Unlabeled
0x865dcaa6b816e319ced8b55f2393a0297366dff6,Unlabeled
0x15457db1a979270cd1c0cfea54ade7e70e846c58,Unlabeled
0x9899f62ecf16b70bffc88677023026c47e48c218,Unlabeled
0xd5417e96dd04363c675e41ee6f30bf788412c719,Unlabeled
0x70ac763c0ebf28b406a533e20a3f8b534f91a144,Unlabeled
0x18c43957d548e59af8d0025aa89979f7cf6a97ed,Unlabeled
0xf0d7091646714c41f263a7bcc6bdb9638d49b67b,Unlabeled
0xd6165c7803b99906d3927d0ecdceab54d5114238,Unlabeled
0x4723866ecb5829a2e82581a13e483b235dd67e96,Unlabeled
0x9161d214972a52958f5a38695a524db4ec8b77de,Unlabeled
0x24d7385493507a4ffb889e569ff0d0738abe87dd,Unlabeled
0xa1723822c42737343ba18ba4f5091920b6d402be,Unlabeled
0x2f671a39613861ec17ad35de44f4f84e3d4c69f4,Unlabeled
0x6cfb55d058c17bef4e3eb621a79da8666bd2477e,Unlabeled
0x8c77d8dd2caf297ae0144d37fa306866a89838da,Unlabeled
0xe0f3ce32021e5550ea970539768d50594ce5d5f4,Unlabeled
0x1aa05b5d3220cab1003386b354c4ee5144b44661,Unlabeled
0x811969305ae2936e3dce5bd58671e2b5b4547e25,Unlabeled
0x4ab4fd7b10f84c8513a03b7b26491318fdb18700,Unlabeled
0x13f8dbef61b525ce19f50d695c33979ebc929da6,Unlabeled
0xb1e4e25b1938c78ec0b21ccb2d6a0be60aa7e63f,Unlabeled
0x06beb7fcedd18b26c9a2f51fe003c2d9ce352fd4,Unlabeled
0xfbd50d227ce8936e65e8d080abd652b83612894e,Unlabeled
0x4bbf67ed36ec18ee77ff111761daa60ef3218e2d,Unlabeled
0xf977814e90da44bfa03b6295a0616a897441acec,CEX
0x00fc9189cf5ef04f4928440d76bd40b9684f2c16,Unlabeled
0xd01413035380f10430a6181e600bac96744db7b0,Unlabeled
0x96a7487497d0cc761b1b5489d2b2977e03f634ac,Unlabeled
0xbbc0e3d31e6cf5cba5eadafe78b4c1c6853a9ec3,Unlabeled
0x5d75e35ec4cf5f44c535a701117212dc9147af94,Unlabeled
0xa946313518af0dda2a4df66b366fde0c31eea215,Unlabeled
0x3b23bf3a1244b2f4037d4d95b2d7e1114e6dae42,Unlabeled
0xc65a047004541279bd96257f83fd30485773bd22,Unlabeled
0xb572e06b2290c7a7e455620fdf978b2911af2c17,Unlabeled
0x42f4db8ad3ec221f62e9c4ddee0213ee972c7014,Unlabeled
0xa5305d100ae61950064c1bc9a5d2d6ea3e5ff60d,Unlabeled
0x86e09275bfcc3885eb67cec5dee3f7be039e2492,Unlabeled
0xcc16426c8a83af0719c18bce84a7d66336a74507,Unlabeled
0x3e5ad6cec8b3d82ad8919a59539734c674623d48,Unlabeled
0x938ba6e081a6ee5bdfc96f6d7c9aceb421788b53,Unlabeled
0xe67b7a560da673776d80a8da5469fff06eb1683c,Unlabeled
0x2d842f9ba7324b9f0fb82a1d8f61f35c4c49c758,Unlabeled
0x19a152b2958b46f817db4c1f847155617b66298d,Unlabeled
0x7b60c336a0b0a7e5ae87645ed254b147e64c25f0,Unlabeled
0x3794454bc7a422ac70d4aa3f93a4e9661d3ffb26,Unlabeled
0xc104abcbb1b5e722f060d3fc0bb8156764e8ab2d,Unlabeled
0xc8d065ac50853850db636d3d771d61c13d448fe5,Unlabeled
0x77fbda955ece423227a18d45ec3491ed65b7df0e,Unlabeled
0xd8efc17a095736c246bd78b08ec5f9fba09ddce6,Unlabeled
0x0ba1acc6b244e4c897030ec42f50a70ab0ac2c21,Unlabeled
0x5fbede4a21614b92513f4ecbd8abdf0c8304679d,Unlabeled
0x337c352b6c243469fd5ad152c3a96f38b8607fa6,Unlabeled
0x7e90e03654732abedf89faf87f05bcd03aceefdc,Unlabeled
0x33b097dcdfccf1b0312e94c7feab89048ed8d5c2,Unlabeled
0x2ecbcd89264c0ea241fad9d825e7e16ad86b6425,Unlabeled
0xa530a3ad64fd6adb34ef6c88f22d22445dd1bf1e,Unlabeled
0x4dc2c7254f7bf3e799699bf9558fb70b33376668,Unlabeled
0x09c985ad0ac80698efe7a65ccd16305f6fab2f49,Unlabeled
0xf9d7c7edaa44105e5ec5e5562253bafde33b993f,Unlabeled
0xf9ae60c0cb90cb6869bcd8bde2f18528b26b5d6d,Unlabeled
0x391ab8613edde91056c57fb4ed6135b3e4744775,Unlabeled
0x49f4619a0cf44ed6b10e7a71c8fdde8e7b62ad88,Unlabeled
0xbb416b07cbcf63a254b07a00c58a04b25b3bd4db,Unlabeled
0xc2d29bfd23fcd41aaf34c9d4a6386eb824147b7e,Unlabeled
0x7333e781024a18d9a534df47724b1675ee79888d,Unlabeled
0x965219b060c9d6c6d89f9ed70fdd25c029685d1a,Unlabeled
0x1b4c289c4f6e0565f1e432654254485c490679e9,Unlabeled
0x70a944523d6a93d3d47c8f1c6158527bc83ba3c1,Unlabeled
0x4cc8ca97e24f0de2fbd8f2a4a13d65df7138fb50,Unlabeled
0x6b1d635d090fcb2a27548b2ae22c352137002898,Unlabeled
0x17893afa9465cccc52b11f1c85cd11ece8137de8,Unlabeled
0x565df04791b5c1cbb5b442d64202f6af8685fe1d,Unlabeled
0x72f9401296c671aec60f1109517fd4b38023b8ec,Unlabeled
0x7b97d148a1583a340b0f876186be71f54e66bb9e,Unlabeled
0x412b639f74d4be31209811dd7d669be485725bfe,Unlabeled
0xe47a86ca139149f9ecc0036c1f65e514f0d23e1a,Unlabeled
0x2bfd1fc5e25a8f55c2e849492ad7966ea8a0dd9e,Unlabeled
0x88ddbba401c3eca66f4f66a7ffd1c20d541beae2,Unlabeled
0x6f74a12479d306a034f7a4afb0f23ad58f82ee99,Unlabeled
0xbdf1f56fec916507b730052198314c4e5bc569a1,Unlabeled
0x4ae10bcc8368e23220ee9423bdf778eed3944f98,Unlabeled
0xc5b7e82bf38e40914d44cb9770c74c64515e14ab,Unlabeled
0x8d3d6769cbdc4d30e38385023d889036ea26358e,Unlabeled
0xfea492e34fd90bd07dc2421cd6e912c6f1b36a6f,Unlabeled
0x3182201773e9e72ea8611e00888e4874bfc7d725,Unlabeled
0x7b1a319476937ab5711775942fbf074d24a5305d,Unlabeled
0x203def2da24608d0633ce504cf9285112c6e0b73,Unlabeled
0x16cfb82a9d607812313e353f822db2deaa98c15c,Unlabeled
0x04e47f01d14a756fe89d4223189974f0793515ad,Unlabeled
0x13112547d7ef5dbd4f812e89cf92be70a2c6fe76,Unlabeled
0xbed079d7ea177fe8acf582e03d3ca77eb309c0d2,Unlabeled
0xa28b0af96d216a8f6a77c61193bd5702dce413da,Unlabeled
0xf56d8bd5aa7980593c81633de8b236c50013b169,Unlabeled
0xf0a2436deac48694e40c36597e51dd5fb6fcff68,Unlabeled
0x7a30991905f68774d6204255b776912d49961746,Unlabeled
0x342f91ceeb1ee01bfc0a76f7d1b1292b83f84e40,Unlabeled
0x548054687ef6c56c6d82e8269e5fd93d8b88fcb2,Unlabeled
0xd1e3fac26e19d14bcf839a610590da4a30926bb2,Unlabeled
0x28effad61aecf3a9e68aeb2e6d5ab742220aec7e,Unlabeled
0xab9db20d0d8139fd8c6dbc4c17d5bb319d4e7de5,Unlabeled
0xa3bfc7a0c88fbc0ef9ae2c04a823e6d40adc7c4b,Unlabeled
0xd65c66e2260d3d9e1c470c9cf04e9804ded29720,Unlabeled
0xaddcbb5cead7020e790d21c498e7abe3fb956933,Unlabeled
0xb2b2d6f8e920b27fc8833a4a1eff486a1253eaac,Unlabeled
0x5d95029b1107a99c4b85957b1baec470ca6bc023,Unlabeled
0x84653c310cefb75593a16c2e794ca21fed8a68e7,Unlabeled
0x65ec76a91f2394b6f7784c40c47effc8ba85f32b,Unlabeled
0xc615315cf2193ed3d3917f1d7404be75bc2611cb,Unlabeled
0x43ec43393cc2b00fcea1534966158a6b2c606cba,Unlabeled
0xa5995359b9941e060e366b4ee3ebb6a9f47649be,Unlabeled
0xb177310a2b8eabef0a80cfd46924247738ab2924,Unlabeled
0x090df0b9fece8ffacb0073bc4bc7931997542b10,Unlabeled
0x1474f48ed18a87b2d73d44a9e38e5094c8360f49,Unlabeled
0x8b446d9dc28b61bdec34094ebf446f9af39e894a,Unlabeled
0x5993b91ae7ec256348cb47ca89256781eead8fc1,Unlabeled
0x04961d820ab5c2c4c9fed84d2c316943a39c5a97,Unlabeled
0x35722e95ef11b7b70196e565e8aa8c1c246008bb,Unlabeled
0x42b03f92eb2f25426db0b8d4d1769d45cb69c6d6,Unlabeled
0xd2ed59c4c5f877d88bbc3f138cf9ca9395f02340,Unlabeled
0xcdd7c3100624d8be2978baaf391561a4df4df654,Unlabeled
0x31b039aa0ce3bbdfe12327cc54fb9d0510531f7a,Unlabeled
0xd92958847fc3ce870b81a4cf2e7c3f305ea5bbe1,Unlabeled
0x4671e8a0ce11c7d990d40fa2fe908da29d3cf020,Unlabeled
0xa7c75196bf36fbe38372c527db27ac13c3df17a3,Unlabeled
0x3db0b959d58336f02bb2884556297d59f87451eb,Unlabeled
0xeeaff563bc066174933fb7d736f20328bacdaf59,Unlabeled
0xc98dc22cebbe5a50ab95aa9c8c1267ca72b0c318,Unlabeled
0x76e1b26b003fe2bcceec5abf7731f57294e26361,Unlabeled
0xe69c05597fcbb02f31d7489e44ae60e52496c871,Unlabeled
0x4ed90d5212fe9b01597dccdbe20f07353cd80a23,Unlabeled
0x472c8aa376293218ba3231162990b5cbfd571650,Unlabeled
0x8e7eb8462e2d45a905956fc64bc1079fab4f4a62,Unlabeled
0xe16ec5963c911d4459e317928e7a835ddcf4b1e4,Unlabeled
0x182e6573aba66419add8d49e8b7e93eba67bc0c9,Unlabeled
0x651b2ba365a5293dddc7343b2fbf0e5f8271426b,Unlabeled
0x750ecbbf4c620a3b210d2d2a8f0a3cb190f67902,Unlabeled
0x35d7492734504f18f88ff08d88d19f37a0f1012c,Unlabeled
0xd466e4b84ce6512cdf2f1445ff48e48d833c0a8a,Unlabeled
0xb3e17c65326f9c390696c65b9003bec0b1441826,Unlabeled
0xe1196d813c08ed2d535a8c6a29cb3914532efd60,Unlabeled
0x36546e06d8537636afe6ecea4198c0a435740c79,Unlabeled
0x20ead6e676001e2cc22ee1da401723b7aff817af,Unlabeled
0x4c0167f09c82ff6607afc804b5bba41ca3756198,Unlabeled
0x18cb7e4ab455664cf4dae7903560c6b925b590d9,Unlabeled
0x1180d549076edf66657a59cbd0de0d28e685b126,Unlabeled
0x43592d48bc56c4e8d1d5fc55bc3a6fe0373a1394,Unlabeled
0x14c7c176dbbc8eb7d76bdc4b0e732cfea94350ce,Unlabeled
0xd297feb6f8fca1b8522bfdbd19f20624c41fbbdd,Unlabeled
0x95d28f9d1793f24c3e5cd11ca754ca467938af3d,Unlabeled
0xd4471ce648c92930fcccb7f67f06455fbf7b4d2c,Unlabeled
0xd8cdfd929bb48d22c057fa9a6f44450551bb8ae8,Unlabeled
0x10633bd15daf14aeb5c84d8f1885bde3eef61c99,Unlabeled
0x99ea65dc614254b89a3d78a8d2c03f56dcd35cb8,Unlabeled
0x2ab2358979730d49a89e941109aeecc3394371ed,Unlabeled
0x24a3d8d6a7c4fd9d1f1b0e939b85c3fb7e3a8d7c,Unlabeled
0x71964b1b99e437d6de1fd0d5fa7b2eb0937b311d,Unlabeled
0x51bfaeb0c43be6e2a17d7e8ee5ea0f3e52ea6097,Unlabeled
0x2b89d3afbf6b11f40f4f237d010cb68ec656900d,Unlabeled
0x22c15f1015a2ddc6f560c437baa5152472a60fed,Unlabeled
0xd9abb768c23e72894a667e4bf2e665ec1b4df107,Unlabeled
0xb534add93db666fb76585338665b8278b364f009,Unlabeled
0x11229fb2cf6b7921556b5ab2b1acef129dc9c7b5,Unlabeled
0x80e05a4d7cc0b831b976323a735d328a2e54bb2f,Unlabeled
0xc4606d7dfaf24edc74e761a3e8afe6ca0d10ae46,Unlabeled
0x39fe4173fdee30d57ff1e1cde62bd62f8c5bc0b0,Unlabeled
0x7fa92a231a191c13cb7cd988bb44eaa13c9fdebb,Unlabeled
0xd807e26ec7e7df1c0a0a2e46e905d36ff9184920,Unlabeled
0x187fe01763a1e102c2fc6d5ff092c1de80332386,Unlabeled
0x98f56911eb1732c617de8c37159757c55290964f,Unlabeled
0x2719e4c5f93224f02d7b0ca9f86894a98f49e21b,Unlabeled
0xe83434855e4a087df6629defc9ea37fd6cab219f,Unlabeled
0xd1939def41a0715bc8482cbffb4a64e17e20a480,Unlabeled
0x1db0460ea1b3c20279fba1def0820efa9513d85a,Unlabeled
0xe7e728925d5c2078e811e942df654b9f01f6bd0e,Unlabeled
0x5b6478a273c587c804410785c7bb1142f55189ba,Unlabeled
0xcae5b8fff1e6361816db213b5a091cc288c4ddf7,Unlabeled
0x799fe0476059e5e6af9ea4fd25a4f7500fd9bd82,Unlabeled
0x8426e534df605f6357f46ea1ad02d6ce04323c35,Unlabeled
0xdb798ebeaadff8d5cc098a439d70a3f6461fc4d4,Unlabeled
0x355e832d1fd43d688bcbed2fe72b428e0316371f,Unlabeled
0x64ba50bfb382e6d860723f4fe0e8f377d0ea5498,Unlabeled
0x56c85e83bb2e979b7696950c2fb7e8342ef5c5c7,Unlabeled
0xd96d4b5cb71f04319379be5c828d9806d6182c1e,Unlabeled
0xb9613a305727219fe10a703b0f945b4a3dea86b1,Unlabeled
0x92114294e42a96c9ef3163da18ee7efdba6cc661,Unlabeled
0x0ddf9c3ef925a2a5fe61201b7f0ed73c6cb5fd07,Unlabeled
0xa04374d87281f91e7e95d3b8c3aab81c20e8f555,Unlabeled
0x8358ace56b3a8923139c129dd34e2fdd3f5a0098,Unlabeled
0x93b8966d2f4d478190d2c46521f8536565d649a2,Unlabeled
0x0546c15f6630c05ed73700bf936ac023e71d213d,Unlabeled
0x73c8a169bff63e25642f191cc6f8e70aeeb952d0,Unlabeled
0x7b60bcb55c6a06267eee5429acc0f8828a5d25f0,Unlabeled
0x32934cc3feec27c1f076f398069de4abd47f6d12,Unlabeled
0xaadc45369b0c065e16f2649660e8400dd895682f,Unlabeled
0xf463da898e624ca6c144d4d82ef16be4bdd3dea8,Unlabeled
0x6697a17b3563f765171eba26e7cf0f8f2576dcfb,Unlabeled
0x6ce00d9f58c7f6dcd5ffb5c7efe8cf14361b6f7a,Unlabeled
0x395fd413eeb0ab02fba5ac579b441a301c7a1322,Unlabeled
0xaf41dc8d1502bbc81ab883995f348f9f53a7a7db,Unlabeled
0x0937aa6d83c851d506433ab342387a337c8b512a,Unlabeled
0xf051adba66bae9c5ac878e11677c47676c0d7aa8,Unlabeled
0x199a75404b677964440182d4b311299ef7908e99,Unlabeled
0x492d255234c83f2ddc5aa904d8a9db6743e9f046,Unlabeled
0x09e6cd5557f202d4e371912c2a901f78a93c83a3,Unlabeled
0xad53f6e153dd95a16525d98b9ce330b56c079d87,Unlabeled
0x258ba95b02fa89b4e6e499c59f0fb97a5180177c,Unlabeled
0xe065b853c7e9cab4ae411b1fda97b4f7105ec5e1,Unlabeled
0x43ff8bc126a5f650e9e291a98c1fd3c3c863b59e,Unlabeled
0x45cb42a8672992e17bf0097375e9978d8c8c874f,Unlabeled
0x8af2a75c06f92a077138942454cf57237d4de37f,Unlabeled
0x41c6028da8dc2dee5ac2319d43e251609a437fdb,Unlabeled
0xe46bbf380acfedf4de6d3a151dff6e36576011f5,Unlabeled
0x5b3e5a03977ce44d93a173be51cc237be02d9397,Unlabeled
0x3d126d6b1581f7566a34bd4e912920bba41367d5,Unlabeled
0x90abe5e1295d794c7c421fbfd7ab6cc7315d2abe,Unlabeled
0xa8f527ca5d7ac08140c50233e5f712ddd63f79c6,Unlabeled
0xc1da33e8d60daf4f93a52357a57a076f44c45759,Unlabeled
0xcc5d471f80ff9b6e75fa55dc8fde83f269fb7f04,Unlabeled
0xee843b31a693a10442b1dd3abcb0dd733e7e2fe3,Unlabeled
0x1e034344f7ac9f1f5dfae55e53f5d597c13f76bc,Unlabeled
0xcde3a3e4a895fbf4ab583064b471f1a5d0d47a5f,Unlabeled
0xd6b08eaa7b1285f08da57d05d5f7a53cd40f8d03,Unlabeled
0x95e66f24a0f031dfaa34785a8981b9ac5f21f6a7,Unlabeled
0x0dffa43d3255b0aa084dccba956061c522913997,Unlabeled
0x4d7482be71f296b4a4f75b0937206cdd564a7966,Unlabeled
0xef9ac3e10d41116dcf2a4848edd10d463d2287c1,Unlabeled
0x29065a4c1f2f20d1e263930088890d6f49fe715a,Unlabeled
0x8fca4ade3a517133ff23ca55cdaea29c78c990b8,Unlabeled
0x623fb33dc0814e3170391adadab1bad23547e997,Unlabeled
0x8888882f8f843896699869179fb6e4f7e3b58888,Unlabeled
0xcd119c2011e1dbd6bb30beb790a5350049fff06d,Unlabeled
0xa4f652905af1e734ed01475b5365fef39f1d91c6,Unlabeled
0x77927324f3f5de34cd735e1cbdb00f57862e6346,Unlabeled
0xe18443a594d384f5d0dd0954a51ff5eeeb032ec2,Unlabeled
0x1f540e4d3211d393c31fa343cffd080d9b11b29e,Unlabeled
0xf8b01b7b3347e63dafabba1bba87ee0045bc236c,Unlabeled
0xd2887cd5bfabcc2b34c44830eb0d1a6097580736,Unlabeled
0x2cfcfcc3c69b3522be3c2150806df91e69b8fc25,Unlabeled
0xa7e0673d65a110dc94547c749833d7a4b9c13424,Unlabeled
0xcdb5af4901641fa0080031a839a3b75dbcfe6e1d,Unlabeled
0x600f7858e3c353187fdb02c8c847443b5e771deb,Unlabeled
0xfa9389e80cd9dd9b0b429287fd4d1d08185feb58,Unlabeled
0xcfdb7d781fe8f4f26ce87ad8b82d84a62aa93f73,Unlabeled
0xcfdbf0895935f5fa94c18fe7942f112e0e0d3f73,Unlabeled
0x865d94aaef324be458fa9f1ebccf45a86a3adff6,Unlabeled
0x377bf5fb3b3c79493f317de51cdd0e8d907a0873,Unlabeled
0x55e909162d7f19bb68b2bbfbe0ae22beb7601f19,Unlabeled
0x382a7abd0575e2753b142efb56cde08a14ec1293,Unlabeled
0x5cba12988aa209f4748fdb86aedb7217f3e0c900,Unlabeled
0xd2671b3e1b6ec0df07a386177c44ac6985e09a4b,Unlabeled
0xb1b04532ac7f8e9ed1fc82c8ec1299d3b552adb5,Unlabeled
0x8fa1be5e0b3510c0812b48665aadb48c041a4d4a,Unlabeled
0xf671f538f480e4e18779a17c034e39b715021506,Unlabeled
0x00000000ecfb25b63e2bc620a08e2c0272c551d8,Unlabeled
0x4713b385c0ce576073a0794e9161023f5eb5de57,Unlabeled
0xd875dab9416f1ce77ef0d45a46f2bfad863a5f6d,Unlabeled
0xdae7c03252ab4098036bc92371ee38527725e6e3,Unlabeled
0x4adc60ac041d234a68da085be6137cc1bca12486,Unlabeled
0x6ff378e11e2abbc6b47278e439928189d28f8699,Unlabeled
0xeddf79055bf96d5a4fc5af8026464b9ce8980d9d,Unlabeled
0x945ff6c4f6a750d91a6566d45045d5790a7eec23,Unlabeled
0xfabda54b535a7772fa537f6427c3b93b7ecefa7d,Unlabeled
0xc15e1085848f6604c2f899f1eb87cac7b25b148d,Unlabeled
0x2898b257177ee19f554b49397317734e30d02e03,Unlabeled
0xc466329ea34b73677b6a4afe239b9b2f88bd3edc,Unlabeled
0xad671dc50de88619c30870e502915c0523e191a1,Unlabeled
0xcb5e2d5418fc6a9c289ada54e8a8e01d3fdf9267,Unlabeled
0x38112e8f0a4d6dfdbf9de773d848d75dffca8ac7,Unlabeled
0x8e392b3d27b604cb35686d02e14c2ed5fe5999e1,Unlabeled
0xd1972f3e10190a5a6e602ba9801c8cf98f596359,Unlabeled
0x4811197351c41957ddca86c40be8dbd7addca8d2,Unlabeled
0x0da400080e7eed776a4129bbdd2b201ec123508c,Unlabeled
0xcc029cb31e8eb155f1ff49062867ac6a2b913c55,Unlabeled
0x6a6fe8abe5f0e8a99ef36f59d6bbb83f34944cf2,Unlabeled
0xa962f4033ce35b9fa892e2910815e6ab4a264aa4,Unlabeled
0xd3b53ddc7410339d4c86e433423dddbf0d3a15dc,Unlabeled
0x359ff1eda7a4fac61cb3333650dafe9b7f60364a,Unlabeled
0xa4240fcd705bc8f2aa67aa2c38f465d3bd687cbb,Unlabeled
0x59510ba9c8cccf2b46aa4b6be20f34ae3f588204,Unlabeled
0xe6b78b7cc8689dcf31ef4ac260d6c60d08319dbf,Unlabeled
0x3da43447785e493ff834922d9edd67d552d5cb9d,Unlabeled
0x951f77bb4d85db4249eb93f6e068bb36d3e74f66,Unlabeled
0x21db0b477386d31b2167ac8c1e383965952e718f,Unlabeled
0x097129d8d2dee23268564bc68a0255e9961a414d,Unlabeled
0x71159a834d69273cca5c9404c3d549ae7c67b2ea,Unlabeled
0x89db1463a09dd5f75992f5b2cb8b0f0c47521a11,Unlabeled
0x4002a71b097041a24c894b65e3d7e249f5da74ea,Unlabeled
0x614fc13532daa22d016b21d8f4e01a86e642a7ec,Unlabeled
0xbf5915cb2a23a06ef7861583c932028cfe616591,Unlabeled
0x7897164703e74d24a31e92bd4c024213f56cd45f,Unlabeled
0x0c9d2c118d540c192593e48bd807134c83eddede,Unlabeled
0x9635cfc0fe440dc413d58c452bf9e99dcf2ee1dd,Unlabeled
0xecf3abd1a9bd55d06768dde7deef3fd2a48c8e13,Unlabeled
0xbaeb6c2d4aca8792606e39f072d2e5d1fa439dd1,Unlabeled
0xe1d8c6a51f718a2c9a7da7bacca1d3d36c797df6,Unlabeled
0xd06f0d5c8eb9584e5b8c7eeab72a5641be23a28b,Unlabeled
0x9840e029db71df22482805baf6f15a05fb7ca1e9,Unlabeled
0x262a307edbed7804d36bdccf537b4916809eb872,Unlabeled
0xaa3cdf631df9f09818e76446a07822d213680d4a,Unlabeled
0xf483b246737facf14a8b1e0d76bfaa9696496bb6,Unlabeled
0xdeca667230ef348ad9da25e5ba3944864e443710,Unlabeled
0x1d91b4afe29697ffc9197196f97de9210892d40e,Unlabeled
0x499ca60d34c4bdc7cc50ebd7e06578b2c63cdbc9,Unlabeled
0xea103a0165ea7f11924a3e711e107c7c89ab5a48,Unlabeled
0xc2f267e85ad6ee3a27bd3e224fbc32752b824c87,Unlabeled
0xc2a623c86f4970ca503c9af2b6d6593f52dfa418,Unlabeled
0x112c61344ede8aa268e3b333f7eaa03b092de333,Unlabeled
0x066a72cc8ba1a38dae993bab0e29a77d732cbaec,Unlabeled
0x905ce249ae25b5ebbeba29366589b58e65c44017,Unlabeled
0xef54d6d98bf4f94663329b070119138644b94a3d,Unlabeled
0x50a95edfab9a2838b23c695d6395644b238fdcee,Unlabeled
0x35e600c90f6937a4c8596f20c988dd9181e6be91,Unlabeled
0x3251d651d0b800c738d1863acbaaccaf77c2bda1,Unlabeled
0x51404b6ecb8fc8636ad8f318e3b58a87501b66e4,Unlabeled
0xc7d842ed5ec1ad00a87ff9ae8f5b2b78e1898b91,Unlabeled
0x03450ab48e335edaccd03751b66e2ae68c82b894,Unlabeled
0x0345d7ea60ba54a79da0da9638744b0a37d7b894,Unlabeled
0xfee13f77102cf641b57902772c2346e9216b2681,Unlabeled
0x97c7db58cc4120689da7bcc662e9794b5b1a3db7,Unlabeled
0x1a6182dc00b4282158934c99403d2b308d15d459,Unlabeled
0x21e01783956e0b4cc20c03e8116e98e5ba72b246,Unlabeled
0x0931103e69f77e0c8398260d2749a45ec60c7eab,Unlabeled
0xee2ac0139afdf9a0338bafa63282365ad577c204,Unlabeled
0xbd0c14565ea62206df45b556511392993b765443,Unlabeled
0xb371357a3e7b9cfce9421b269f87e7bbac6fc6d6,Unlabeled
0xdb89e3fcce563c3daa7c83287ebcceb67bd868a9,Unlabeled
0x886d2bc01386b73b1874fcf66c6d9cf8993e36fa,Unlabeled
0x7f5cf512bb41ec32b97de143357f970eae9f4899,Unlabeled
0xda875f34d1bc12e0f6801ec713039b0f9861a82f,Unlabeled
0x1689a44c8fa8912342344b5f56cc92138dfc9201,Unlabeled
0x6e7a3d87028ed91056d9639402fc9461774f556b,Unlabeled
0x6d9e44fbaabfd14efc16888f930f88564aec1612,Unlabeled
0x8990480281da6f91f38ec353875d051a6dab0da3,Unlabeled
0x9eb7c93c1a3c3f5183271c664a0f27e4a5144eca,Unlabeled
0x2171eb7c75d23b05afd9fe2051132ba5ec6977b0,Unlabeled
0x73d07e44f59d7de3bd0e30ff485dff090f03d11c,Unlabeled
0x4724232d0d1bccce4e40aacc636ea0c80cc08bb5,Unlabeled
0x84b02a73406af5775751aa3cae40a958627506da,Unlabeled
0x8d895eb786597ca677928234e61d1d56bfde632a,Unlabeled
0x8cb9fbb22b39fcb9a2cc9a173cd2207aad1a0eac,Unlabeled
0x33ce0b6f202754558d84aec85084625c48c647cd,Unlabeled
0x5099e00baf0e3bf591378a460ed69972986573c2,Unlabeled
0x0120f300b911f61a385278e209c291c7aaa629cf,Unlabeled
0x4d3d10a16093642b503dfa319e5d2afc282db3d2,Unlabeled
0xb0a233f17e605ff1df634ddc7c01fe35bd21cb5d,Unlabeled
0xd65279608ca6057483e8790c6dfc6f6592346288,Unlabeled
0xda0f6c147787aac60908f3efdef3f937616f0659,Unlabeled
0x5a22fd22140be98884832f47969674c86b552e70,Unlabeled
0xcfb6bd342d72442a8c257c2b35b5e5f34451e082,Unlabeled
0x21caab8669f9c22f232496d648c23ebb33836cca,Unlabeled
0x49fd509989c4fdec034e1a93eb3ee1ce0a05bda1,Unlabeled
0x9e43cb8e24ec5a8d1fa67e70d232e24c296bd7a8,Unlabeled
0x77cc1095a11534938594454f101504f58d7cbbd9,Unlabeled
0x16f6d15381bee4a25b25f0d1c4161b78f7f21fde,Unlabeled
0x6cd49fcd95cafdf693acd0d8c64b0703e0ac3ff6,Unlabeled
0x74da35e09d904eb63ba9de2f6e6be4f8cfe7771c,Unlabeled
0x4f1410ea42fa35097eb119ec4ca7b570b7aa641a,Unlabeled
0xb58c419c5099bd8947f10f9d72f596afb03c45d1,Unlabeled
0xc3fdb31f9b49dc3cdc41394f28e7c95d1d829f53,Unlabeled
0x59048fe78c88aa42e7e0447d33a375358cc0d110,Unlabeled
0xc36a3b7c05966a989e70e3f0a7fa97ee4d6d0d1d,Unlabeled
0xa0853afcfac971ce095135e8fb0416e617c41c0a,Unlabeled
0xc870acab6bfe070690e42c9c1900efeaaf04ce05,Unlabeled
0x88ad09518695c6c3712ac10a214be5109a655671,Bridge
0x456d62d1ca041585db35d32296e5969c0541cae6,Unlabeled
0xd1956650ad348908cb9381148553c941ecfaddd0,Unlabeled
0x80ead689142f764ef054b06fc760e03d67bc085c,Unlabeled
0x41b2c8fd1220a1ded107572e6f6118d802ece24e,Unlabeled
0x4c9f7207be28278b9dca129f2e211acfff48fb01,Unlabeled
0x2a4b5ea0164f7809ff7aef2e273720baf9a24e83,Unlabeled
0x0d1f254b7cd962b7e9f09fd3c3531f0a710b5084,Unlabeled
0xd18806ab163bb45ec34dc6fb4f695befeeb28160,Unlabeled
0x55eacc246354833b639b6f90a06e4b8a188399f7,Unlabeled
0xabce329a1bddbe867e31848944a061570c17a010,Unlabeled
0x976a586388d35128a038008141f66ec478517dfc,Unlabeled
0x76b855fe3f910ae205a1d0043877936b04ab2817,Unlabeled
0xe9a04de77a02772aa69161728a3ca8116b95c9b2,Unlabeled
0x6cba5535b241fcee70d671c7c491149f8ab7669b,Unlabeled
0xb643511e797a3e581b80b34bdb7f7c91fbe5d521,Unlabeled
0x748ba6fe62cfecc4ea91dba9d4c16be8957ffb15,Unlabeled
0x3e3a45a28e6f661776ebcd754eda1557c09f2858,Unlabeled
0x15da7556d5ed888306839bed06f868aeaedcb0d7,Unlabeled
0x2670c3803d1862d47d1ef88f7bedef6196690337,Unlabeled
0x565b93a15d38acd79c120b15432d21e21ed274d6,Other-labeled
0xa269e30829a82227036967873bd249279eb676ed,Unlabeled
0x5f3dcb812acd2586bc8beae0bfcb1f415b86c6c0,Unlabeled
0x1782c4707dbf0b9b5b168f1288cbded8d809feda,Unlabeled
0x8de3e604fd4ee667d92f5aeaa819c0a698955cc2,Unlabeled
0x5292d1682aed31eb02d6a39804bb4b60ac98d572,Unlabeled
0x76913731304f52b9afe3a652460ee1dc8da78975,Unlabeled
0x5bd322cdb9714b34db74863bb429f2796a743ef4,Unlabeled
0xebcf16b3d1c7143781825c488f56644688d71b3f,Unlabeled
0x69ab87ce695cbd9db95b9bcc58b67df106a6061b,Unlabeled
0x35b9571ef5eaa24ec626acddde3b02b595a5eb0b,Unlabeled
0xcafcdfcb0fdf20cc85476f35df0681e4b2d4963f,Unlabeled
0xde00335a8b96bcf691640ab4301fc3839ee87d6c,Unlabeled
0x58c4bb140072816095688cb04364a9efc8952eeb,Unlabeled
0xbe7a9ec8db3a36a766bcaa863ac012da8941d6ad,Unlabeled
0xc37002b0e6127d6dc54d5390723bf84ffa26de65,Unlabeled
0x6954b8bfe590189ebde839f3d8dfad2817448ae2,Unlabeled
0x27ceb3ee44c9ea042da9fa039e2afaa95a7113ee,Unlabeled
0x07a1024b8a43bcb6a88092a1749c892dfc0639b5,Unlabeled
0x9d06a1e7fc0460bc9fd2d5a330da34d49f83abec,Unlabeled
0xa7dd5b9c977d7a926d446d6b939be48b93423c34,Unlabeled
0xbc2a376657ade875d3aa945e4b12b2e78c2e5723,Unlabeled
0xf274b9b254217d383548d6601512348e2173c830,Unlabeled
0x1193d3e523f7d07e3327f2156f182b82124217a6,Unlabeled
0xfdc24b3f0fe19a8396e48db4ca4eb4049fcb7a02,Unlabeled
0x1aeac8f1e5950738488cf84feae80579abca3874,Unlabeled
0xbddffb57dd3b46039493eb2d125f83c480e951a0,Unlabeled
0x5af2cd15e362063ce0839e9387083ff64a3bd6a1,Unlabeled
0x66369c9ed46123df6a963b2efd4b1d39b330bc69,Unlabeled
0x744cc22e3ebb2da9f01c85064c7ec471fc2e0936,Unlabeled
0x2d8e1f3b4b0c6dd4ffed3f36f0f2e8ece3bee165,Unlabeled
0xf7aab787787631d5d180b54b83747e6654e8f6b6,Unlabeled
0x5aa8846af5f244ea376d8e72b84225a52b703944,Unlabeled
0xa6e03016d3c517142b6d769bc6429a4efce3e589,Unlabeled
0x314099abdeac3e534e9b93023e7c0257f08bc5c6,Unlabeled
0x27514b410cc8e1caaa8d9c98147541716d8da86e,Unlabeled
0x6fca00776f5509cae592c7ad15b891fb12dba894,Unlabeled
0xaac3ee81b6371633e59dbad6ad841b1d24a892ed,Unlabeled
0x31fa8cb891d05c6c3301730417f20d407db63349,Unlabeled
0x81c1d39850a7769835eb071dc94a648d1731cdb8,Unlabeled
0xd996312d77236124c869c015924dd147dcb46397,Unlabeled
0xd8fbf265269dd7b4d6ed27866caf0f0568900811,Unlabeled
0x3107d4b6ff78db4c46582ef3a014248a54668616,Unlabeled
0xbed561bd2b7a3e296ce3d2f0f860bad332718d2b,Unlabeled
0x901f812a445d7a668ed170a78e461538177c2490,Unlabeled
0x54787ffab9e21ef27735972f5263b2876ed5242d,Unlabeled
0x9aa3c330d87670a74390cb049f30372104e15443,Unlabeled
0xf72258488679efb2c14726c33c57690d9593d474,Unlabeled
0x6921d8ef65d43ff8564ee311566ba6a0546565f0,Unlabeled
0x6d9eb73ae96186631c241c0c3bd67ccfd9fe1612,Unlabeled
0x630051092252a4cada0d1b2682617535dcc6c92c,Unlabeled
0xaffa16b152232dad8bf3aadf6bb6f895a836f917,Unlabeled
0x60ad85e9660cbc315ea9679393c08e8ff7d53da8,Unlabeled
0x7a40cf1fb8ba6d733dbf6d761fcb5e14a0f49b11,Unlabeled
0xf8e7720f62600d7826bac9855625137eef2144bb,Unlabeled
0xa68272ffc4606d67a3db2071cd101a5d87a64a52,Unlabeled
0x710a1b27e6088bf43e294b397bd3c354ca284c9e,Unlabeled
0xba7a03a37c0799a4182d1c4ca3bf3321f8ba3329,Unlabeled
0x59363eba1b43aee48f160facf917365f19e0abfd,Unlabeled
0x8fa1ada518ac749dde15ca88bbf07da317684d4a,Unlabeled
0x1a4d7d29091decabde7a94f97ed6dfb49e18b963,Unlabeled
0xceb691871605c636cd536051305a9c47a49866ea,Unlabeled
0x4ae78a36fccb9a46d3e71c36570545a10325edd2,Unlabeled
0x190544a5d309ca4faa0f09db95ceefde47a73656,Unlabeled
0xfde876c031714280e9a8769e56380fca644cc271,Unlabeled
0x7691738e337c782d78d133094107be11a2148975,Unlabeled
0xe9e81601bdd847e0d1e8bbe246fa3b3d1e0e91a5,Unlabeled
0xf1ce0967598b1e4f981af7915a4d4c8951ca4f16,Unlabeled
0x8698500917b4beb25a3f647365729bb4e10e35a4,Unlabeled
0x4ecca4d8ca05e02e6c5dd9087d29fbbf39e8b90c,Unlabeled
0x00000f91109c4d0007e90000d9facad5298a0cac,Unlabeled
0xc363d24c4db52a99c18f3ac9a898df8858f0e111,Unlabeled
0x40ec5b33f54e0e8a33a975908c5ba1c14e5bbbdf,Bridge
0xd0d36cc30214e4789851f02b11ce5926d1c3b14c,Unlabeled
0x326c9bf49afb21a6d2c752369580133cecc67e42,Unlabeled
0xb68d3d21fd84c1ac783b3a0c48529ce6893f29f4,Unlabeled
0x5868c3d85b5ec44c18c3e1302a784ae4f186bc97,Unlabeled
0x24e021a47332e8147fa5f87f35bb3a57a67f4faa,Unlabeled
0x05bd145ee9d04f3a9a72c73c729f5dfa5d6b75e6,Unlabeled
0x59861265f201088607e691dc3e4e317197cc99d7,Unlabeled
0x96853ddffe9c1feb54d4eadee9ab42ebd701c115,Unlabeled
0x2ff6432621d2141bbf504a4734d686513f9f2e81,Unlabeled
0x9cbdbd7fa768ad6e9546ff57238722fa9b925329,Unlabeled
0x6e4bac0fcea9464b5ff53daf3b59631de53577ec,Unlabeled
0xa8a325ed5320ad91879fd1e16855fa80237324db,Unlabeled
0x15cb27190a21ac6e4bba92e734b157eb759cc1af,Unlabeled
0xefd24fad811e687385a0a8f9dbc40968c1e50d8d,Unlabeled
0xe9cc87bb89ae867158d92323fb69bc9ecfb0cf86,Unlabeled
0x731a1e82dd70033006dde7e81f8eecd287bf4b0c,Unlabeled
0x5b72b1f4527308a13e253da92817474df3f0f95c,Unlabeled
0x7727f7202a783a9cb926f672a96c9ad11c2dae16,Unlabeled
0x4211e77b874c6982aef05dd0dfc6fea53eccaae4,Unlabeled
0xaf74165e3cadeddcbcc05d4f90afedea1ca0f6c6,Unlabeled
0xc1c681f716996bf727d23b5f275210c2d5bfedd8,Unlabeled
0x69fce63fc1be3143ef21d9577dff9e9fc377a98a,Unlabeled
0x03a53ae24f888c3533889c37e0fedb1196c5f16d,Unlabeled
0xdc5755154a6f0c759f82e05e24d49643538398d4,Unlabeled
0xda7422c43c03aa6af389ffcb8f32f353368d6ca4,Unlabeled
0xd75a6beb017cc5fdd0ecad0fd604472d9f2cd45b,Unlabeled
0x1d80488dcfd9114013c94abb770f1078e23a32f3,Unlabeled
0xe6a21b3e58340229b88e29cfd6c9a923a0315ed8,Unlabeled
0x70e4b9eef25fb860dc612db0d672336db983eaa2,Unlabeled
0xb657ae27544950962469591284c917e915e79ff0,Unlabeled
0x44adbaf7f852c0ad7ab3a4a2ee7d6e232a1e2786,Unlabeled
0xf25a3ed7eeeb3bfc14287c50bad953243ea44c63,Unlabeled
0x02286c08e9d7f544b2dd70e7f70a239c2d394924,Unlabeled
0xb67ae39d7b25d873c996409ef9d34a4e59042f1b,Unlabeled
0x80825e1742ae7fef54d8ea6af8653aae0abc0ff6,Unlabeled
0xc0b027808db21ec6ee6deb203f35006bc4de606a,Unlabeled
0xc3ae285106d44bebe80bd2bea93295223a3cc253,Unlabeled
0x2aa3a8d260947d9a741f988a5a286f98b154adbc,Unlabeled
0x919ac746b26ace12fb073f055fb26be6ce22a6c4,Unlabeled
0xce33464892d28f38f5cf175184a9235c266fbea1,Unlabeled
0xa5644e29708357803b5a882d272c41cc0df92b34,Unlabeled
0x12314d11ea2e7ae26689b53a793ef38334c31bb6,Unlabeled
0x0456df625710bc6d0f7e17ee84ac34348d43709b,Unlabeled
0x35b744ff661f569cdd0d78928462188105360de1,Unlabeled
0x9c5a5bf1c40b50eae0c0bdfa044427661aac2cd0,Unlabeled
0x8afefd129c50c2455c550ce1ccbbf1ba8333c125,Unlabeled
0xbe9d5bbdf1f7bac32a58cca8502a2dfdced657b1,Unlabeled
0x7e88e83829f51f42770bbde60f4f570c1fda3fcb,Unlabeled
0x0f5b2149423d8685a80b56ff301ea84d124752c3,Unlabeled
0xe6b2c7a320c6e74b0fde701d4643cd2b2c858fab,Unlabeled
0x6618714ae0fbc107ecb8af60aeb7a9894d8350df,Unlabeled
0x0000824b0a7b28a422dc3038d983892b0c8f891c,Unlabeled
0x352df878876b456c7049cc21533a0b12f024e915,Unlabeled
0xa12d25a7033af8561facc9676c986835980f9c8c,Unlabeled
0x55f6c560df87974278eee6d5c4b2dc6d2735114f,Unlabeled
0xbb3733f71a05cdd958aa114caba99e399de18743,Unlabeled
0xba6ee5e49bd8e13a93d9cf8b1537cc111bdcd0af,Unlabeled
0xf4fecf518603281fb4271783adc968cb89da4d6c,Unlabeled
0x8305d1ccd52d46a4f9badf475f861c8b14884d53,Unlabeled
0x9a6940e51f181850a4aecaeb077e7e21251029cf,Unlabeled
0x87e59d14e9688bbb15509073fd8118d1a3d6d96c,Unlabeled
0x7b22efbed1f0eaaa64c850c99490ecc067b85c58,Unlabeled
0x73bce37c9b8f9e668ad7aabb52c036a6f277cc9b,Unlabeled
0x44f096d825b1300870c43c204d6e544b6812d2c0,Unlabeled
0xdc983ed33e1f513cffb1dddfe60968e15e5e989b,Unlabeled
0xe8576ca21b1700b98545898f2e76e20059fb9f0b,Unlabeled
0x978875cfd93576efacbac84f027256180c8d9741,Unlabeled
0x223fea5291d43a2fb372c5f332e9ade371ded0b5,Unlabeled
0x8be47c4a2faef153f608e6f62e157d596541337e,Unlabeled
0xa19e0e859a4fd73eba65dfc8a2edd76fb104b97e,Unlabeled
0x466a6a19bf787a3e31f49c5f5846cdbb81231323,Unlabeled
0x1676a7da4c03a339abcaebff50dd346e0536e51a,Unlabeled
0x0906a879ea0f66e3559f11b25b866dba247f9e63,Unlabeled
0x6b8402cdb7bfbfd1128ff7d4331536062487a02d,Unlabeled
0xf08ed8ab6166d603e23d82d31f01e7e1303132a2,Unlabeled
0x11f8149419ffdf48b67388dd5024dec89b1bdc7d,Unlabeled
0xa0ebde105b2a206cc0c80dc39ddc80a4d97a137f,Unlabeled
0x8beec194f7eca33e6a6dfaf030e73f750071ff5c,Unlabeled
0x40475c706dd495163fd7890c9d3ae90ae384f6ff,Unlabeled
0x0fa63bc4c1d17107819ec76495c83456cc014e69,Unlabeled
0x7bd27a0103e48e25acdb131cc190314562171fde,Unlabeled
0xc73cad97a5682cb19270cc0b6adec7472f95ff1b,Unlabeled
0xd760f299b35f4fe4364c941d94e5fc09ecdb9750,Unlabeled
0x360dcadcb6e11c5bfdf301cb1254c21890ac2f51,Unlabeled
0x0fcaa99a840995c3131fe2d85547ebfdfa5a737d,Unlabeled
0xe2ebaefba9c35f1185a2cf4d2f6cbef1721dfba9,Unlabeled
0x70e32f1db7d0956c14814e3b80b1393c4e7dce74,Unlabeled
0xab568ee7a9c94b8f46daaa7f9cde98b9b33c1069,Unlabeled
0x0ce35d979225cfced9aab428ee9f053db98821fd,Unlabeled
0x31205cc04a58690d0c0222873ad76c4d91b568ef,Unlabeled
0x65d80e4dcab4c6cfa310f92f3ff7fc6cfa1dc378,Unlabeled
0x3750bce9ce1f6ec5bff36f5ef372bfa2b47a7640,Unlabeled
0xf9b7ad873ce26a2e62b5eca375f84ee86020354e,Unlabeled
0x5f0e255d2c333ff59790acc4ca767e7b86ce2499,Unlabeled
0xc6a659feea136230d1d4d6bdc181cba061624c72,Unlabeled
0xc6a6b1ca7ef45576d86c44195a325a3fc5054c72,Unlabeled
0x98891d227b555836429bf77d6b613e42e7442d50,Unlabeled
0x5dcee15c713d6466aa693cab051acd69217b0eeb,Unlabeled
0xf5e665908a7addec77f20cdc44c78b2352816a56,Unlabeled
0x46d4be1f429082c90638160f245d9aeca3440419,Unlabeled
0xef3b8145eb5532acbaed2a091affc4d8b075de68,Unlabeled
0xbf8befd38f554e150f3b91ecccc4ae9ba3a0a32c,Unlabeled
0x09d6cf6138f812d67aadd678b43d3af7c9dd0412,Unlabeled
0x96b43049a412623724e079f74d44f3767ad156da,Unlabeled
0x6aa074175f707f19be8aa367472bcc4d4445e0d4,Unlabeled
0x33b0cc205c1c746fe46f6896b6c96bba69434cf2,Unlabeled
0x84eb1e8a3960ece9c0d60daf33107042b6571c2c,Unlabeled
0x60841137b1ddc612e6ea4f5b358c91ba6159d529,Unlabeled
0x716ce2f34d8ea7d4ffbf96adef2b5fd82213016e,Unlabeled
0x608462a8ffb28ecc67050ec23a9b43b7d368d529,Unlabeled
0x6dd642e406d899f36c475f059ea24b5274c2ef21,Unlabeled
0x0007a2a58f7458ee2b9ef2f24d00e59d486f65a5,Unlabeled
0x0818126f5b328558ae1810193540516530f4403e,Unlabeled
0x2d3744f66a84e51e6630827090758fe7585663c5,Unlabeled
0x307cbdc078fa0469accc951a1e411cf9a2e35753,Unlabeled
0x63136ceec3dd4819641e1130e677f317583d5b67,Unlabeled
0x3624f2e767f22215b5ff44a792f3ce22fc0485aa,Unlabeled
0xe289e09a6e41720d476cb6b05b0d8025d678b120,Unlabeled
0x729a3afe3adb256c43fcd06aaa503454163230d4,Unlabeled
0x1cb30a59b9e191fab816f488fde472cd06218245,Unlabeled
0x529681152655be71ba7632053fc7e15978e7265e,Unlabeled
0x7b1ff16e7a854ca611ea7c8b1203e6e4fc6488ba,Unlabeled
0x0ee1d66344e9f009583625757ccf0a203aea560b,Unlabeled
0xf3f25cee9e2b6908ce6840efbd3119fdc265fee5,Unlabeled
0x325d2bd282aaf1d05bf7aad3be61d4a350c5f64b,Unlabeled
0x3eab639a0b77ada3db664732893646a218f2ce07,Unlabeled
0x1a397e1f7749bf14f923ec4f81f191acb8481c0d,Unlabeled
0x112cb732eab0337b88cf7437f6df2a577215a722,Unlabeled
0xe5350e927b904fdb4d2af55c566e269bb3df1941,Unlabeled
0x7f603328c95d6c2457718486d39c962d551eb752,Unlabeled
0xe9180bcc360c707b009a0dd13fbe4d8c45d47024,Unlabeled
0x93a8333ec4db34211d068919ae1ab022be8188d6,Unlabeled
0x6f0538001f90d0a5f0000060d01d34c002030900,Unlabeled
0x204809976cf389e319368493563f6bba3207e36b,Unlabeled
0x95c842e5ca30200b2159a657a7dc4188967dcdf2,Unlabeled
0x8466529e0828339c5d0041b75955b9d5d3fc5aae,Unlabeled
0x5ffd71ada755cb2e0635adda04fde47a56fc4dc1,Unlabeled
0xa7f43295885b16b39f520f276025ede6815eff29,Unlabeled
0xa672de43633122bf729cc2a4a9e5fd86c543f209,Unlabeled
0xca7a1c7cd5f37d0b181572b580cda39411b46349,Unlabeled
0x54e4b84023c95983f00503424f431c34bab16b03,Unlabeled
0x766be69e679b96e8a82d7b1f7e427f692e3dcd29,Unlabeled
0xa530e12511a7c1b010a3188ec33270c39e83bf1e,Unlabeled
0xf49ae8e1a39f88c1a74d5e75cdd7b006d0e4c413,Unlabeled
0xd11dfd99ab45bcccf8e28ad232148cc95d26a057,Unlabeled
0x0f3537197d1447df1557b1b6600ecc14965661f1,Unlabeled
0xa3ed5f8b2239fb08591b9076e85d6a24e1a2e6d4,Unlabeled
0x81f5eaf4dcf6468a16003a70caf706684c936133,Unlabeled
0xc66954ffc658d3c5e60d0574c7be85d73e6d80fb,Unlabeled
0xe627ae5bf652601b49a16570a9004c09bd68edd2,Unlabeled
0xac80bc5cd0bf61f1d5565b9f277198542f3efc56,Unlabeled
0x112c5698e6ce9ab30ad4654de9005c2481f3e333,Unlabeled
0x4ffe5502630d7d4a0eb490d526728b6d9e6bb902,Unlabeled
0x404460039499c774c48248552f802ce5dd482e32,Unlabeled
0x8727db3cf4929ace6e64d44c77e233c0c59a3b1c,Unlabeled
0x85fc1ec1e0b1a9c201545d65a1a0713829323a74,Unlabeled
0x468d43aea4ee9ffdc5b4ffb1447d9995316d4020,Unlabeled
0x9e428f89acf47cafa7e78273470be8ae1d0aae4a,Unlabeled
0x6530f028c6102ca356dbdfa89ff4466262c6911b,Unlabeled
0x915e9b5d7c5330ab57c056db1262c65b95a6e37a,Unlabeled
0x416895e350a00ac681087c3345e8b8c648d76e96,Unlabeled
0x5ad9285720dbbbec4d891f3c159e9cc14f35b529,Unlabeled
0x0079a23edea601190edf1cda05c8af3fea2f2d9f,Unlabeled
0x05295180855cf5f9c0f21aa07861a8e4a2f553b7,Unlabeled
0xfced8d6d86232d8e69556ae8cae655201bb03821,Unlabeled
0x56ecaf839ebc39fe7c8e0dbf7beb953735ba8ccd,Unlabeled
0x31afbb5ba29468c1c967d1aeed87fe3cfdf70d22,Unlabeled
0x0f4464075906b10bdfa02976048137b2cb2af78c,Unlabeled
0xc46fcd651bd6ac11255886feabdcebd58b870c86,Unlabeled
0x5b6ec8d7baea094058b49126a03f2a4ff18a64d5,Unlabeled
0x9ec4ae62e1afdc886555db443eaffa775ca66847,Unlabeled
0x2982bb64bcd07ac3315c32cb2bb7e5e8a2de7d67,Unlabeled
0xc3a6aa06aedb0d641807e0e2380d3e9bac97b9dc,Unlabeled
0x33a5e430b626d2b6f93fd5b94159d30a636a0c4b,Unlabeled
0x625dba6f63037737ce4eae89782b728904095daf,Unlabeled
0x899ac3cca1fbd76e787514cadefa79eea9aee5a2,Unlabeled
0x06cef69e7df2de1bb8bc4cf416142f1ea6494829,Unlabeled
0x8f21bb6dd9ad71ea9c6a5fb22a3743d10184f9c6,Unlabeled
0xbc4f98d5d38da32d87368da1abce1a16b8243005,Unlabeled
0x3a5e8ed5faee281df14cfaa8c70fd7d183503a78,Unlabeled
0x7c6d7bff0f43b32b6edddfecba17e0293e7360b5,Unlabeled
0x49594003dfebed1e3e8d229f808baa3aa8621242,Unlabeled
0x190257767f8ec5119792472e5b11a7288bd92c02,Unlabeled
0xa78b032318db36d746200115d4e7b596cfa6a35e,Unlabeled
0x9b4e730066ed38f555f7c86b363e7cfd78335eec,Unlabeled
0xf9c1aae0db2c8263ad63c595dbed726bdaecc714,Unlabeled
0x73938b37a3fdd0107babf6d0c10e5b835873ac76,Unlabeled
0x395d5cb794b8194c7ac5275857d13085a8cab0dc,Unlabeled
0x7ab1b863af9e5b6eb35e35955d13bb8b2c0775b6,Unlabeled
0x064aae71abd1a4f51e6f10ee59f4515cc105eeb2,Unlabeled
0x4f271cdf64ec0f612cfda2cd20091e22eeca226a,Unlabeled
0x11c17dca0ee110b91e391855cf0b749d7fc72d56,Unlabeled
0x5c792e376880ecfdd4b6e6974b3ba22ecbdc8010,Unlabeled
0x13b332ec9d99e0667db6e7623cb99947547f91c4,Unlabeled
0x73d8c70e6f20e75afb848e7347dcbb1d55dabdde,Unlabeled
0xcaed3773fe3cb6a2c481aff0c0b2f20d2c1958fd,Unlabeled
0x87f299fd7823c2e7148cba705cbf2d6a48e2414c,Unlabeled
0x4a2fa02fa6b47656c9d3860607399998c696d65a,Unlabeled
0x2be2cc5ed56679ae6e290d7e00f729f177dea077,Unlabeled
0x186b5c9ec0f77fa4d21abe3b8d926ff96d2aca20,Unlabeled
0x91f2dc9b43feb3fcf4ca60f9159e7a22d8b4aec5,Unlabeled
0xa082a4414e813f3835c58da05983ebd26c8d3568,Unlabeled
0x0e308fbae68a6f09c8b4dfb2f27cb1e493adc929,Unlabeled
0x4b62792cf34c13d6e63d125f2795ba0886c9bb76,Unlabeled
0x2f835382a5ce115513ea5bebafe27e5a0645decf,Unlabeled
0xf31b60a0c20ab6c81faf2e29dcbb0c50d0f57988,Unlabeled
0x296658bbf87d0395736e7103ddcd2c6adc6fedbe,Unlabeled
0x349d6e2915be3923a33507455ed7dacd37cd1dce,Unlabeled
0x25a3f09af1f6b8911af90f3e015d58d560a3f216,Unlabeled
0xda88113908f2473da9b6ba23ef40f2864b6a27b8,Unlabeled
0x05cdb1526f6e224e02919a4c018d9784ea25eb3d,Unlabeled
0x0e255ed7c8d0f997dcd4eefcc5f9302941117713,Unlabeled
0x84e39518b9a8b298709604e8fd5525307d53a710,Unlabeled
0xfad9d3947cb1d5ea571fa68ccfb2505250cecf1c,Unlabeled
0xe3b317fd286e0eb5b5cafa48524956810dc35e50,Unlabeled
0x1b80fcaf925fcf42f46f1f1d7f151f701e3e8106,Unlabeled
0xb31a1fafe8956df66127ec50d86bf41ee7e6c17f,Unlabeled
0x3124c06f472596b6064f54990d65d1252d85b319,Unlabeled
0xfde27f4ae545b897fc63f0d44602883740a3f7c2,Unlabeled
0x3dd80d28e26fb81680287a1142888fe08635fa3a,Unlabeled
0xc329393bf8499d3f03a19c0853300a5568c78a37,Unlabeled
0x9b3e7674bb268ebda2f957d6187439625c81b5a4,Unlabeled
0xdc99bbae11a8333f996b8230c80179d7401d01f1,Unlabeled
0x6fda6f746366b66a1aedd4fae34cba12c217ca9a,Unlabeled
0x9e166c9b482699b442743a6019b1d7e599608bef,Unlabeled
0x355d6db371cdbcc24ac6907bb98377ad3f232b8d,Unlabeled
0xf8e03dba4e99652145583a2fa566b0408091c207,Unlabeled
0xe10c4b8de9898645ee99c11a7b5888c539bf58f3,Unlabeled
0xb4dec466dbe993528acde61c8015e7cc32c071c3,Unlabeled
0x2385d4ef8c0ad8f0fb151d2840c7c9ce37fd2ecc,Unlabeled
0xbf000000a1f768e94bf68257138c8fd34f7dfcdb,Unlabeled
0xa36d8079fec0eb1921731ae6214ba6c267fd9b82,Unlabeled
0xe443104f47314bf89b3f6d532ed034d5b7e4b822,Unlabeled
0x49f4527e1443c86eabf22ead1e4bba36eea9ebf2,Unlabeled
0x24c1b093b7c29b797678f5f1b1a599540a945568,Unlabeled
0x5421a426611e9090b15cb5ce0e5c4e0b0ac7a752,Unlabeled
0x11b602793dbc6b5c3e7ad07578b6aaf2b5dd108f,Unlabeled
0x7716270b2f37f25dd93b9d2318c8a4685bbfb8dc,Unlabeled
0x220fd145e9e42b960c063ed26a8e6ed9f7ca3f57,Unlabeled
0x55b7a9705c1a6d5ff7997258f646dcce2210e93c,Unlabeled
0xd21b32470e1206e67cb3022e5fe1bbb494dd1aa5,Unlabeled
0x13f073bb6338036649e16e256f31784666a8fbbb,Unlabeled
0x34906e81ce9d41617d25d107594d3dadc9baeaf7,Unlabeled
0xe4aa002d49faf0e62b923c924aac54c25702332b,Unlabeled
0x628dc0ca59cebf126b97b18bf5ee9ae9910904ed,Unlabeled
0x941ff83b327306fbd0d99c2d23acd08603bd4399,Unlabeled
0xb91a482564ba8d53893923e3bce11b01249e1b42,Unlabeled
0x3ffceefa7367b103eb97bbd52dc9ace1430845e4,Unlabeled
0xfb342df361066a708626837b46e0a20fea29fe3f,Unlabeled
0xc53842b568eef0822c6286a23aeb14b86f6074c8,Unlabeled
0xc7c52b5d386b999ffa1e469eb723a299881e9df4,DEX
0x8845686b29d6ac0a18926eed87e94c2227827fd6,Unlabeled
0x6e860456158b96294404d97f59d96c928b91b0ad,Unlabeled
0x763375318761c9a409639e006993e94821805ccc,Unlabeled
0xb749fb4b9e51d47410d660a643432626d633e9a1,Unlabeled
0x2c3bdbd2c35c61a2bb50d41518efcc3f33d9137f,Unlabeled
0x06f4778f61b5d1acf1a8a1ea725908838a288c74,Unlabeled
0x50a25858feb7dc1478ab76245cc3b7604bbf330d,Unlabeled
0x1fd6a67eed69f3e157859e3ac946bf964abe280c,Unlabeled
0xc165c9a4db89aa72b23f66b96731a960084a1fe2,Unlabeled
0x93858802b8cb663d4a0f7fcb4c21d6d58f955b62,Unlabeled
0x489f8d6f26f1be964d59a24fcb2b463d027634f6,Unlabeled
0xe2dff23f455a28a27acf27d8ab45e6e8ef17bab5,Unlabeled
0xec25b9544034fa151d39b798c4d8572b4d7b63f3,Unlabeled
0xb812fb256fd3a215c2dd42a68f63a7eb9482d3af,Unlabeled
0xff9b21c3bfa4bce9b20b55fed56d102ced48b0f6,Unlabeled
0xceea511fc8c1e2dacbd659fcf096e11f8148d3d4,Unlabeled
0xed039488114de8cf7fc00e3e6bd2c022885c1751,Unlabeled
0xd1d3730965adb44e8af1943e1431498e260c5739,Unlabeled
0x583fe83acac9b9240f500aa56ce01ace515dfdea,Unlabeled
0x85273970758c8f4aaed790eeff2f741825169a73,Unlabeled
0xc0f7030a2e34ea469c5dcdabdd3ada11393b5c2f,Unlabeled
0x0757ac12d8a0be4a411195434c89076ce9b4ed2f,Unlabeled
0x80a0a544032459cc1e32ffd572213a29c0e02947,Unlabeled
0x2efc3374a1d7a4e40576bee82edba6378ab82ca8,Unlabeled
0x5e7902407c9b6b00b0d06275cd2dbd3a19ad966a,Unlabeled
0xf15b496db9fe9d6fa2bde02e04877173f3f539d2,Unlabeled
0xe4cea501bfc59bf73699dd192acb8f6420819d29,Unlabeled
0xc5ac294527ea076571d2d4a4416d60a16c45b4b3,Unlabeled
0xab468f41d9893e367ae7edd2b5dbab41e9fec781,Unlabeled
0x0076357dd31209873aac09bb13a3fa40f906123f,Unlabeled
0xfacd97b679947a400245f7abeb468290cf26399e,Unlabeled
0xa8480bf86425f4479700dd5224271cad13c319df,Unlabeled
0x0df3a093fc0a9e2d3270c5d4abfe204468ef646a,Unlabeled
0x0df32e918801b307ef5856efdaaa449abd36646a,Unlabeled
0x7c04ae3d61a1b3221937e473644dd65a9e1fb6e3,Unlabeled
0xa8485c0d35cf978dd63dd0dd21a5426106d819df,Unlabeled
0xb6215c2353130906df57a54c469469cb6fc7b2dd,Unlabeled
0x8eee6a841001651a38eb3d7186a6d49f02f4b1a6,Unlabeled
0x7b7ac1f636d5a21c921ff710f9ed0ba1000b3b0c,Unlabeled
0x7b7a043dd1f857ac0c065c90b57b4a377bdb7b0c,Unlabeled
0xc60b59a659f72be57cd8da395a79c76408a7406d,Unlabeled
0x33de08690b2463342d86880969b22fe72ac6ebc0,Unlabeled
0xd396c21cfc420e316b698e0ac938f49e8f445a02,Unlabeled
0x3ff9d322cff4d1386efb390b251ba309616a73ef,Unlabeled
0x689c30597e93dfd0e7877c77bb26ff19c6f9ef07,Unlabeled
0xeee5962af86b8ffdef7e575f939cacb7ffed1b7b,Unlabeled
0xea87c7c380e6ca3445d08b867cecec6a93603d8e,Unlabeled
0x7150617206a9abc98d5ccdcb7610faae9e5e253d,Unlabeled
0x8f9666f68372c39d85cf75d2f1d3cc8e18d8ec27,Unlabeled
0x6e4be3f37a2cc9de024839fe500a80bb8b8f77ec,Unlabeled
0x886dfca283b9780b53e3cef3aeb9ed2f3d2936fa,Unlabeled
0x4e7218ee69950f4822c7d7d981935e900ad00a39,Unlabeled
0xebc77c22d2bfcfce7762f2c12052f32912c4ddec,Unlabeled
0xa4aecb3bf0c74023834d98c23a2f34ba05a782ef,Unlabeled
0x8f1efdb9ee311697b265e894ee4e4b23b9a0c89d,Unlabeled
0xd86ab45dd0cc6a2e49425e8a6ccef119f0eb2e71,Unlabeled
0xaea7dc0bf61925834822b73b0fcec63712dc2070,Unlabeled
0xead93ad9e8004d9dd25589f7a5702f5813a4d7cd,Unlabeled
0x87482e84503639466fad82d1dce97f800a410945,Unlabeled
0xf500aba30ccff1340e64f54fb597013752376a67,Unlabeled
0xb6219c9cb10cd9fd50a71e94dd6e4e47f5bfe587,Unlabeled
0x169a05f8e5211fed611d213601df386c2dbb1aed,Unlabeled
0x3f2a577283dd15580ec06104f2a175f64de59b26,Unlabeled
0x23303159ad0a3171c00a9447edd177c957d23ebc,Unlabeled
0x50b35ac1f8c236cad134b4f77e0329c0ed379bfd,Unlabeled
0xbb123e08f547110737f8fa27ea7e2d1a7cbcb166,Unlabeled
0x85a043334e3f73680a2c6e007efe3176152df4f0,Unlabeled
0x061f41af2640b4d69d9662850e9d72b7aba8b6d9,Unlabeled
0xf9b32ef65e2aab7676eabb5c1cda32b6643790f0,Unlabeled
0x4b710d50303fda3f6f12c6f78dd036df9bf40575,Unlabeled
0x5eba11269172ad386d597e03d9db39a46c51927c,Unlabeled
0xdd8160458e2cc36bdc6b5b42bdeb9450db7e38ed,Unlabeled
0x1b3e7cdca3cc89e382e11e231d61e45e4709263c,Unlabeled
0x8ebf2527f65d66e0f5fadcaaaeb5d7f647ad5a3b,Unlabeled
0x02c20fb5b2e24139e73bb9a56d32830c0dbfd54d,Unlabeled
0xdb99005b8e28130b52bcabffa8479761104dfa57,Unlabeled
0x572372831a9d6b2e3ee8fa284505599e6125fea9,Unlabeled
0x2aed7e3038963012bc3ed5f16194cef05976224d,Unlabeled
0x004e74ff81239c8f2ec0e2815defb970f3754d86,DEX
0xb190b54bd91723fe177b36f7a5c6400af699a13f,Unlabeled
0x8a2fb1db4c48ef5bfea87ccd367c3b89eb06938a,Unlabeled
0xa15744fdd1e604c5be165503cd7009eed5f4f04c,Unlabeled
0x2da5e54ac1fad54ff9f99f068ae35b82d785277e,Unlabeled
0x155078676a1b2951e30c93903d7f43806aa19c92,Unlabeled
0x3a60732febc8ff5418f5df5406fddd3cb21ffa08,Unlabeled
0xdd9b336b4e546e414ad4d897736d346edefff6d8,Unlabeled
0xce9dfa5595b43cd7800dac3683ebe40665826a91,Unlabeled
0x9b03d15ddc88dfc57ccbab8506393b636b1cc993,Unlabeled
0x33afd99df7c85b6fdd3e5d252e036d1fa5eb57bd,Unlabeled
0x6952427388ad976fdad0e20d967ee2990b1e0295,Unlabeled
0x7439e6190b092a297f45111e8155654df0b52397,Unlabeled
0xf8c3d7ed511e450a33e201d830bfad46fd33570a,Unlabeled
0x85ad95febc65d79f072bd5c2952bbea39104ff1b,Unlabeled
0xdb1c0a7c156b9ba8bf40e1a8efb23149d078bec6,Unlabeled
0x5e4568c4d8343052a06ec8aab1e124af08b73248,Unlabeled
0x4b3e2a8cf36c7eb0fba2a5b39b20c896c6f22888,Unlabeled
0x249fe486b4b2f6d85c6d26a10882b15cd8b69d88,Unlabeled
0xbc1c65c2f6461477db73558d23fe24eca9144ef6,Unlabeled
0x29bd1737f4cd1bbd4c4e0e57f8dbc52e92507683,Unlabeled
0x42b5632f00b4e85436e60144f64e2afaa46087c6,Unlabeled
0x98d77b9831e08d2b1e34c5ccc99939af550a6162,Unlabeled
0x67d7243308cd9ca6094c4e57675b1a8f4b755838,Unlabeled
0x776ac4bfd367808813328a5330710767b609fd30,Unlabeled
0xb2c9d546b7390ce0ac9d1b6a1f5cacd4bfae6905,Unlabeled
0x926d7c4551fd595db1d1f781c0caec75a5b8ce3b,Unlabeled
0xee030ec6f4307411607e55acd08e628ae6655b86,Unlabeled
0xae3329bcc6aa43b8e3d25de9bc2063c610aedbe5,Unlabeled
0xe0fdd5add8f8c7fc17f26b50b928d2e4353f0335,Unlabeled
0x34a617cccd1e47eb34b4ffd3b6758ef6d7a99a59,Unlabeled
0x1d4b9b250b1bd41daa35d94bf9204ec1b0494ee3,Unlabeled
0x5715f21ee2d5e7002d388ef81c72f95a120a4b30,Unlabeled
0x043789a397ac5de43edb79c362cec19ec205d1cf,Unlabeled
0x393bbce2ab60d62485d86faace936c6575efa04e,Unlabeled
0x4934bc59af79ad407d3edb31f698cee5ced939ec,Unlabeled
0x74d76501ccc21ab0cde41388e7ff4f44565ab554,Unlabeled
0x7a250d5630b4cf539739df2c5dacb4c659f2488d,DEX
0x7dc2bf863d4e5b82dc669fb2ebd999c18b575b30,Unlabeled
0xf825e814dfd03784ab70112bedb849c9efcfd725,Unlabeled
0x524942ba550434f3aee70c6eca7220058558448b,Unlabeled
0x826158a5637d1e3f744575212cb64a37164609c7,Unlabeled
0xb33bd56d4192e8e4e6a02e93eabc732165199346,Unlabeled
0x9bfe94675f26624d72fb6f36b6c1b84ee124ff90,Unlabeled
0x2be4a423b83bdbf2f5807558b2cde87740602b70,Unlabeled
0x41d93cd9dc955ea42f235338449f6d7161736241,Unlabeled
0xf97250fec5e61adaa489861cbce4630dac3d7d7d,Unlabeled
0x86f5279c787a84f6cedcea8a752ff1b497c79203,Unlabeled
0x7add69b7067306eda636cd830ffbdfc29346948e,Unlabeled
0xcad3c3ae54d33c1370a2d5044a1142e4c59acb63,Unlabeled
0x530a507347da114e72252cea5fef0c7030ebc87e,Unlabeled
0xa27ac4078b2508a8e3a9a889b045767ae394df3c,Unlabeled
0xad9ea5bb289bad42d97fc174e8918f3f2d783f72,Unlabeled
0x6611e531b9831455598813ce3a1c2ef8030c0662,Unlabeled
0xa7da6e61a9e00a023dac739b4236d62a0d922155,Unlabeled
0xa947bd0146ea8a4006446f2fa2d2189dc0cdafd8,Unlabeled
0x3eab1aa8f934f73e3a78e904dc050d9749907a0d,Unlabeled
0xbf0401c92ec95a608d0624bcac9218a9f336e7e7,Unlabeled
0xe9bae5c8157b3de9cb5acbad093b85c75a7f6a39,Unlabeled
0xbbbbcbdd1dafadb193bd6a16c774468ff8b81bdd,Unlabeled
0x744d0db059c936856a5c47ae7317e39fa2ea246e,Unlabeled
0x57f8b8a0c6b1c84797e9f7a91cb6cd9628504b97,Unlabeled
0x43c21cc46637ae611d2b3beead90a73ae56362b3,Unlabeled
0xe8fed7603994516942ae159b2f48b226733c0c3f,Unlabeled
0x7c65cc7608068477f28e99a6bcbf7d18fb86409a,Unlabeled
0xd3be42953bd701e9c41457300f621ec73c7af5ed,Unlabeled
0x86dbf9ca4e14709668880f2a25590fc9d700370f,Unlabeled
0xee911da919bde4080eb48bfed16b29ae259a68f2,Unlabeled
0xbb3cbb9653b7e058103540d8dbdf8b1fe6f8e51c,Unlabeled
0xca2516b6671b9613cf24c61d43119553b14a4cd1,Unlabeled
0x87cf5c07f0b3fbd741d934fa419379ada822b592,Unlabeled
0x12be7800d2901cd74c53d3c3521241cfd77d74c4,Unlabeled
0xfdbbc7e259a05e0748755892f17a1b612d685c26,Unlabeled
0xcf435fb25540662077942d73bbb656d29e9c4eef,Unlabeled
0x03cc10c16ed7579394b31297ccb3172131f3a22c,Unlabeled
0x251817e2e29bb8e44db5105bef6185795b85971e,Unlabeled
0xb064205291487a63ad90fdb29a9afa39a9cb6538,Unlabeled
0x5558c036d81bea66df08b9ba293b8f898f088626,Unlabeled
0x8d45719cb5c409781217c8b28723de5765b87d83,Unlabeled
0xe73dcdf50501899adc8869115b6d15deec64a4f4,Unlabeled
0x82029533836e0f50d3d5282e247a0681b81c527a,Unlabeled
0xe78d6aab8a4cebc8c6d9bb3cb46cdbe459196340,Unlabeled
0xa082a4d8a02059c63adf7949f16eecc38c593568,Unlabeled
0x11c1cb4a2155858d34b8162c0e6887fc5eb12d56,Unlabeled
0xab2044f105c43c25b1de3ee27504f0b889ce5953,Unlabeled
0xf7571e267301c40f9bdc6022969ab73626163bb9,Unlabeled
0xb395003df2442889dc9242cb1ef37ea6297660fd,Unlabeled
0x02c77c3ea235f9ffc037ffd5bc84017eda728b7e,Unlabeled
0xd8305fba85347a596f7c1e165e5e871ff9981e0e,Unlabeled
0xbff0df600c6046ee4e474627fb8a0079d1bdf6af,Unlabeled
0x7800af4d494b0d8ec856024543fe30f8fd6b790b,Unlabeled
0x4f1647548a45532e3e7f93ed57882f6baeff73a0,Unlabeled
0x3cf35bc247bf2f54baf1556dc5e1b879f11b1b2e,Unlabeled
0xaef9fddc9194e454f2da39ad0423cdce6270664a,Unlabeled
0xaebe46edfbaf19cbc0a96249457ba639e2c2905c,Unlabeled
0x5f34693407620bfed96b74b135f68dbca871c546,Unlabeled
0x528b77df74e3be392228f94cc2add41c5770c618,Unlabeled
0x39e0b664c300675c6216219fc9ba055021666ce5,Unlabeled
0xd91a112a8885b04fb1e799976ea555f0623b4164,Unlabeled
0x37a8fb58beb30fb4993873360b703a7d056c9ff2,Unlabeled
0x9a30babf9cd93b15a19251125ad49393b61fd851,Unlabeled
0xbbc01d12903d976a47154cbcdfb718a6345a9ec3,Unlabeled
0xeaae63001e4b93811a544b744762e3bbb1504055,Unlabeled
0xd8989bc7762dea404f2393b4868aaf754db261c5,Unlabeled
0x47b5f17b2a79adf4893af3c36c90ee4152b0360f,Unlabeled
0x80d668f8bd8886ac0b489d517128ec92d496fece,Unlabeled
0xdde06e9cc710c4f9ec2b838463cc550a7027f713,Unlabeled
0x0ccd8005d15233c37390f2a2a05befca17297c8f,Unlabeled
0xcb87573d8735fffd85eab2ac3266f241672c0cd7,Unlabeled
0xa73944fff329884cf6e59ee7f37cf4f4b614516c,Unlabeled
0x2986cf9b3b0f37d1548e37456ce5ef83a174d224,Unlabeled
0x8e035993c41824a404dd6d693b48d7dd7f530457,Unlabeled
0x51fdfb352a3584cebe69d16b2d6196b012571898,Unlabeled
0x640bf8f6fa5eb2951851f7d627eb1ffdf16c8171,Unlabeled
0x6b3158333c20e7e3a56afc3855f198e7482824d1,Unlabeled
0xc30814f3cb8a827022602f43147ae4f71083d13d,Unlabeled
0x6edf968da408a9640b8865826429a977a11c5048,Unlabeled
0x6022b02e0d5c0d2a38f784c1d194687bf33b4f20,Unlabeled
0xc30806eed8959ac6bad35c123a420cd95f56d13d,Unlabeled
0x6be5567adb34c3569f90526d53eaec00c9009e76,Unlabeled
0xc52f0df747d2514fb051626c6f65201718bd8dc3,Unlabeled
0x7d0c416f5cc65ac156c1db28a2a09b2793b4c1f0,Unlabeled
0x8d5f3aaa00605f8d2d3963700a0e925473211510,Unlabeled
0x0ca3fd8c1fe7ac1f4ebc6adab0a1e40f4104a514,Unlabeled
0xfc3afa9d0c5495d8028406b25d7cf2678a2ab76a,Unlabeled
0x53e8a6038a8ccd6919ae148b59b09dbb10c1c100,Unlabeled
0xa5333dc35061938b86619898892e6c2f2db1bf1e,Unlabeled
0x6f118dcb7dd354a31dc25ef840384ed022244ab6,Unlabeled
0xbd2ded6919e7677c9d602f88106e01adab6505a6,Unlabeled
0xa997d8747acf8e72ded7b392707c7b5359b0e70e,Unlabeled
0x92d8152682e88a3bad714f924d46ea8eff743b7e,Unlabeled
0x56c29d2b8762fdb842384a5f9fb8d79f68da4604,Unlabeled
0x70c174256fd411ffb96bae9d69986e6fe80d6a39,Unlabeled
0xe84a7344ed127e1244ee626610afa847d8129053,Unlabeled
0xe9a81d1fa6060644823da442223f33528e4b4ea6,Unlabeled
0x9ebdda9cc0dabfd29622d45d7b9c98e045594eca,Unlabeled
0x924ec2de1cc16e233b309fcc26d271ce2d177672,Unlabeled
0xf8d66c0a0663af5c385b7d70ccd24719f1db44bf,Unlabeled
0xdcbf76e14ce58c474129a1a7ff76a5fa2a7f5f65,Unlabeled
0x2f441f2cebfb84465057f8797079f872f6cb72f8,Unlabeled
0x892cc7448b2241628e91ad6960d0bae65d739818,Unlabeled
0x29a4b4b08a06a78ffe8ac0b9f863a0424ba33978,Unlabeled
0x6239f5141b23b5cfb30bd92288ad7dd80fcbcaaa,Unlabeled
0x03afd7c2b910de7683b0201636f2dd20114313d5,Unlabeled
0xa52e75017961a099ef35e5e9a4c1faa0080bfaea,Unlabeled
0xe9e7e569c4b191e2a4819d0590c6fc7010692e8d,Unlabeled
0xb51b7e3f1656f7031d64e98bc9588988c550006d,Unlabeled
0x192a4ea92281f83eebeba2451300a19da602333e,Unlabeled
0x10eda57ea8e65f9499a01cd52f99280e5536f44e,Unlabeled
0x927d0d2636c1ade9b34300d30e2d6b5ec8e24aae,Unlabeled
0x7e17039d0b72cdde280ecb46face5570789aa4e0,Unlabeled
0x4573c9d23deeb57d6111fa1906734fdef45bdfa3,Unlabeled
0x3cbdb2fcc977b6b97e0d1c004c7cf5aba7488fab,Unlabeled
0x803cac7f0d49ddbb18df09fba76683548b9d7ca2,Unlabeled
0x4b48170c306eab30fac02601eed372369f7166c6,Unlabeled
0x455a9a3b4c157e5e62cee41d62abc3d1a2e0f8bc,Unlabeled
0xc5c6491c5eeb43d333a613847159ec73b648b477,Unlabeled
0xdb90d885be9cfd50f3084e5800adbf9fd211caae,Unlabeled
0x43136269f93ad45e7cb16411f61786e2681a3642,Unlabeled
0xe1d5778960286f252091a605fa7d086a1c1c0e12,Unlabeled
0x7faec2c3a6ee80ff9029af62659ede6e7ccb3cea,Unlabeled
0x1b94a5c21667631d276b9145abf2f4a9294ebd50,Unlabeled
0x49887a216375fded17dc1aaad4920c3777265614,Unlabeled
0x272962148164fa1dce8699e15fdca209345e2747,Unlabeled
0xfcdbe76eba981de7b463a0804fd58b1e0991526c,Unlabeled
0x755d0e80b038d10a2e44f128276f3f0a8428c4ee,Unlabeled
0x70a555e1e4e2116c7964fc2b6085f7e021a2f393,Unlabeled
0x206d1c2a30898c4aad2d65c32c6ac8b72fad5d38,Unlabeled
0x0d1e681001f7ec8a132da4ed96bf5721d520bddf,Unlabeled
0x8c02f95d524a79129330b9fd258d5233ae8e87b3,Unlabeled
0xf27816809fbe89ceb293569f5924b4c9c7fc7a48,Unlabeled
0xb1f577b6a5824f6b59f02d67f8270b96764fb90e,Unlabeled
0x217f735be6a4b1437ccf5e917891e2561b83de4b,Unlabeled
0x64a2c737f866a0885add9cf68d5bd63c4313c03d,Unlabeled
0x472347f8e58149e3401f7bf21ed2c656c2484acd,Unlabeled
0xb12e9647854b5bf1f50db51bb1d799cc78113237,Unlabeled
0xac4c6e212a361c968f1725b4d055b47e63f80b75,Unlabeled
0x95cc81c9b98db0174cf04443481515d3a6851836,Unlabeled
0x6aa21d896e05021ca67723e79bf8a4a87b47ccc8,Unlabeled
0x4b1baeb702c641730e2e6bcaf697c362dafff067,Unlabeled
0xe293b0faf2939e44712104f490c71fc335d9c977,Unlabeled
0x9a3ece6b1d47a13e062f8021e75786df5a0be481,Unlabeled
0xe6cf9c6cf6dcb3997c879f29f87f5231d974ebd5,Unlabeled
0x4462f45a56f62c7f8a1c29cb7cf8db95f4108553,Unlabeled
0x8b5fb6c9655c0697fc575abbbce814586fe146b2,Unlabeled
0x86566824e819855034ee92d8c2018438974b8809,Unlabeled
0x521d43cd822b8d593cd003e3fd1bf4b330fe7bf5,Unlabeled
0xa4c9492d5f1578911756a4f8463b45482deae37a,Unlabeled
0x9478a441115489b1bc33b1c4b1de8bb7fbd315d1,Unlabeled
0xcda1d3d3e789920da8923ca24f06901e0cb16a5a,Unlabeled
0xca2e093405d125c768ac36f73c4290a2471ea6a8,Unlabeled
0x99e70b2d1b24521acb0fefcfe6127d8024d1467a,Unlabeled
0xb9d7cb55f463405cdfbe4e90a6d2df01c2b92bf1,DeFi
0xebd2f09403b16366cf6217de9f1eb5a6c43537ac,Unlabeled
0x5db292b89e947af7405cafcd60eb3b0c71cff855,Unlabeled
0x9f111f26a4d127b012b308046387e8d141c95ff7,Unlabeled
0x9b273c2f68304c9f245623bf7254d338ed28d4db,Unlabeled
0x15c27ed229c6c345748603ea5dd53f6eb18b7eb7,Unlabeled
0x18e24850fdeceee577da1e08c63b260cff69b962,Unlabeled
0x84273f4d468509887766fcb22d3fa30c6758a7c2,Unlabeled
0x6fd1f2601f6bd3fcaaa6d4fa25fee255d06c983f,Unlabeled
0x962f77feab72fe0bcb317eff0820d9f26e007f93,Unlabeled
0x96a0f545c9033b8ee210bbd4cd1a44f2a37634ac,Unlabeled
0xbbc0901465ce033b0c42b92095024ff3508b9ec3,Unlabeled
0x921371da218399b36f71b9f8480d62b606f4628a,Unlabeled
0x5af2ff7c019372531738ceb913adc6edb66fd6a1,Unlabeled
0x886d9e3d471de83294fc2f31edbdcfe2d73936fa,Unlabeled
0x959f1db4f7e8addd42653ea84371a7c8ab86af7e,Unlabeled
0xd204a7344a22831d663d8e277a5f5a83ff88ed5d,Unlabeled
0x624f5c841471dbef2213bd2bfc20b22db2f796fd,Unlabeled
0xb84079458ae1544dfa51844dd4ec43e617d9bb32,Unlabeled
0x8b00386aa377ef01d5345f8925538dcde0acc1d7,Unlabeled
0x14898e2a42da0dca974d072cbf81d20e4230a15d,Unlabeled
0xfd0b31d2e955fa55e3fa641fe90e08b677188d35,Unlabeled
0x031e0f511fc833f09bbdedd69164a1409baa6b55,Unlabeled
0x7fec9f1c552599b7c056c56ca825f24b535e8ac5,Unlabeled
0xfd30032209a1aafb385d64cd4af8857802fae531,Unlabeled
0x06cc646ed40331eb3160e876d7b3698d84b95f1d,Unlabeled
0x2cf7e74f824fead78a5fda8e83b2e071f4a7b9f3,Unlabeled
0x4481759b01052331dc6c637040bde795df1bee6a,Unlabeled
0xafa9bab987e3d7bcd40eb510838aec663c8b7264,Unlabeled
0xf442d1910ccb15cd9aa06a94cf976da3770b4831,Unlabeled
0x9478472f93eaf37a43f46f81c6dae69a7e6df7b8,Unlabeled
0x0472702d9abda00cdd9ae0f8b3d62bc358ef8c78,Unlabeled
0x9478f8fcd3ba75c909a9c27c390b77d5513b15d1,Unlabeled
0x947895975ffeee29378116ebaf05fd2b62b115d1,Unlabeled
0x70c7ba6269f8dab4c0c289e9f01a7e4b4bec731a,Unlabeled
0xb3f44ab97db5083b9a50cbbbbde0cb00e41671ad,Unlabeled
0x1e68277a2dcd8654343582f80319e9e620d363b7,Unlabeled
0xf29c2e196a9daa0a3d2d3264ec8612fef3c0a9e6,Unlabeled
0x6d5c0d967def65df69685816e882278818924c21,Unlabeled
0xe1ade71dbb81237479ad3648c1b81f81eccb6a25,Unlabeled
0xca6146c473e2388e96f9097c601a1b18a862d009,Unlabeled
0xca61e0c24c6ef38a86ca2ebe788f615017c1d009,Unlabeled
0x46d598f318d279c2aa2d2e3acfd8a07b0ad76bdd,Unlabeled
0x94aaceb5e9bb7a38ef372086e00687c84dd45936,Unlabeled
0x918b75f3490d0ef4bd82bf4cac63c9bfa92e23ac,Unlabeled
0xd9792c167dc1a0dd6567212ee27b14a56708171f,Unlabeled
0xbff7d6ba1201304af302f12265cfa435539d5502,Unlabeled
0xb53601ccee9a71fe2df1a6e381cf3a92630b6989,Unlabeled
0x61b13fd124573c9cd22781bf5574ba06527a0d60,Unlabeled
0xaef42fe2d5d973751b2c15620112917e7b8dade6,Unlabeled
0xa4a235ec179d2428b8a5c4299d0ca09091492053,Unlabeled
0xc67f100ec3a0f2f74e7dafec6c4b9b910d3c093a,Unlabeled
0xe0c48ee2262eccc5b912baed8c7c4e01f483260d,Unlabeled
0x33452dee44d97f3659646849223e463b0723b34e,Unlabeled
0x1df9801e1f8f5bd6c84b1470833ab29698d99f54,Unlabeled
0xc079bfa54f348199ba51b2717595fe24e96f1542,Unlabeled
0x277d3350dea4127a5a54533444222462e8cfaf7f,Unlabeled
0xb1877e6b34ba87f0f50f1ad3ae9cbfd71070d108,Unlabeled
0xed0f166a007f21d9c0bc133ffd95f11ec76b0b30,Unlabeled
0xf733c29e2918271490d8318846f617b16e613be0,Unlabeled
0xae8d6c3600bd9328ea1f9a6cd937a154b57e8f35,Unlabeled
0xdeadb043eb4c89d81fb94bc56768f2533c81aef8,Unlabeled
0x183ddf8ad382786f269ac58240c3846c575a8db1,Unlabeled
0xb36faa5917b9cfb7a86db0dd2a145c98292d2ae5,Unlabeled
0xd8e5293ba4de4c2f300f40addd9700f222799a9c,Unlabeled
0x8faa0000c10015610005ca010ee000d006e0e820,Unlabeled
0x87fae07334b15ccac469752a81fcd788b8e3d80e,Unlabeled
0xa234e016413d33c3e20b748dcf1d6a0808a7c633,Unlabeled
0xabf18b0d4b11ac52d87bc094da9cbd1e0810ba00,Unlabeled
0xf151fa3409ffab5b6b11ae05786d3a0b4ad65ad8,Unlabeled
0x911614097a8a068a66999be24908e9b2daa1716a,Unlabeled
0xf8190dcb5385be7c818adaaef6258bfe3abe73aa,Unlabeled
0x35b0694d79ba22c58551e38055d6d465e20f24d4,Unlabeled
0x9883e2c324ce83f0207a9c5a0af25612f5402704,Unlabeled
0xec93a2b7e584f4fdc5f3df75ccc774d4bce7f5d1,Unlabeled
0xfaa502b8b9748b943ebc1b62630543b790c5b981,Unlabeled
0x4a59bc9574a9f6d1acbae570b2b5a28e310f1dc9,Unlabeled
0x917814fcc0d9575752f3db6bdbd4fc95ad18d9cd,Unlabeled
0x4b20c2a16cd93547b3d30c7fc0a930e259f16d54,Unlabeled
0xe34ff361bcc97622e93b6fdb45c30ae96b71d0db,Unlabeled
0x7c27cefb15e65247443d799f2343bf1b08840934,Unlabeled
0x073862792bf38577d70d17ea5b4a6466a7e4202d,Unlabeled
0x8f9766704240881c9a8cd9fe38bb4175186d1bd6,Unlabeled
0xda30b9734c63ada941c3c169260ecdd5b0dc07e3,Unlabeled
0xd1673819fe8ae0e4ac0f9e7fc80ff922e74931b6,Unlabeled
0x7542b5bd2daa067d37020e3c3e40ee308735fa99,Unlabeled
0x03f62686abcec4f516a52d77bf729dffd55b1b23,Unlabeled
0x0270dcf4679c92cd8374c13d77cdd1c08d87d6c5,Unlabeled
0x3daf365f7f575b5f717a44732dae859a7edc62d0,Unlabeled
0x78823b72267d9bcd62b6366257a49bc71df7900e,Unlabeled
0x52285ca1dfc9b8611590dfe6b08ef3907d2beeac,Unlabeled
0x269942257927af07fdfb03b5fea6efb8649b4b41,Unlabeled
0x96586d96e8bafaa2af5ef37dc95958b9b454f208,Unlabeled
0xda45e287606f6d5c69eba80b34b3736a765c5a8b,Unlabeled
0xf364b6c8c749a3d8b45f1d0364180f9617f94bf2,Unlabeled
0xcdd37ada79f589c15bd4f8fd2083dc88e34a2af2,Unlabeled
0x222aba7e254bdbca1d22a97458749a1b1d818ccc,Unlabeled
0x222a9659529dc1d09ee926a6df8b130a0f438ccc,Unlabeled
0xa29cb1b402cbf24643eb72c0c8406796f355b394,Unlabeled
0x6e0c16959c9e086d9f081e8d9e72b13d4b15ebcd,Unlabeled
0x95023880520f4500939f2e948ef8d08a6c6aa92d,Unlabeled
0x33fe004d7477aa108e04326c2f7ea5af82a0c207,Unlabeled
0x0eb8d76a3895938870f70aa77a58214f27ef9aa9,Unlabeled
0x82b962a4746b47fd2b62faccfa534f82e2601798,Unlabeled
0x34eae6c08b7be1da28bbdbeacd3517a665a15a91,Unlabeled
0x478dbdf69ebac5830f634336d66e3d1576d7c11d,Unlabeled
0x0c258a011da68c2be7d48316a9ba06a28a2af6c3,Unlabeled
0x836f0c404df45af409a87bcf4b066ed64a289089,Unlabeled
0x0120d0601b4df05c5613b19edda61caa8b9329cf,Unlabeled
0xc1d9414879eb50081abfef3e9d37ea613ce031c7,Unlabeled
0x4935d1c013110ab375d0c27f89385444722a667c,Unlabeled
0xf667036ca47eb0ed11fee8ee6148508e1b529726,Unlabeled
0x099bf061f305a89bcb9d9952e0fbf3b9f37ee273,Unlabeled
0x09ae9201d9a224d2749febde5b558ad703ab4e7f,Unlabeled
0x77deda2c72492b5a63c0a3944075e2e7f337e5bc,Unlabeled
0xd52fb085a46dd9411b8b73ec3ccad156a320bde0,Unlabeled
0x7691627a49c1edf700cdad4f395e8b1fce73463a,Unlabeled
0x635b6de12ad7a4274ded9a332cf41b60bc04086f,Unlabeled
0xb566d058bee97705f3568f7c5c38350022867842,Unlabeled
0xfa9c52294f82f4be32e49eb25a0825211621b704,Unlabeled
0x434eed48778f3e58e387664b4bf2295649a53a4a,Unlabeled
0x06392dbc66e21782b0d5539d830c477389dfd206,Unlabeled
0x51637732e9b86565cad16aeb8a3fc21f4156f138,Unlabeled
0x52145e151935da7085db1570da39bf6f7abb1f1d,Unlabeled
0x28ff4f48b710036b38ac874879e9a7c02026c6f2,Unlabeled
0x01ad85ee2fe1954b20ca99ba9e8d0f8beb26cbbe,Unlabeled
0xc4bf870141e854a3afd6236e9ccd01e70aa34396,Unlabeled
0x6bcc45ab5e73f0a968c0321dc609321a6d08fcb8,Unlabeled
0x1fdf7a8ca2dff0b24b8ba2799aebb52de294f18e,Unlabeled
0x0eb8417d9145de70357e322aae5650dc01456260,Unlabeled
0xeb373e57f59aaaf4e2957bc9920a20255b9aa694,Unlabeled
0x0d260734e69296bba44472d91bc759d46526d757,Unlabeled
0x72170a3322ad8286f7937269ea8922b1446a7d35,Unlabeled
0x7044f774b26d801a5e114e49d646b96414107592,Unlabeled
0x215184a7dd804cf2709278ede4d0e801b84328ea,Unlabeled
0x70163a9f2761213fa39852d59318ba299d065786,Unlabeled
0x5efb3e4733249910daa2c4f512d021780675bdd7,Unlabeled
0x091d8612352235976ad33b96fbb7e019fb5a8336,Unlabeled
0x478cee12907b19bb1d9608dd7aa9f6acf2282623,Unlabeled
0x077a2e693cd0702e8c83a0ce1585740e5c74b696,Unlabeled
0xda68e9a0291f86f4ab54d826a2d8a6490fad06ec,Unlabeled
0xdb10d21f28a34fd04e4425eac777483798f7e217,Unlabeled
0x1d4b30cf7dc1f4d8fac6ee0f0ef1800b2ecd4ee3,Unlabeled
0xa02fe00c9660bdc3363efbebb98c4d8deafd9f64,Unlabeled
0xe5a293b77978dc6bfcb71b3e211187c1cf00690b,Unlabeled
0xb4966fae94ed428afb46301f6ed4bc6a54db125b,Unlabeled
0xfcc2568741527e05f003a721cebe7dd3bfd3f711,Unlabeled
0xf50a24ca7de04b8ff88648b5df74b3ded23e3031,Unlabeled
0xe380fc703e4d5d1f9ef8314dc937999d683a446e,Unlabeled
0xb699f7085c6aa8478f81499d972f8ce16539c3ad,Unlabeled
0xfcd36b11c829ea10981c15493c438b75f3a8e35c,Unlabeled
0x5fb4865f0c4e95adacf69134ff8dc253b9dbee97,Unlabeled
0x0e0748dc596fc0521f6fcee93e7e51684e7a20fb,Unlabeled
0x8dbee64a7bb63de3e91d3fbe1949dbd94fdaec7c,Unlabeled
0x39eef254d0c2908efc4c4c63b04a2bd4dd1be094,Unlabeled
0xa4e408e61342dae8f7a494fbe98aa2fd484f56f6,Unlabeled
0x13627cd0213699441cf8d9f282f67bdee93f4cd8,Unlabeled
0x2de71567916bc7127c1abdd1ee7615bc6198bc11,Unlabeled
0x4023f29112a2e53b165c6c4f704b70f7f05f960f,Unlabeled
0x52f97efdae3500262e9edff28f1639eaabaaa85c,Unlabeled
0xa1e2481a9cd0cb0447eeb1cbc26f1b3fff3bec20,Unlabeled
0xa6ecbf267d33ac691c152d9bcf3b6ec3b158748c,Unlabeled
0xc7497b7e2cd7b12344aed69362a3dde21c47a032,Unlabeled
0x77f7b398a23ef4cab31dd5503fd8446c4480c70b,Unlabeled
0xa392bdbe59fa527fed6887df7fdf9ca2d51fec11,Unlabeled
0x50cd3ca3751ddeded7200c553b2faa656a82f10d,Unlabeled
0x09d4ba0aa5e07026261d6d648551b94834d1c62e,Unlabeled
0x41cc011e768b2859f2aba42551762a2a17b26fed,Unlabeled
0x36ea9163aede1412e8d6f4c3d30409419f8a0adb,Unlabeled
0x9027ac722d2058a9323dd50439c09b70b3688129,Unlabeled
0xf293b4cdc0f7b76fc8f7803b7efb03c965d5161b,Unlabeled
0x11918f1cb6db5e008a692f47c5320216fba6054b,Unlabeled
0xe73b588ea6577171745b732fadb9522e88ed36c7,Unlabeled
0x4c330691052da29fc66bb7a6c754b1c3cd481e10,Unlabeled
0xf865595c3a0079cb4c21617a912ee2858ddee9fc,Unlabeled
0xf15f6ae9282730f7cb7825fd22359b377d5e95dd,Unlabeled
0xbdca14a54cda61c78e68fa66c3d4ac16f1289923,Unlabeled
0x80cae8552e7193c6a8777ae8b81ded5c0e067ecf,Unlabeled
0x38596a05063b764e5928b6f872bced67eb4475aa,Unlabeled
0xed10f451bba49278c6c4125f32f44e7e33a273a4,Unlabeled
0xceb621e26fb43dbaf57ea081ea3d3a6f1fcf66ea,Unlabeled
0xe31289ee3e46ab67ee341c27ab3788f70aa23515,Unlabeled
0x0e42d32dcc5b83a9bc74523af3b8c3a3b4cf107f,Unlabeled
0x59a3f5bb8ee92502e9a25c748c8589f3fa49929e,Unlabeled
0xe5b5ac5292409666ed1f578be44ab78aeca61071,Unlabeled
0xba142c56cf2528bd179469f1ab37d6d170a40ced,Unlabeled
0xff31154690d5d99c76f45e8f874c3b87b398e3df,Unlabeled
0x73d5dff3fe6846b53dd4e275c565c338309002bb,Unlabeled
0x84e6a8ee72dfc5a14225b03e797ba6cc7abb147c,Unlabeled
0xdc89b7c92224af99705cc0256bc4eb3f07aead46,Unlabeled
0xf51af70782845d6560b293778911325128b7a2ec,Unlabeled
0xc60005d52ab14ef4696c7a588394fa2533b19cc1,Unlabeled
0x6f0f25a42febe531cfb318a97d633865146870fe,Unlabeled
0xc4ae957fa9957d275de9ec9789817e1e459a1258,Unlabeled
0x6f3f391c36d2bf226133248daf415186a88f757f,Unlabeled
0xe71c6541a4e3dfb9fac9ec40d09d6ade9dc972bb,Unlabeled
0xec2ffb1dcf59e4a5bfd57d5b57bba4374d4b7e6a,Unlabeled
0x24252b401bf922495b4322d09e066c32d0cfeb48,Unlabeled
0x032acd165a730baef1d886f44d48cdc4d8e4e9d3,Unlabeled
0x9f3fc75c2aa56db0da8b70a70e63dc0d27ba4628,Unlabeled
0x8952fc3ca816cd23cfe04e8d19e20f4468fb63c3,Unlabeled
0x7a95d6090f9b9474546d4c244eca258a147a22f0,Unlabeled
0x01261fb8d98f4f7308db89217270bf4e169e221f,Unlabeled
0x4fd594062a326843e59e8a715dfa6e850767a37f,Unlabeled
0x0e00e9f2ed00003b37dc611d41b100290034ef00,Unlabeled
0xf621fb08bbe51af70e7e0f4ea63496894166ff7f,Unlabeled
0xc0d39594bc4f43154ab0bea9ba7cc34397fece5e,Unlabeled
0x733abbfa8012a17f43346f6e1890ea6a1f0ee8ce,Unlabeled
0x764042afe0078cb4a3038a06255d83f8e9eeaf4b,Unlabeled
0x7fb503e22828db52a090f247656864088c5c4b2f,Unlabeled
0x8333cb3e7096e471ba8b980e9b1634b71baca0ad,Unlabeled
0xf09ff942aad86ee58302eb8492d621ee7f83ba97,Unlabeled
0x194cbbd3cb7db6316b4eb2140f70de10978280c1,Unlabeled
0x4ee675dc4df8e6a94e1f59e34bcdea958a0998a6,Unlabeled
0x3b7e37d18cfc49528ebb840bf6ea0c2d06182e2b,Unlabeled
0x4461f4f9c82e1a1f0199e5ec3921f884f76f617d,Unlabeled
0xf67e3060883d15b5f1f669d03c0ea53cf7ca7fa7,Unlabeled
0x5c315d63c38bd025d95c2dcb39ac42ca3502e8bb,Unlabeled
0x5295625ab16fe1a88416fd04d5e96aee94019525,Unlabeled
0x416dd2d1864f95768fdb984229151772200dc991,Unlabeled
0x99881e0ad9cd4bf8758d236c6cd6d3b1e2416a3e,Unlabeled
0x296d7ac36daac0964db4b5655c537e8b00ef3717,Unlabeled
0xf81b2a3ee1feaf1a56aca45dd22236594e23f488,Unlabeled
0x2d2c3ca265c90d87f94d4086c17d33e5a42cce73,Unlabeled
0x3c7e71bf949d45c01068e699b79a9c8e649f7772,Unlabeled
0x8428c5f6b85441041caf0bb85e968b2864f5f2b3,Unlabeled
0xcc4ba65561c7bee0659de5e3be0c861642ef3e28,Unlabeled
0x22853a2f079de3ddca6a1ad07beda4784b0d7093,Unlabeled
0x44c1425730c2721d8ba1b5a07f6c519f8effce6a,Unlabeled
0x44c9788cdfabe3cb15a3eeb6e63cd2ec709c8bbe,Unlabeled
0x05b89db2c72f46f9a513d7028867822b31be92cd,Unlabeled
0x99d56495a2c3f069199c6ca82fb4d7bdeef2e369,Unlabeled
0x62221c385cb341de9afe19c29dc3b601991f5f5e,Unlabeled
0x7bef16275a88bd9c3004dbd0b85da65b08705c24,Unlabeled
0xb8131309c6d3be1050e908b76ec123671da943b6,Unlabeled
0xf61f6beb123b551407db64c64d7e7c2568e10371,Unlabeled
0xa7cabb0116cced2d93fe0440cc34183fc6bb7de1,Unlabeled
0x7cbc8fcbd79b5b0efb5ecd8c7c067da9947d705c,Unlabeled
0x027387c9a20d353774184fffaf33bd5f9bbe895a,Unlabeled
0xea9fd80b919bf691fe016921d98484a2bc5e7ae2,Unlabeled
0xc0e10b95e4db4352e60776de35dc3b02ce41e5f0,Unlabeled
0x0a78ca0e923a9dd4dce70c35dc57f60ed19da2b4,Unlabeled
0xc09f95fb1bf19cf9c62498547e569eec51559c75,Unlabeled
0x1eb0dd7a3150c64557f7d80383711f189c9f2ed3,Unlabeled
0x9d29a808cbb1cf3aa2ac56e13cda4c0f4fbf0baa,Unlabeled
0x3caabc0727eff7af8201a270a6203eabaf0f2e7f,Unlabeled
0xd51a970f29a0dcdda477e3cdaa5b4eaff5ed0d04,Unlabeled
0x3efb40981c7ec444764a504436ca136615fa82a2,Unlabeled
0xf7d6f3076b3ad39a0d5748b433480214dd27bce7,Unlabeled
0xeaccfd22526e77faf4bb1012024577dcd83a2940,Unlabeled
0xb9391e439f7f64622732f04bb82c8fa5017264e6,Unlabeled
0xb8d07fc79e500d84c6bf35eaae7fd5dba05cf4a3,Unlabeled
0xb789dca07e9a2023adf793d174529206fe13344c,Unlabeled
0x78f3f335674da831d503a378ffd7f29f648eb4de,Unlabeled
0x763b878a8e4a156cda1f1b8f50e3d116c9bd3fff,Unlabeled
0x03f4f1c19e2228674ca47eece083772b8b033dc2,Unlabeled
0xd9f76930d7df99aef4dc4cff48ee236d4583c28a,Unlabeled
0x07d93da1e1ccd8d4be4866b1cc5e2f196d958035,Unlabeled
0x219fc40c4c72251a6b0fd24f0ad4ae6ff7ec2781,Unlabeled
0x669ba803539c8f6b8de8fafacbb68c1e54eb4773,Unlabeled
0x8dd7a54f4df41de050e6bae3dbdeed6052bb8ff5,Unlabeled
0xda386509c619d6614c957c13b0c3d0b5ea1d1546,Unlabeled
0xeaa706a35a1f0a8e9a540ad80ce7423cffad8118,Unlabeled
0xaddd23ca4af9484da8086f391760df10235fd075,Unlabeled
0x2ef633fef72c434deb4c121fa4259b915b0bb5b0,Unlabeled
0xb956ef43c9801a8c25bc36baeaa914c8832d0fd5,Unlabeled
0x165e9a7926c6b149d5fbe803df582914eceebfd7,Unlabeled
0x7956db238ae35349d649dc8bc5566b2f7fccdcb6,Unlabeled
0xa433c499e94961321bd4369d3d4806c30ef98e4c,Unlabeled
0x6fe8b12db69ad011748f57219532ab9aa58e170e,Unlabeled
0x510487b6ac44a8067fdd849feca9decfda974859,Unlabeled
0xad7eecbc636844f830016c1ac9035afd28128cd4,Unlabeled
0x746482e711a6890847e896eb939a7a858c1742c0,Unlabeled
0xf914ee51992be6efcb102b00e0d9a021d01bd633,Unlabeled
0xf914c5cebafe31ad7494a6418d1a7e583352d633,Unlabeled
0x5106fc66cf0c487cb1a290407c96f8626795218c,Unlabeled
0x387d157bacc5a8a43faf8c3aef436c7a609b8078,Unlabeled
0x4b982b5a54bdf15020c7eed4b165b4f3cd2d5c8b,Unlabeled
0x176b4055b1087e3669171613276d469d335f4ba4,Unlabeled
0x9e62b99bd66504df778a23355bd1a9309d7fb3cd,Unlabeled
0xd2d7c15324d0f4fda3427115531e7bc129c96cb9,Unlabeled
0xe32b063e35f2804270a56586c096e8c14bf9bb03,Unlabeled
0xf5e5b03bd2a986b520e33073838ddc2e47dc4c7b,Unlabeled
0x6e33f6d6b44ba215f2549a9dfb8354864f5148f9,Unlabeled
0xec697fedf608bf4b9f81d490a645246c5c20e908,Unlabeled
0x418c443745341bbc9b7950fcb51739a231ec829d,Unlabeled
0xb9f79ca70816d00dca39f8dca75e9ed39966f14d,Unlabeled
0xa99596d6a9dae34dca8f677ae5798bb1d9733d99,Unlabeled
0xbddffe6ffd63d80dbd079455facf9882318d51a0,Unlabeled
0x4b0b3fba13b38423a221c40fbab018a9ce76b8be,Unlabeled
0x44046e631caf61359b341303489288d9577c8301,Unlabeled
0x81054fb23408c105df1404a81f0bf537a542d467,Unlabeled
0x47e97ca1465cd03eae9c00bffffa6606995eb289,Unlabeled
0xb5af324e9f85e3db8f0cac0cb57443a5678ec8d1,Unlabeled
0xaec5b9deac9d4954fb7785190c4c647ab5d62ae2,Unlabeled
0xbfd8bb6282f369c398d586af0312a13eff2f7702,Unlabeled
0x6db81acd0bdb707145f0ec3d9dbbf6b083d52425,Unlabeled
0x51242e8558a79f6470a6c43bfbc2fe8c435dbaa4,Unlabeled
0x738770e5f0bff8df3453aea415125f8c9159dfc5,Unlabeled
0x0000000000004f3d8aaf9175fd824cb00ad4bf80,Unlabeled
0xdbbb5c02a1b72aa2bd1b5df24cf2edcc75fc7a61,Unlabeled
0xd22fde3e2257ca350649dc09a684781fa596bb8a,Unlabeled
0x87335d6fe84f256a1a0f04bf0c88cf9ec921cd44,Unlabeled
0x6f1214d5ef54a2b6777f899fd66148b36fec0cc9,Unlabeled
0x38923b6b9e369a86c89aaa55d8a6c38cabe00efd,Unlabeled
0xd075b01fb24e57e3e7bb4df712bcd8c0a43e1897,Unlabeled
0x13c7d396424c66bd1b56877966a0e00d65020db4,Unlabeled
0x534d4700ae601018508a70beebccd5774826c624,Unlabeled
0x0932f77f0bd56f23c10ce90a4bec7259b6233f2f,Unlabeled
0x5b62373be59f193fc4398a17757eb966e815a0a3,Unlabeled
0x1eeda3a79a2f5bb635581e29650ccff5862fc7ac,Unlabeled
0x36ab2f9fb9bff5b97fbbe74a67f48cdbe6b3da23,Unlabeled
0xc1831423f1a8d3c6c38c6915cfbd9a17982e6474,Unlabeled
0x6ac482c5a923bb16ab00a7afb056f701bb268764,Unlabeled
0xd36fa1d19011465737334bb25ad611bcfdf929a8,Unlabeled
0xda732f40f3bd45777a906cacaea1fcee41f8b9d7,Unlabeled
0xa556260dd0ee13361c07a069c1337d6a22e9abde,Unlabeled
0x6c918a7e2fec81cea41366672cc9e7ced5ff633c,Unlabeled
0x922164bbbd36acf9e854acbbf32facc949fcaeef,Unlabeled
0x0eb491e1ecfe5f9025c46529f8f6cb91fdf8f6d7,Unlabeled
0xd7fdcf50aa133ab7d7595169619d374dd3a74afe,Unlabeled
0x31f0bbf5c7a73568571ff21e1cedb6d95b652ac2,Unlabeled
0x4eadec2f93e3f6b749e413a654d23c8ac794751d,Unlabeled
0x9296440084a546744a840b46b17e584e48c988e7,Unlabeled
0xfce79ca7217694c4b68c39dcb36a9c8da4ab289f,Unlabeled
0x75627f2996d1434dd52bd3873efca040c070bfb5,Unlabeled
0xeafff6db1965886348657e79195eb6f1a84657eb,Unlabeled
0x03ca90652e89c7d4c3b15565867b74f2e487bfa3,Unlabeled
0x007d89690f5626b5b0f41a6a7a07e579ee363181,Unlabeled
0xd11bd5b2d8b35bb36fc37cb6ff1d862b0416a187,Unlabeled
0x76ea43f6a2a7464590c2914c526e8fd118ebc9c6,Unlabeled
0x4f04290734f947edfa7f36e719ca92e738995b06,Unlabeled
0xde9a51a46932fb8ee0bce4417a329d29b26f5a57,Unlabeled
0x2d4fb2efb5f1ee0e42f13fa5006f51f224b1f6ba,Unlabeled
0xdcdddf7bfd551c4b402f9ceecfd10214f3269a5d,Unlabeled
0xeaeaeb4e56074d5112c0a6c4b33e1087f7c2259f,Unlabeled
0x4913fb1f79df8bc13f1601373d479e32f9111291,Unlabeled
0xfa20d4e20f3db646b34d6df6c09b2fd1d24c5a60,Unlabeled
0xad83505d6bc4841fca55d03180ca2b08adf1d3ea,Unlabeled
0x819d738458d845b277d683f523d0004bf55f9394,Unlabeled
0x98f4701bf752d7a5751a36e54529dc9486ae2639,Unlabeled
0xf5699d2b9ca13d8323bebfe2b490f9115840a457,Unlabeled
0xfae3f3f51fef1f684fc59c3324991e07e32bb0e3,Unlabeled
0xd119cc16c0475067dd11d2c03f4e1d790f4ac275,Unlabeled
0xfb4ce660e23ca11dc5a528f6db0e31f28877994d,Unlabeled
0x6d73c521cc65db89f7e677e4538e397bd11f4c39,Unlabeled
0xc0e2ca3019007f81a1c7f4ca0a5c0350ef6e6387,Unlabeled
0xfb8131c260749c7835a08ccbdb64728de432858e,Other-labeled
0x0a23f921a90edba693aa7c0a6e54a55f478e24a6,Unlabeled
0x2b11cd87ace3d24fd5a0c7976d2e34f2c8c83ea1,Unlabeled
0xccb08e9c14d083bcccc162a7feff970417af0cce,Unlabeled
0xdd8e8f29fe86427a2088d6795737cd60cb664b29,Unlabeled
0x2d7d761ceb9d7da5a0822929f2ed7d2d5ed00615,Unlabeled
0x46e3fec8f5108a39439463102f15a6118acde895,Unlabeled
0x2228e5704b637131a3798a186caf18366c146f74,Unlabeled
0x4713afb52589c35470e16c6ade3229c383cb18a2,Unlabeled
0x2d4f76ba61ef457830524b39756b648ca1432727,Unlabeled
0x132b5f878391d51576e390907ecac2de44d14ccf,Unlabeled
0x1bfe9f11048637c914228c4568d551881cecc44c,Unlabeled
0x9341fb39ff1f93bcfa86e8998216fbf359309114,Unlabeled
0xf5e3b43cd8b1bc26c7346cd51d8980dedf87b454,Unlabeled
0x3ef5568ac9363d307ec505970d571be1624aff02,Unlabeled
0x2ed6c4b5da6378c7897ac67ba9e43102feb694ee,Other-labeled
0xd35f028e69db0c7a90c8d2189361afa42af3c426,Unlabeled
0xbc312a44e2c5d47015d8787affb3062073e6c674,Unlabeled
0x730f987068354df18e1575514874544336ab5e4c,Unlabeled
0xe343524119112cd3e1f6140010f9b2917a03c0d0,Unlabeled
0x6745024462abf2c049f54b381c4ad4a8c8d999c4,Unlabeled
0x51b36d5509d375d37336150fe4b1b10a9508caf5,Unlabeled
0xfc22042129b62c52be6ec72e8f0e28078e682507,Unlabeled
0x5018bd7b53ffa571f93762aa7adb2f2aacd24bd0,Unlabeled
0xd6a8df5f5efaae70b504ab135b8f3ac0697c4d87,Unlabeled
0x16eae7655a53e5c29a65c555c7cd281d7aa3f735,Unlabeled
0x3a60388b6949a02b6cd036f1eae2a194df52f619,Unlabeled
0xe505bf08c03cc0fa4e0fdfa2487e2c11085b3fd9,Unlabeled
0x63dfe4e34a3bfc00eb0220786238a7c6cef8ffc4,Unlabeled
0x8d2822757cf7ed5a54721a52aa4b004f38e37053,Unlabeled
0xe0573371db2b8990e1a90d4a65968e89418cc6f2,Unlabeled
0x913762f11337c877ae34237cd94228310899a232,Unlabeled
0xcf292ef2116a618d412794d88250be730976a10c,Unlabeled
0xa4dba2ef4f6e49ba774b50745f8a9af53b6d187e,Unlabeled
0xe21eae7496614f8154d015166dc68a61bbfb7fee,Unlabeled
0x50f02612ea1f79a84ef72d6912a5452f40a88edd,Unlabeled
0xae7f327b1b9b6682521bd9e3d851b6eba3cf7ed6,Unlabeled
0x237f3eccde6d1083b795e70cd273cc64a92adc30,Unlabeled
0x36039491110d85a28bbedefd2340391f95e20461,Unlabeled
0x76ec5a0d3632b2133d9f1980903305b62678fbd3,Unlabeled
0xcc7b9a1d36e23e00292688eccf5b26f7ea2fb9da,Unlabeled
0x5be5c37a68774141bff9fa9d3d69f1a129e4e19d,Unlabeled
0xd9c7c3cf7fed9226910b8ee4b9cda3926623eae2,Unlabeled
0x6abf79c73e2b505c4de49ca4169f9394a2612c53,Unlabeled
0x52968def621c95bccc2d7698cfb67e993fdce31e,Unlabeled
0xc5e0e0ce30494e138ba95162308734f32959c428,Unlabeled
0x843df1def19013b9af53665384d91cc1c0c4fdbb,Unlabeled
0x06e6eaed67622fa34d419d08cb4e57eb79713d11,Unlabeled
0x94daff5d89ee302ef1e14e4b5213447f2803a93b,Unlabeled
0x5cdd40b01377c1963e386f3ffadda0f8be7b3764,Unlabeled
0x451b4fdd2897fdc941e935e25419866738a810b4,Unlabeled
0x1a9d3a79334456f77faa6fed3dd5142d93f4ef4d,Unlabeled
0x150fba1f552cc72fb81698741af1ad93fee4434d,Unlabeled
0x3a90ee4387b6cc58211d2922bdd48cfd8f61c54f,Unlabeled
0x3263bdc2b087363460d0dcc3c49dc4e162875424,Unlabeled
0xacf61e8d86fb24f8aae7b833c9f04755c694280d,Unlabeled
0x22582083361bf06579bbffcc1138d3fc986b91ff,Unlabeled
0x763b700ff2c18a10a22be83886f51a0d01a32dee,Unlabeled
0x28ac98614ff224404a0db005c333fcb8a0957201,Unlabeled
0xc08dcd84715a024ee24da09cc029f72b43770ef0,Unlabeled
0x8e2a2bf4b65b53653dd1a5baa6e99b876c5b2d10,Unlabeled
0x6d9e818fc8bef4b125dd82b23f1d0a21987cfddc,Unlabeled
0x998c138f477fc412ab8985b607327a3718e0e1c7,Unlabeled
0xb3efa636011a8fa015095dc69779ca53a7490936,Unlabeled
0xbeab440361c9ebeec68ae05776a5fb3fc73ad3e5,Unlabeled
0x820d733dc5c296f1de56c18e7af66746a0691154,Unlabeled
0x94988a63d23b437429b437d3af877ffa444ff0e1,Unlabeled
0xedff3dfdea024bd3d232523f42627036aa420e01,Unlabeled
0xaea6a78f41c691421f48aedf0152acb7be297a00,Unlabeled
0x1cfc12c31601c6d0a246b39a3f0fd7b4b1a1b109,Unlabeled
0x1ce57bfe90c3d6b03b0cb7c9ba1c086ac8e70758,Unlabeled
0x2d023f4677fb1b898f9425b49bdd3a825f21a55c,Unlabeled
0xc51cc008140705cf1d733d9725f299baafbdffd5,Unlabeled
0x9f1458739ef5c305d4daf05b9a79e5bb7c4a7baf,Unlabeled
0x4a82689f421df7583b1275ea7304868e1b080193,Unlabeled
0xbce4a7e21abd3106f098b56908e66b78610714b7,Unlabeled
0xf67e70e98e2c2230bbb32ee473ce4982cf2523e9,Unlabeled
0xf5213a6a2f0890321712520b8048d9886c1a9900,Unlabeled
0x0dc7372891ae54f485465d61118ea6582ba5a960,Unlabeled
0x6cefd7af9bfb0621bcfe4e435ce75a57b71b9931,Unlabeled
0x2d716aaa439385ca5264c5d254fed93fe1523985,Unlabeled
0x753d49b1cfa2307e7c6ffccdbc61978973d9a0a1,Unlabeled
0x49f494681020de736d0e48fe3f2cfbfc03efebf2,Unlabeled
0x3a9cc50535b546ccecd8dab4a7ecb5636d268515,Unlabeled
0x208cd96afbc76d40b65b3331851fde557579c97c,Unlabeled
0xc32a930af3dcdfaa2e34f2aa218e8ceb39a08af5,Unlabeled
0x4d66c1dd4d732a83f869edec740032a5540487b8,Unlabeled
0xaf45ef46b73022cd5381387ebecc53cdbe3bb1d5,Unlabeled
0xaa13e437944b23babff197b6f1a8b869f47e64d3,Unlabeled
0xbad89bc90a0fdcd87264dcd1e493a0516cd78c39,Unlabeled
0xe49395c141f5c7b39030a241b11c07d35aeb6e40,Unlabeled
0x0304492c94d8dafab67756c7b7aaf94e2c9ca709,Unlabeled
0x51cf9ab3db25c16829d086ad3ae8da3fee5632f0,Unlabeled
0x6254c310e166e6d8ef68f3e66eb45b8bff3bc888,Unlabeled
0xd493066498ace409059fda4c1bcd2e73d8cffe01,Unlabeled
0x49a1114cd6879213dd93e9813a150ab09b445c8b,Unlabeled
0x34bdd9a733145902e3b1e3323be878b23bf9e5ad,Unlabeled
0x1b44255e75bf3984dc5985ecbc74cc01df6529af,Unlabeled
0xdca8dcb31aa2d6206038fd6ffb72e8c34c086f6a,Unlabeled
0x670667eab359030af7c6f785fc32c25bbe9a7a31,Unlabeled
0x2081a1e0fccf006b9464f85ce1a91631a566782b,Unlabeled
0xdad2a93e0377bf1ae1ebbb7f5a7c0a357d82be22,Unlabeled
0x413543bdd7b59a7b440d3cc4210c7614e687881d,Unlabeled
0xb933c37f32cf2d7fc27f7d9d04a93088792e8143,Unlabeled
0xd28bb7992350431bc2e66c6c048b5fbb595ce7ee,Unlabeled
0x567a669efea75a08eb9c440892eaa947d5cdc4c3,Unlabeled
0x9229f54d5289c488e0ce2177f1b5604772882f33,Unlabeled
0x5cbafec8f5d1482a26772fc76b4d5db295aeb915,Unlabeled
0x4cc639e02e380919f061d94588cd6d663c7bccad,Unlabeled
0x5631b48979765c69af5b4421edd857052ee80c34,Unlabeled
0x07a48c5a537d9c7ac079aefe875b209dc8360704,Unlabeled
0x06a4f75ea6c9af4a946de035b44c6e800b981022,Unlabeled
0xf6c4c1396222b2e04a65b201e80cdd4a69789025,Unlabeled
0x5c54e0568d5a8386fdd8870217812a9881066491,Unlabeled
0x2b2956ecb6e2064455013b83ebe285e5c4e34356,Unlabeled
0x8bfdeb723b3aa2208be9affa8408995538e8c8b4,Unlabeled
0x45ebe623e872a1b54ec807c123831d7ab019d05f,Unlabeled
0xe34bb624055b171d777eccbbfc3baaeeffbe432c,Unlabeled
0x944a7b4ed31ce16bbb45bb979aa6f360daf7f027,Unlabeled
0x0c036a08aee5136440f2b82d6769d9834aef0be4,Unlabeled
0x7671519ba7a966b5f58ab7bb5bc167626ef6d67a,Unlabeled
0xd7c8988f703785381b27a00aa1ffac5454128764,Unlabeled
0x7ab9032eadbe2d7dbb419da0d46a75e9abd5bfbd,Unlabeled
0xdcb92b3fb666fe30699857e288f7b1e74fc7cfcc,Unlabeled
0xa4e434b84b03bfd11b0ef0efb607149b9d4656f6,Unlabeled
0xceae27b435f2c8994756b027f70db14589d5a454,Unlabeled
0x1e4396d2aea935a8b706306928687213895a863f,Unlabeled
0x02b0be258288cf77bfc82b7ecf7499319898f22d,Unlabeled
0x0b6d36cb212620bf400aeb7128b6106ae64a799c,Unlabeled
0x08ffdf729a368e7c0788de9c0109a5aa6436e835,Unlabeled
0x59b688371c241988a11b4de32a7aedca5debaa9b,Unlabeled
0x5296271849a56dd9a0bf53f6264564ff7bbf265e,Unlabeled
0x136a96f475b1df8a4eee5c5e74c811458390d650,Unlabeled
0x57a35c9bbf729425254ffe84de4123badb1a454c,Unlabeled
0x6d851e8c0eb0e6b9dbbe5857ab9e397f3e2f8951,Unlabeled
0x5068e3081a9745d714b0d535e309c629cede4388,Unlabeled
0x677b1ce9733f5fa34af2f0fb773800939b37d70e,Unlabeled
0xf0c43a9c63305162b9232754922ea83802add1d0,Unlabeled
0xe63209a07b0a8816d0decacd7ce827c611dff9f2,Unlabeled
0xa427d8e5e7eff42c57328a67658e13aad37cf52e,Unlabeled
0x94187943baf1395a16f135f2ab1d2ad252eaba65,Unlabeled
0x89f1ae17bec2f5a9f4ca1eb5d46732ed4fdf80e7,Unlabeled
0x2fb023a22d95a152b0877adecc75c03559a141a4,Unlabeled
0x2fb0185ef17097c6cecf2b953ff0174719f141a4,Unlabeled
0xfdbe841eab0ac59ac97caee3db183913bf993d08,Unlabeled
0xfce7dfa8b8d218a3e7ba5bb69abcfd9b70bb7626,Unlabeled
0xde457b2ae11fb5627820a6f667c3903e9e6030af,Unlabeled
0x85d295e4b4272fcbecf50766238f712841ae9f62,Unlabeled
0xc774e262be6966c2591bd1893c2dea369443b7b1,Unlabeled
0xa11c066180ff0ed54acf48ba01b2d819b8687187,Unlabeled
0xd42d654d065ff9560c823f2d71411535d5e81132,Unlabeled
0xf1cd1c93f13b5da99ac6ecc1aff46b7f07ec8118,Unlabeled
0xb20531a5bcd95a06b9bf65211ad709d15ce9d773,Unlabeled
0x918bcd18dae0129cf1f713c819ac9f49627023ac,Unlabeled
0xda44d35f7ef2f3d30e22a1aef1222493b6517266,Unlabeled
0xc901db47fc0d44ef635e6a800a1b3cce4dc4e981,Unlabeled
0xc47db8087979d55588d9b8e192e477a2042776d1,Unlabeled
0x8dc9cc7a85daab3f707aeb683aacfdda1c865144,Unlabeled
0x1d131475dbb485275fee3e68c047bcfb94797a0e,Unlabeled
0x49e844fc66f27cda8f59cb5b79e63aaba0792903,Unlabeled
0xd8eb49097dfbfa31592abc657428f26a751fecc7,Unlabeled
0xe66cb907e22acf272201005c84ce3173207e58ad,Unlabeled
0xf1162de1d73b82152af11385a964e550fe5b94b9,Unlabeled
0x51d0a9674356ed2d9420b99054876ffe7d0b6d2c,Unlabeled
0xdb9f8210b5529bcdfd38f069124e082e5411f20a,Unlabeled
0x692f48708f378650fd3aa1eb23c1b4886964a6c5,Unlabeled
0xb837ad1223be208040b366f5af055c055dce7e38,Unlabeled
0x34a4da631fd4572b1cdded2b0c6de797a9808ba8,Unlabeled
0x410f246b70a8a44265e4ea613713a5ae30a78b22,Unlabeled
0x204256b8633dab302eb8140c9f73646195618dba,Unlabeled
0x4b2029eb3ec3ca5e9b806241e586892d71558581,Unlabeled
0xff2f31692ffc1963dd2f0e8c34ee9c7e135d52f1,Unlabeled
0x6222f99443a0d75bd96d40f2904606f60f37cdc2,Unlabeled
0xf4a197f66ff2b5e7142722a3d5ea67104de77313,Unlabeled
0x42b81e8c535b9488695aa31781d403a85f9608c1,Unlabeled
0xcd1b915603e081af07d1a5b339c5ec5b9fc3054a,Unlabeled
0x42b8222444d8db8a10c966bd8f91fb31b2da08c1,Unlabeled
0x21c74c20b62d584d956f23ee143b57987e5beeb3,Unlabeled
0x970dfca6c3605b8236085ed2d63b1556195abb6a,Unlabeled
0xf0bb7882624d189ae4a9ce1b9400beb068564e0c,Unlabeled
0x20d4742bb4da61fe235f5c46436d0163635dbaf9,Unlabeled
0x787cc3ee565e1c35d951d641d300ee815c9546ab,Unlabeled
0x6e86672802272ec5e9f2f352d3e324d3545db0ad,Unlabeled
0x221f8e99408f730981bfc311eb9372dc353f3ac0,Unlabeled
0x5b8c5beb07384e37dc6a1d27455edcf5641e7776,Unlabeled
0x8668c8b404e434700fb105e32744b18f4d724970,Unlabeled
0x899a54f44cfcf4518567ca0690d33dcf8ab3e5a2,Unlabeled
0x77bf1a1a1a6777ac484d439bf6b9726fd09d0962,Unlabeled
0xcf6ce1174b7ad8b57876b1fc1f2979a63af76aca,Unlabeled
0xaaf79af036b96d4b977fb4a56ba026bde853114f,Unlabeled
0x677b30aeae64a822130651560ccc43bae16fd70e,Unlabeled
0xf002f82420b4c61db6aa271e8ebbf5bf5ca7b861,Unlabeled
0xb1004e8097cf968459f710b6d4b2d1cc67aff675,Unlabeled
0x42bf9cfa5169cb69782a6af82b4cfd6acd312585,Unlabeled
0x7e3e5d3260bbec5de38b57e9462f4d80e00a5277,Unlabeled
0xac43bc0f7421a0dbf78d4ff7d4483ddcb2365c2e,Unlabeled
0xbd25392aeb307bec788072aa6b404c8826cc6961,Unlabeled
0xcd654003e2fb3d5c517329cf8dc84ccd78d0b2c7,Unlabeled
0xb2629db28b789b470a3a4b01cfe60c355b033571,Unlabeled
0x04dced4e3ee695c8ea4bd1abedefa7e42d685c59,Unlabeled
0xb0bb66579f5ec164e84377603fe09c47a8d8281f,Unlabeled
0x4e6aca2a6682ece3d33a088af331d1095720479d,Unlabeled
0x9dad9dbcafa36ef0aedd38ea4e5a14fccce65257,Unlabeled
0x2ebbf4ea7ceed89b7f1ffe93c70105096da84f3a,Unlabeled
0x82d590f81681d8a7099085781775388caebc3bff,Unlabeled
0xd7afc5ceac293bcf9bc95e78602a995f8fd7822a,Unlabeled
0xc97a0d09993f9ca73c3f39bc0d8a56f6872622c7,Unlabeled
0xea34fd7e3b335498b7c8ad9fdc833a46dd78b193,Unlabeled
0x709de0b97e369661c99ad54f2b858139897d3dba,Unlabeled
0x4198706e1abae89aff7cb15cbefaf683b231d11b,Unlabeled
0xcbf57ce61b356955258eaab39844523885bd3343,Unlabeled
0xcbe55d93904d7552501d02ee1a3bfdf6c637ef76,Unlabeled
0xac426afd8f7dedf9c29319d8c653a7df7b183134,Unlabeled
0x939042a2eddc159100babfe323256a9add5ac5ff,Unlabeled
0x8071907262465b0d4b08abb729c27f98ec908a01,Unlabeled
0x2633e64d4550aeda823fc420edefaebec2ec7b5e,Unlabeled
0x3fd3462f9e4d3c41ae6880600ef3f6bba77bc90d,Unlabeled
0x7d5af7abf0f698f0b9b636ced847f70bcd11b40f,Unlabeled
0x460ff8f46895f03ee406081a982955cdbfb231b3,Unlabeled
0x2ac334df9b8f9f7b45c391d43397e059c0e4be6a,Unlabeled
0x4784ca97dc5214ea9a9ceda1829e377071c22c34,Unlabeled
0xbeb4dc79a3351f4e707bff53dcb42d36cf764b02,Unlabeled
0x676b149d1f833bf4f2b6f314bcef0980988ed8ee,Unlabeled
0x4e5bc1cd2c421ecfef65395b3237f90a97178c55,Unlabeled
0xb7565a8c8b7eaaccd2fcc8f18975ade80fb88fdf,Unlabeled
0xe52f49a878b955965d1ffeab447295b049ccb2dd,Unlabeled
0x73f432da307525b6590c858bf458116322d50d16,Unlabeled
0x4f4dacc6d1525701a48f1f4ccace8a84f8e6ef4e,Unlabeled
0x64d3f28dac7f6b3b5ad9805e3b7f82df6b4f2833,Unlabeled
0x45377071fd90666567553caaca5fb512d09081d1,Unlabeled
0x636853fc671173cf15f4cbb3eec1245853d6d6c5,Unlabeled
0x3a15f2b89217ac5b79a85eba2edfe81a7b20c0a2,Unlabeled
0x2cc808648b96ff3657d6c1611042339c6f35b36c,Unlabeled
0xb6a8d00126fc6841c3f747a401c816178557b7ad,Unlabeled
0x719865d82b44d137eadd435a3f93a7c519364218,Unlabeled
0x9f452b7cc24e6e6fa690fe77cf5dd2ba3dbf1ed9,Unlabeled
0x315fb369aae862a6d76124b2c2013b22ef4eb093,Unlabeled
0x01a3f8b2e499376d971be527a282e038eb4215b9,Unlabeled
0xfa2be1a22b89b9926f5c5175b45d665d5da0517d,Unlabeled
0xe625396bac041ce38637a497fb11f266ddd3ddfa,Unlabeled
0xabeeb9c8ebbc276b54eb4e9f9af3cc856586044c,Unlabeled
0x978a65cea3e4795d3ec0ba792cd1acd56f9645ad,Unlabeled
0x7d4392f02522618e8566ab34f4250a4cdf067909,Unlabeled
0xf8c59af2ba2f25dbd0e6aef0f44a0b13890d3e5b,Unlabeled
0xdaa4058313694480fd8c2116355edd660355f6fe,Unlabeled
0x3dcdf4951dbece85356cdbf86f91b9bb9f4254f2,Unlabeled
0xaa313c98357235179b1bf6bdef00cd955f6d21b6,Unlabeled
0xbaf34cb5c5bb2bd85824ceaca19705b3542c260c,Unlabeled
0x4a2a7b3a7b62dff87fe0f1a97f34efc23f1a0362,Unlabeled
0x519ba8c87b967244a19c9d0bea6cc856c7ee7bac,Unlabeled
0xa970c08d66973963c222c3e6e8ff25acd63f382e,Unlabeled
0xb8f07095902c5727420f1888a8ec72f7574d5e12,Unlabeled
0x30f6acfd568c59a96c1e3cfc5b5b9130db7579b7,Unlabeled
0x096eae7fc6d1b87e71e77c0c670dd07c73db1f53,Unlabeled
0x5023782825136e3f6409ee96798920e3b9d9f0f6,Unlabeled
0x8bf16a0b04d75e96f445ac091df1b21bd6041b97,Unlabeled
0x59a0eb0668f0cf3ae75b870270b18d4ca745e62b,Unlabeled
0x045d21b97747686c4b4f8d70e6feeadcb3f6d345,Unlabeled
0x1a6b01fc8ca8914b8a9ee046cc1146d621eae23c,Unlabeled
0x4b5dc8887ff2d446ea99fe64f71fb84d6e8fbe81,Unlabeled
0xa90b961891917882dad45bb2196f9200e7bb5210,Unlabeled
0xc32963232e4f2e1fc947af3d8ac519302def8a37,Unlabeled
0x3118e0e517f23e147991b06d588416a29ac1d6d7,Unlabeled
0x3118d9417a687cbedbf506187dd10e840371d6d7,Unlabeled
0xa8e8a4799490b8e2411584b069274be9d86b941c,Unlabeled
0x9ac7bfac659f7d1ad7a338278b87ff835864e8d7,Unlabeled
0x0b1d1b0e1bcbc72b2c81f2b71b81a82daa266a90,Unlabeled
0x76042b4784af85b82e9b4f36ff9f6bb3cf2f1a97,Unlabeled
0xfdd877b572468a07f4f13ae620dc2b038e694e66,Unlabeled
0x37e945ed26b17a631d7df3382c2808cc1c7f07ed,Unlabeled
0xc87315dd3b96b008b1497ac8ed0af44c8d82a10c,Unlabeled
0x3bacb00058feed76e3456bb9ca0c0ab91c8d093e,Unlabeled
0xc1a6fc64ab6f816f7af79435475bddde1efc8aa5,Unlabeled
0x02f80efcc366e6ba2bd6cc6658607fb115b00410,Unlabeled
0xa8481bf73577fe5bfcd4725edf81026dc19919df,Unlabeled
0xe0f62b83abc96d1c195c0977ad20fbc53459109f,Unlabeled
0x3e1251b31430ed90543f1e40c911ef6ac050457c,Unlabeled
0xa691607874cdd0e1b2523d8349967687e477104f,Unlabeled
0x08e35b424d76a9c4dc8d70c2ec05705fe81f090a,Unlabeled
0x87ff3de87918a92a3c17d35d41b704ea739d7b43,Unlabeled
0x84e39f4038db1cb3c26092f68380b207f58b9c3a,Unlabeled
0x6d727d61c1021b5c546b3967ef6f90101ad72eb4,Unlabeled
0x8c5ae48f6650f25700d66b2d1d444d3ca74b82a8,Unlabeled
0xb71d0ba61a597597d8c9b8d64435f26f47380224,Unlabeled
0xa4f60068813dec2d7a8d215900ededc03b1739f8,Unlabeled
0xd30c0523e37d295880e873d2867c443d4c860332,Unlabeled
0x2b62504ca1bb35e736e9e2436b6681e72ca27f38,Unlabeled
0x2abb4698c058fd0358a09f68f1dd9d63825c636e,Unlabeled
0x968016bf0cf7c81320c3d74dae37b300d2127c8a,Unlabeled
0x49ce0f89e28cdda2e41624bdabae97a96b24b4b5,Unlabeled
0x88571f733ec8e234b9d137943f392536d5b972bc,Unlabeled
0xf4e6deea1b4da85c2d68db8d771d37ec1148b853,Unlabeled
0x7e102894b922e61f6eaa50ccbfb915978f056732,Unlabeled
0xb0fcfbf3549b5344fb2acc9ee2d9abc660d752f2,Unlabeled
0x248dade471289944f21fa1ceb5f62848f013cad1,Unlabeled
0x566cac9e77744c5a037b6d805a78516eddc9cd91,DEX
0xf23d7fc07c855c6968728114f324f49dc9c79437,Unlabeled
0x454f737e95fb82254db12b86a64c35d2f8ac1de2,Unlabeled
0x9f2358e9170cb3f6f18eb520c559fe3de53c43d6,Unlabeled
0x66e383982bf014696376f93ccd311ac808ebad24,Unlabeled
0x2df4ba2814487af8f8af8811d11455b9b85c6bc6,Unlabeled
0xd34dad788272f9a1791ada30a3e0e3db84244bf0,Unlabeled
0x3a14e690630b435ef4aee3b2e55e17be2d17e0f6,Unlabeled
0x206cb2c2e0f4f174a43dcf3fe727e19c406b7407,Unlabeled
0xe5c75531fd731a3fa7c4bcf051120be4e0c1af23,Unlabeled
0xdb4efc647a72ed5fb03c20143b85657dafb6a039,Unlabeled
0x63f0a6c6196e86a959b38b1b90009a0937108206,Unlabeled
0xc4386f246d1a0564b09126cc8004c04e9736f9d8,Unlabeled
0xea66b6437ca86f731ed7ebab69c033ef0a0a548f,Unlabeled
0xb1b37cc6d68626b6e60d204e50e17c15c404d774,Unlabeled
0xdd04f596569b09bb967ab9f20cdc1b7bc7495afd,Unlabeled
0x0748874cf8493e4151d18e10fbc6ee13add900bb,Unlabeled
0x605bf0dc8919091ab09470d3d7b34258599ff206,Unlabeled
0x6aa981bff95edfea36bdae98c26b274ffcafe8d3,Unlabeled
0xbb246871c3c40097955dca2072da6cb6c3740466,Unlabeled
0xfece01b352a9be18172fa85273b20498df79232e,Unlabeled
0x0a869fe705ecc3986a4d9a77f305fc1667d18d6b,Unlabeled
0xad85b2d800df4c7077722f95547bbec36e20e161,Unlabeled
0x87a74309adbcd43492cb37e62f1c500e22936e81,Unlabeled
0x71d5dcd76fb9ca8fe92b4952f13eaad149a955e0,Unlabeled
0xee19c62f0dd3959e3c68d9e57fe7ec43455ca6ae,Unlabeled
0xe3802e4c4e2b8bbf3525de53d8651368fea9446e,Unlabeled
0xa9a2d80507edbb59fb7dfd0beb6a9845a9a74cb5,Unlabeled
0x59b3c60e7072f8c4b7703a0c02f2e103669ed169,Unlabeled
0x36d4d58fe37871121c1a16220517578c3ef20cbf,Unlabeled
0x9e0bb97100c0e5f9d1cb2802553a5382b4c3b803,Unlabeled
0xb5f3d286ec90e083b1a12daddaae2f2831242cba,Unlabeled
0x5c81875af23eecb1e42a13600b887d4e9d5f1a5a,Unlabeled
0xcfc2b312cfeea63b70a7a7f277b5c4f2bf2ea50b,Unlabeled
0xe7ed97074b934550b776027895f1d0c26cc05740,Unlabeled
0xf11504eb7454ff2875eb67a73e4da1f12d68c772,Unlabeled
0x8c79b2593a341c9d8697f5cdc4cbcd83b140ac34,Unlabeled
0xa1aba1996463edea64d21324d1305a4fc3ccdf09,Unlabeled
0xad00b4f09a6eb28ba6472518cf1636093b86d640,Unlabeled
0x45623cdd9bd4f190645fff70fcc183219718d666,Unlabeled
0xec9f69b789c5f2d310c6703edae00e371f893120,Unlabeled
0x5c019bcc3c075a4d785fb6d7c076ed4bb4f964bd,Unlabeled
0xd841a3178286c3885b958c7c6d4576523e5ffee7,Unlabeled
0x14e83b1116e8afe0434ace75b3a62a34b4fe5001,Unlabeled
0xf9d9ccd839e67331c7ada139acc745b100a59cce,Unlabeled
0x11d75573a3f07bebc617839373165b84a786520a,Unlabeled
0x08d95e67f90cf4e507dfdcba04cd10042cd7de85,Unlabeled
0xfaa8d303d83156945cffa90ab257272393332c94,Unlabeled
0x06840d51a323007c17ff328dc65e10e05b12a659,Unlabeled
0x52bdcf94e254a53ad02ce9a81a54edc497a3d4a3,Unlabeled
0x6aa03267a9ddf386c47f39c966fce96f68bfd6f7,Unlabeled
0xe7775abec9c1af04dbe76129a97b2cdbc4790699,Unlabeled
0x41b72cd9b26c314ae0a846fd894312040e2cb618,Unlabeled
0xbd93f759d834f1f6ea8d90518465fa5c670bc6f6,Unlabeled
0x2eebaa007ae3bd64fb8565a7d137d90f0f6e038f,Unlabeled
0x3e39ee7b7459ed35a76b4e0c077f2b599e4b43c5,Unlabeled
0x01ab9df0b32c98dad21767dc0c1d9b93b344b251,Unlabeled
0x2dcc77da4ba5d8367189367badd2573b58ba40d8,Unlabeled
0xfaf520fcc536035015ac22932f186a78420871f0,Unlabeled
0x87eede6d4219acc7eef5b134c4c7dae4fc14fd3c,Unlabeled
0x1ae02c2d3364dd167c1c94e5dee358bba377b275,Unlabeled
0x68a1642982569b84a102d1680307f40e94dcdda5,Unlabeled
0xf14aa9ed0b6d90b7a49b782f6a9846bea8f0b333,Unlabeled
0xb566d7dc0816653a890dbf24a45ea1dd89261b87,Unlabeled
0x54b8e2216a65121e33f46cc59aa767259bad95dc,Unlabeled
0x92d7eaa220b02f010964914588d8ac30f948d4ff,Unlabeled
0x947a88a21743b72ec370cdedeeda0c4e39bdca6b,Unlabeled
0xa895d8be996e0801f5b366424a26043d8829b59d,Unlabeled
0x9c236a2621bdb3995c985a14667ac99436f227ee,Unlabeled
0x95d130f66b82f82ed19616c9dcb785893dae2869,Unlabeled
0xb30d83c2c4a442fd31defba8014f577e83c12cfb,Unlabeled
0x4b4baffa8a2b7fa99dcd38adea1369ddeea84ba7,Unlabeled
0x702e3d4aa4569a186e94ca3de55acd542c31f3e6,Unlabeled
0xc7d8093d7e19180a49b9f4a54616e0a116798b91,Unlabeled
0xa6e8772af29b29b9202a073f8e36f447689beef6,Unlabeled
0xebd5938935a44dee813fb89a89434f5b9979a15d,Unlabeled
0xda8af54e43da365863ce284c995517d51691a08c,Unlabeled
0x470601123bb0341222becb91e032787c3cda7073,Unlabeled
0x158b89ce633772b5b9ce8c5e7224ccaf2b6406b1,Unlabeled
0x1ed98214ec268c0e23fc335947527e76b392539f,Unlabeled
0x1905eecc541d24710715e41d4872c7ca17713656,Unlabeled
0xe7e2e9c4994f1d742a390b496832082ac65fbd0e,Unlabeled
0x5b64a36efc2a0f0afd01504ff4932c2d49ec89ba,Unlabeled
0xcc0061c5025e1173c6ab08d56af429e3ba3037fd,Unlabeled
0xc5b4e5c087ea01cb186a310e47feb07a5503e290,Unlabeled
0x537f84361a533a6b45ece64d3099b37bf266b3f0,Unlabeled
0x6d109e5a278c97215ca0285243658d19904d8e33,Unlabeled
0xde0ffc991bd60b19436001b03d8a2049d5ee7d6c,Unlabeled
0x74823625c397ae30b0a549b9931df49df24e3a48,Unlabeled
0x680e11f670009bc37d47b3cfa0154ac97112949b,Unlabeled
0x77a98c9f771287278346cc71b6cbdcd21d4114de,Unlabeled
0xa8f7684d24656aba2b2a2f5521e0dbee9260be8d,Unlabeled
0xcfdb7b8667e56338d1685233ca9eeaf0ac6f3f73,Unlabeled
0xdd3a0272db0d5793bf6837ab7ab49f5795ca3435,Unlabeled
0xcfb7e94d71ab3c65479dacd9d8f2159184ca17ed,Unlabeled
0xf26f8784d08eb26917fb604d2562e3893ae03693,Unlabeled
0x5bcc9e7c29817035e0556496e5476b905eac700e,Unlabeled
0xcf833bb1db0fd73a7e9f6c56c0ff9469e620d74c,Unlabeled
0xd73a2910655cd4867afa0bfd96917a7892d51eb7,Unlabeled
0xd2965c65e37a8d95a149fed78ccca3f8d0607a95,Unlabeled
0x73e08dd50de67e925ce525f83e45b570554bd4f1,Unlabeled
0x972cd50fd9ee7d3f843e3d4bf4707c29f80ec584,Unlabeled
0xcde43d1d030a401cf61a45b21b7ad2d62b8902e7,Unlabeled
0x25a9d70e405f3b3b3da704e89c8af963fc3ae9a1,Unlabeled
0xb89716e0a014499c3a0b2508a7b59ea80a375f17,Unlabeled
0xc19b4e6034f5b5489a8cdb58c9be80fcd2a7642c,Unlabeled
0xaf4945f9da9f31e6d7392c460e6ab916640ec1eb,Unlabeled
0xf50db934bceecf99b756da08342d1d6dce45b853,Unlabeled
0xbe70ba65b16589b0fd3493a906c3d9a3684914cb,Unlabeled
0x36abb41891aed05b23239c9611d4cfcb1c56da23,Unlabeled
0xf6f2ac697cef88518b03245c2e3742793c8bfd4d,Unlabeled
0x9cde5e8f83742520be96b13c9ca1509f13290d15,Unlabeled
0xf24be3404b723e35d9ebc60977b646d2581f57f0,Unlabeled
0x4820324ae4b7d1172805e56c0b5ef350c203c79c,Unlabeled
0xbad9dd21499f2760c091058fa8d8a24a2167b4b7,Unlabeled
0x45146b4c57fc0db8c90c85927f607a96e1fac7a8,Unlabeled
0xca4bd42383ccbf74de9a94a7a2431fda72ee2c6e,Unlabeled
0x9be77c175ffa7985e1231d797d336ac07e435a27,Unlabeled
0x2fd6d18963016657b78eea944d4ee2c5424d420f,Unlabeled
0x226b7e12f706f5359508bd2d6251b46f01764e4e,Unlabeled
0x32951dcb596ce38ab7fb53bc59a17f3c6c409390,Unlabeled
0xd4f5ba2f07fda32e4fa464e1e96789f3f6093f3a,Unlabeled
0x774d9d34d4dafc85429e140c0cccf8d00f1b259f,Unlabeled
0x95a65634d91aabaddf749b1c41ee18e14b3154a2,Unlabeled
0x9b1dc528d888966c24e0ef90015dab0a647e90d3,Unlabeled
0xc336b9eda562da1974017a1e350ecafab0779f9b,Unlabeled
0xe83f75907fb4c575414fa6f5cfe8cef24dc5870c,Unlabeled
0x531bba95778dde94275311dafd979147767b94a7,Unlabeled
0x44d8144c56138597265c664ac33c3d50e3791bee,Unlabeled
0x090d44b273ad223409f7323feae85cb39d0b7e5f,Unlabeled
0x89301ca0cba9132601eaad2e42b4b6a77ad80cba,Unlabeled
0x866440740ae0b814033642bfa1766dcce81aa60b,Unlabeled
0x237d901b37af21d0e01dd098e9d2acaae0d0f3e1,Unlabeled
0xf84a7fe2689325c9c73ae21095d31c00d5080a1c,Unlabeled
0xfe34d5605f3f689ce1913bc1d15c69789a2efd95,Unlabeled
0x571f3dee6cf2b26312035d71ccd96f6957fa8315,Unlabeled
0xd8d5832588a6ae1e3894b90c7c6153143d68b332,Unlabeled
0xce1f208442f1d391e27ca70a21a278b332d0f2bb,Unlabeled
0x8914b6b9008c46972e1f770ea9055e06c932c313,Unlabeled
0xabb834e431cf20536a15420e1366d29f5e0c55cb,Unlabeled
0x579262064209075b98fe3af24490b0c7cd21767d,Unlabeled
0x6473ee6449cc7fda6d6d882995261fa9706066ac,Unlabeled
0xba8a7e884800646ac8418dae74c75365ed9e3877,Unlabeled
0xa4082a0e645f6178eea33ca874ba69ff6c96753d,Unlabeled
0x0cab5d8f1fe5599398dc3376902fe7720c06dd5b,Unlabeled
0xef68eaaa7a10cb6116462d50dc439f93d0162872,Unlabeled
0x56265d31be54c985324e121f8cd259355c7029db,Unlabeled
0x26456fe99af3556c8928a7a84f26123e9366741d,Unlabeled
0xf0104ae974e7c10b7872b489fe90f4752eb3b797,Unlabeled
0x3237ac0b191394586367793bb48756f8390795e6,Unlabeled
0x2374f69ed81cc477e7fc8e93b3403f85f79bccf2,Unlabeled
0x8e34dfb6b5af9ae7baf421f5c67e2ce2fa964170,Unlabeled
0x51ed5631bed40d976e25066f9cdd53e65f6c1a07,Unlabeled
0x9c1dfdb5c50df0010383d95359fbf1a3a3c586a7,Unlabeled
0x2502b11fa11d4932c2baf540aceb187e194d0f24,Unlabeled
0xf0325061e6d259c16737b30c7e1fc12940675b5e,Unlabeled
0x0681479f911c0a7def4e98832dda6e4103b7f031,Unlabeled
0x34fc1b6c370aa2c7b907842571b9b8a8690c2bf2,Unlabeled
0xb7af28d9f4ecef16cb0f9e34463040f870138d58,Unlabeled
0xc0b7c20fd3de18327268e468875f28c018f97c0d,Unlabeled
0xa3f74537f048b893d726c173cb322fd21a28b18a,Unlabeled
0xee9fb7a615cb76b46d26be6ebc9114a627a81c5b,Unlabeled
0x9ba6419eebd740e8a34b4461a7b1a2e0436a8a91,Unlabeled
0x8b95ac8275c1fdea3e9b82636853be50a15df884,Unlabeled
0x5f422bbb3439e9b729650b833a198288c1ae38c5,Unlabeled
0x8e8419e27c996e7ec2c912b2d5f888d8a2bea005,Unlabeled
0x0ef5f2e789de7a9834b185c7f960f3dc404aefdb,Unlabeled
0x12415f9d3c20124d71ba8347777a11225304df81,Unlabeled
0xb03d841ef9b740239d9a2be8dde64dc57c03cacd,Unlabeled
0xb3016a5662ee8ce37471ec29afdc8734aa69a3ac,Unlabeled
0x584f3e092a6a971badd7a3e538aa9f83abb4cf0a,Unlabeled
0x4dd0d3a083b7f32ffd40c3667247095a5022c96c,Unlabeled
0x5c8130d20ed0c3113584e231e689d96dd2ee1a5a,Unlabeled
0x3c9d32c3e15242d5303501e6627fe0127b647799,Unlabeled
0xb71d1b0c603278d3404a4f35a0a6f15f3ad60224,Unlabeled
0x525baf4908458667ea611e97e125856d29be5712,Unlabeled
0x7f8264ea93a3bd7789913b7fdb0c13688326d1c5,Unlabeled
0xa8578588a3a8e8bbee89e6b2258af1f10cf36b21,Unlabeled
0xc8a32c2b38995ded695e120811b69e8ac8940703,Unlabeled
0x8ceb6dcc45f3b6f5f0c8f53ded9d33ebb67bb4d6,Unlabeled
0xcab0fa8c1ea1cacca04b2cb4002498b3e4c15e0d,Unlabeled
0xba3170fc219c8088d330b9b5bf2b80a719719dd3,Unlabeled
0xb7241df8c46b19b8a91ff02efd2f5924d7a4d6e7,Unlabeled
0xe2f30bd25cc72ae84a49aee4ddb4edf736540653,Unlabeled
0xac23559c434a390538cfe8ff3389eb795bb4f0aa,Unlabeled
0x07c70d1a78571a380d9783e580cd6f14a4031f7b,Unlabeled
0xa9f42c14c7364378e5c1e62f3b9c9c6981ec8f84,Unlabeled
0xc4db176ea52022adfcc94df1d6effec85fce07b3,Unlabeled
0x71a2dbbf1cf0e739af82108aa8a2b931bfdb83c1,Unlabeled
0xb5927342f4bdfc824648bff924456c05e08de04f,Unlabeled
0x7aced93637d30ebeec2fc33aa8751715ec41e0fd,Unlabeled
0x1d5c8e3adf22e219ecf13a20151bed088bfcbdb8,Unlabeled
0x59f793eeab323bf5d464e0db997f011b2c4e9292,Unlabeled
0x36ed061d58bdb89699426e563cde342f2f2b33a5,Unlabeled
0x0d0f8dac78d87d9f207c16312d0357842891c6b9,Unlabeled
0x0099c6d0a408fc3606ee719531f361bf96659f9d,Unlabeled
0x0c2347421222fd98344a4640ee3c0a0318694231,Unlabeled
0x9a06695819ec920e7da5219f9c30debfe9a6dccb,Unlabeled
0x008ff72ebad28d764954cf7bfe6274f8e02603a8,Unlabeled
0xd4a0669d471509aa0c155aa001d97679970f8810,Unlabeled
0x07ab235ce34b64f2058de104a48592bc5ad30d46,Unlabeled
0x9e035c9c504b0f6dd9e64a5290b8e3746248324b,Unlabeled
0xf502e537a1f4283b31ced774730b286fbbd8a808,Unlabeled
0x7c73713464f3984d7fea9d4eb5defc70ef1d91fb,Unlabeled
0x7da0541784f4a2559a59e97f2744fcce4f269c6d,Unlabeled
0xe190b081fd2e75f04e1db838a4124d5c0e95196a,Unlabeled
0x951c668df5101609b00691b178204f21d223fe45,Unlabeled
0xdd276dc5223d0120f9bf1776f38957cc8da23cb0,Unlabeled
0xa098c8c14282c52fea0a62b8a9ad8b7d44f30e54,Unlabeled
0xb2043c543bb60fb7aa7265cdca359a35c4bc09fa,Unlabeled
0x00092081da3cc70342d3f76a98f35f3301999999,Unlabeled
0xb92d0f2649d743e547445092a26febe763292001,Unlabeled
0x5839e4349da6303ec0b45fc685acf5ec2ca1c4ed,Unlabeled
0x546d3dd2d2c7115c3e58a37f47e4e95e2f1aeef8,Unlabeled
0x6c68cb6f6c54704dd555a2a5584fdd49ea65724d,Unlabeled
0x9f292de0baadda9aaa1af4a061077364860dace2,Unlabeled
0x957e9edeb9afae5789e3373d7426ccd93dd98e61,Unlabeled
0x3e7f9d7473611b49d056088bfaaf6557533b7ad3,Unlabeled
0x34c272261fa01ddf8a39edd144bb93855d275f2f,Unlabeled
0x361a827a416b7278d07c1c76cfa67be01180cfa1,Unlabeled
0xc81979d5b7b0741e283c4577fdf2cb157f1ab3bb,Unlabeled
0xbaed34aec301d4d5606b8fec9e7988d91eb73408,Unlabeled
0xcd6cd24407cc9320e5eb81ea142141d63f0eb324,Unlabeled
0x16b00db74167b7469dda63b674ca9a3b1b70c439,Unlabeled
0xd41dbe7c81f30c489945c64ce5d36caa7cf3633d,Unlabeled
0x794cb95854eca4ef039d415c7aff12e850ba36e9,Unlabeled
0x2ba7daa9f2fc46d3171bc3fe3f5b3df28aa3d738,Unlabeled
0x02eaab3778a5ef75f18dbafc821e0b0e280b5adb,Unlabeled
0x1e3835e619233a4c2d003278454d718f97f53d3b,Unlabeled
0x903ca2a612326c7ea3bee9362ba8e8b1321cd14b,Unlabeled
0xd5d4b0b0cf1052733831a6f85c686ac91b1a922f,Unlabeled
0xd92df197439e07b37badc45e2bf42c04e3dd04dc,Unlabeled
0x3896ce24ef169e160cc1f671838073dda65b96b7,Unlabeled
0xf7fb07e46a54a0878105c6271b753948e715a962,Unlabeled
0x66d32e7ef1a6de22220c800e755da76396cff7cc,Unlabeled
0x18f87037ff5e16c69199f1a8b54cc3a9d05f7889,Unlabeled
0xe172e7717f79a78916deba0672f831d05a08a6f2,Unlabeled
0xcad2b176c59a0e13df1cae98fc8bf76df10367f4,Unlabeled
0x330cfd5a3dc0f0016cf792abe6fa88d3e9958f44,Unlabeled
0xb28589f81d734bf5a9d46fb8b74b88bf8331c18c,Unlabeled
0x12cc218f80592c90f63d2aaf8cf6836693728380,Unlabeled
0x5dda04b2bdbbc3fcfb9b60cd9ebfd1b27f1a4fe3,Unlabeled
0xf9e33550ab0eb62c95f974c01c6abaf006096056,Unlabeled
0x3cd71cbf40d73baaa185920d4ce89fa85d6acf84,Unlabeled
0x70c1f265c8a95c08af4e5e491a03ea90b5cd9be9,Unlabeled
0x99f2c780ffcf94f6fb5b8c38c6cfae7e12b0d0b0,Unlabeled
0xb4870e956511e14e252e1cbcc0c3fea4b91e0dce,Unlabeled
0x5995867bd0b9f3e7ad2fbcfe73c82962c57fffcf,Unlabeled
0xaa473d7f57803104cd840495e0471d00c6e37342,Unlabeled
0xf708e11a7c94abde8f6217b13e6fe39c8b9cc0a6,Unlabeled
0xcc282e2004428939ee5149a9e7872f0b4d5d5ec7,Unlabeled
0x4433b9e33b2bf0a901613ce302857475d53fe010,Unlabeled
0xa2f162dfed891651c062d551cfde91499e9cef14,Unlabeled
0x7e8c493b61e115016eb9ffef2b4b9aa5e08a7bec,Unlabeled
0xd9b41028aa492eb2645bc81073ff59c51b49b95d,Unlabeled
0xd950edb95f2cdaced63de6d2067c1a74d137aa91,Unlabeled
0xd5c7176ec638ef466c2fee761762d9eab673997d,Unlabeled
0x85233822c6696939cc9172d897537046bfac4371,Unlabeled
0x4fdc555c155bcc1d5a7545e18ff1d18a8123e4ba,Unlabeled
0xe5c237318d817b779a0705e08fba5761e16d3278,Unlabeled
0xf566fd08fec0a858bcf2b3c42fbaced407619b5f,Unlabeled
0x92b75760030096ed61ba20f3184d1d1ab1efa674,Unlabeled
0x06b49a6491dc93b11290bf0ab07ccd3d753edd58,Unlabeled
0xfb19085ac3951cb0af7b5a6126f4bff8e2d1f8ee,Unlabeled
0x2ae303d74f99a06d465b82acf136fb84085456e1,Unlabeled
0x826e1a922031ea6dc40fb0a68d4c24849c0da0d6,Unlabeled
0x4250f01795a0a48fc712fa1e6cc3d78c4e0886fc,Unlabeled
0x870f8fbb9290b66676c51f0412173448d17758e9,Unlabeled
0x06f2aa49dffe4f07b6c7b502e30d1229d3c6ddbb,Unlabeled
0xe3af50914a7ed67cecfec8c037cc7899f4352ac2,Unlabeled
0x7956ad080c61fe7b99f65b9d244070a4f11432a5,Unlabeled
0xebf1741d6e79469f507290d56bab70ea27adc5c6,Unlabeled
0xc5d1bb48ee5fbc369ee3c9caf801473eb9275779,Unlabeled
0xb239e8d8f5e1af9f335ca0574a5520c0ae2ac5eb,Unlabeled
0xd0b851432a83bdb047de960dcad17fed07dd98af,Unlabeled
0x42b02b3c8ffed0854f29292447cdfee676daf93d,Unlabeled
0xad1c1f1f0c7099502fcb4fdf36aa770473a5f14b,Unlabeled
0xa1f7a848cef3a6e7ee0ab765e5a63d5e64b2ff86,Unlabeled
0x4b5db8e1dbf401acb990ee917a59468c0ecca7a7,Unlabeled
0xee6b36e3d49b1b9cfae8161890489058eff501b5,Unlabeled
0x9773bc68116340fb743453dc7d2506733ca148d5,Unlabeled
0x20732242fe12c327ddb2883d84701be5bb8a5c75,Unlabeled
0x194b055a79ab9e52d9e90c84d8fdd153f4ffaa81,Unlabeled
0xd43f7f75bbcc32a1ee552e91e3f1085c92a99616,Unlabeled
0x864115cb04a084e33da92f58ac2230bae2711c67,Unlabeled
0xd6112ba64d8f0cd2ce3bd05e22becb5de71bd3fe,Unlabeled
0xd044525f5981d0220b95eab27603eae9649583db,Unlabeled
0x2aba2c2b809f663d387812267461b7350193e2bb,Unlabeled
0xbb96e1253431f8d0523cd8337ca85ce47f01e5e2,Unlabeled
0x39bdf462881faa7d72df2fb40c8d03d2423e6646,Unlabeled
0xd594a208a087c730ec712d47711f33d95270544c,Unlabeled
0xc6d24c7ee246a075001a4ffd7d5666db0fac70ac,Unlabeled
0xc7b9fda4a1500152c03ad0174ccdf2e3ac1ab07a,Unlabeled
0x152cd43c0026490827085ee8cb4a830a4a29689c,Unlabeled
0x2aef78a6a96770e88492af45a3bad6e35e5a7396,Unlabeled
0x2214260ad1fb59d6d849b7b4154ee43a67dec3dc,Unlabeled
0x42bf562f008ce1573b45f6283bf47f6987622585,Unlabeled
0xc0c82f9dd645e77c9a2a55f979ac19ffebc1f55f,Unlabeled
0xd594d647f08ce50cd72269b8a4f103bce769544c,Unlabeled
0xb590006a3bb87a0dc2fbcf06c3ee1f187c447304,Unlabeled
0x31d2ac7e670acb7392dfaef89b2318c0a5a1418d,Unlabeled
0x4f4e520fa72aae7e96c36a9bf81a81967aad4af4,Unlabeled
0x0a76f380548222278872920acde7ba3279e36453,Unlabeled
0x60697825812ecc1fff07f41e2d3f5cf314674fa6,Unlabeled
0x4c002d2be9c4beab008eaa21a0736cf8dd61e8f5,Unlabeled
0x0227f0e3e3bb2382cc7d763531c130d6525fa404,Unlabeled
0xfdbf10df29404d2f1c7af44e72efd825ad30d890,Unlabeled
0xb69d04fa91ca183dbed8589c1691a0aadb22897c,Unlabeled
0x431696eef03f86040cbeb02609723274d39e1495,Unlabeled
0x96dfbd28dc2ef0446d9463ffe3793282df5f2056,Unlabeled
0x9ff25aab3cf8c7e7e33eab654f90d3a5ecf49222,Unlabeled
0x766ac64653839a3b04ee6dc54cba3ef997d2a4d6,Unlabeled
0x533815f9ae36acc55e29f66d333c061c186fe049,Unlabeled
0x2d6c05dc39153d520dcbda2eb7e29594e41b7321,Unlabeled
0x4f0aa5900b8292273b2f9a178d5468f8048bb9a9,Unlabeled
0xb37575a314a15b41d758eb250016f440046d82c2,Unlabeled
0x8aa066ba2e25edebd33908c92ed5107194911b2d,Unlabeled
0xf2c1c99cdabd708e4731c2f40986a72a407f3065,Unlabeled
0x85ac393addd65bcf6ab0999f2a5c064e867f255f,Unlabeled
0x214f541d5d4fb745507d92df59821bf325c2e6d1,Unlabeled
0x2c6c77677ff7f553a007978bd5e1c61fcc546406,Unlabeled
0xbd4430ec8ba383072b01030d754d7185934ca45a,Unlabeled
0xa059ba83c047c8ee6f94726ca5f644b7122cac61,Unlabeled
0x99537e2aa2ec8fe8ad02224e2c6dd4cc15db6403,Unlabeled
0xa46913c43d52d82d5ed52ff8b4ceaea77a860301,Unlabeled
0x04e57b5760e338645f0adf4e6026b407766bb1f6,Unlabeled
0x6466a521bdb6cc04291c5476ae8b7fb8d62b10fa,Unlabeled
0x5977dc0c0d17fed424118a303eb67db34514c15e,Unlabeled
0x3e1db8ee356703171854fd3e73dc6aa4b6d0ad6b,Unlabeled
0xf40380f83e41b809cb74ebd90b6bf50634211b94,Unlabeled
0x4939d97fae18ac7d46affcff225bb41a436dc970,Unlabeled
0x96424242de23c39ebdf83047cd65c3b0cbc549d6,Unlabeled
0x6417e7bb6cfb95525223eebaf505c9ebe60b9417,Unlabeled
0x2a30af422120beba0eff43b44c4bf388cc85f175,Unlabeled
0x002de87ff96d424cec04c24c20913d22b8f1bec7,Unlabeled
0x150f5890635ed2be4a7ff774037f71e3b9dff02f,Unlabeled
0xa339ac2fd309ed627f8b783301a04314446e1dde,Unlabeled
0xb349d00d186aa004e17045405520f50c83b00164,Unlabeled
0x451a06fade8235f84f0e4a8e73d8e5d062be8ea2,Unlabeled
0x6a4979f5b7848cac21f9c6e30d12081d7c377b60,Unlabeled
0x7d1f1199277fc3cc6494a382205c7ee4120f6953,Unlabeled
0xc603ff55fadcdbbebc19cc48b271b9b90ca09068,Unlabeled
0xa8481db4d6416c843b9726d01adb2dc5598b19df,Unlabeled
0xeaf72a16d983561c4926677c53cd147781c386c2,Unlabeled
0x340f4a04898898fcc56a34712de892acdb15c3ef,Unlabeled
0x8c5ad4a7b87993490a77c392646de5a385c682a8,Unlabeled
0xd86a1c1b5a271d1d8a7d1df51ff166de57af2e71,Unlabeled
0x59080023945c4392466ee812fd4a202aaab52614,Unlabeled
0x068b9b485d3b80444cc5dad276c0496ca29e17fd,Unlabeled
0xc5ec0fb26b917cbf11284f90551ae05dc46e9072,Unlabeled
0x479b93ab0b888dde78a0e1b0778f406c57d23ebc,Unlabeled
0x8738007f49a347ddc3df0a0a850c14a30dfc57e7,Unlabeled
0x5502e89ea1d31623365bfc7b31fe20501abb9faa,Unlabeled
0xc4e5f5cfebb74612831f403c59abc938f9c9fef0,Unlabeled
0xa8a67618dee7d9d5a12ced7133af1d738238283e,Unlabeled
0x37a97ae1ba3b1ffd8151d385f37572f3cb0452a8,Unlabeled
0x74748e3fbdd51de86c980eacfccee8f4a5b41f51,Unlabeled
0x43ad99c5b638f726f0680c6d03c8e16ab9aa9ab6,Unlabeled
0x9c4d592042f959254485d443bbc337d29572264f,Unlabeled
0xadf999f3051ccb9633d89419cfbfef9e24c90942,Unlabeled
0xed89da9dd83a0d703991ee833969489278b260e7,Unlabeled
0x8a8a6eda77d167a7ee1b93de16f8a7c2633164bb,Unlabeled
0x9886f909b8996c6e939e67e9628d632321dcf09a,Unlabeled
0x91322fe35245d98a9ca4dc62a036247f81f758cb,Unlabeled
0x793782621ca77746d1d89ca37435b3566c7b4fb5,Unlabeled
0xc89b87b18df8b66fa143c45081a670c47969f6f2,Unlabeled
0x80cacf44a6d036d8366a60f448bb622b46307ecf,Unlabeled
0xfaf3b7dcf28f4f29889835a2b64b00a8525fd9ef,Unlabeled
0x3a4c9820dfb04657d10bb6f2c9e2a0e799ec172d,Unlabeled
0x8473909d6eafcae62b1d08ae06b0c46d5f456976,Unlabeled
0x320cc8567b296d50725413caa0f8ece61c13043f,Unlabeled
0x9f13d0ea42557bf32cbec49eab16fab2e4e95ff7,Unlabeled
0x2dc58b8bab7a35b7d8450aaaabf7a23d8243e1c2,Unlabeled
0xe2b31ff1abd86aa91173a1e84f0f5359ce3a5c72,Unlabeled
0xc3d4f46da2a20173c39506d5b4ff499470c2dda4,Unlabeled
0xa75116d835667f0e7e61bf1c0d9adc20c40ce68b,Unlabeled
0x48a03b4678c03369011b4b348b2d137a9d33ca68,Unlabeled
0x48a6696b82cb69b99f0daded0a3fec08a1c3ca68,Unlabeled
0xf3acfc9bb692013cdf33503dc8e26921a8941f9f,Unlabeled
0x19a885bb99938771748de1ce2ee66d774066298d,Unlabeled
0x09ef74d2a6df8f563bfd1e7758fb9dd7b1fb4e23,Unlabeled
0x2d707444c1165b934685e2e796ceb4c254cb9ad6,Unlabeled
0xba6a84bbec52e9c3136582b1e51871a93136b0b9,Unlabeled
0xa9439d02a966d8a2bcc000b64f80abcd674a8a39,Unlabeled
0x2355541bebd1bf3799e58bc9790afe09ac95a71e,Unlabeled
0xa5241e8c55ee52a62f64625cd8095c56ac18b0d6,Unlabeled
0x5356c3a216430233000f3a57cae9fe584d712b13,Unlabeled
0x704eecfada298f12914924bba47a75739b8bd232,Unlabeled
0x518ec42c5fd3c4cfea4e63143f5f170731def252,Unlabeled
0xa9d743a8b2c61e2c298abec45807328270455089,Unlabeled
0xb806d186d54f96ff96fdb6dc079d148bfbd4bb33,Unlabeled
0x73691cee20db22f55a6fd0d5948ab00e0fb973b1,Unlabeled
0xded05fbd52a0a2d9296e88bebbc57c5f54856f2b,Unlabeled
0x63c7ad1fe887e6f196f2ee37776719540caf9fb8,Unlabeled
0x5ad23033bf548249f0d31261a71c2dfeb7212148,Unlabeled
0x8097fee0991440496e4e32885cd869b84d5adc30,Unlabeled
0x83433993ff6832f89ec5ea03f63961471ef833ee,Unlabeled
0xc7f8df7b32cb89bb4ea5673f04695b87ed11f9b9,Unlabeled
0x2ad61ed18904b5dfbffae6b9ce1dd842d3807082,Unlabeled
0xc5cb84dc92729e9fd539351de6d3b3dd30f93397,Unlabeled
0xb327be1a7c686fd759efb9c778d965da0154c5c0,Unlabeled
0x7bbc26e6769e3047e86081b0e1979fdbada5e67d,Unlabeled
0xc3f7e7284871e65c391d1eb750765070d9d0ce31,Unlabeled
0x4475c8c0685a4629637ee15172cd32abf0beda62,Unlabeled
0x86925c56630e4b6ffc5500ba118d18794d0e35a4,Unlabeled
0x5b0686ec115c4a21eef898a336f095ea50753edf,Unlabeled
0xc225b698d7865bf5704c530a4af1e2aaa5ecca91,Unlabeled
0xe4ef0f94d7ec7a7f5faf6a808a10223a4eb455f4,Unlabeled
0x4dbce78bd83c4764105810e354be03145e65493f,Unlabeled
0xe314aa838811526ffe3510ced662d23497b42de1,Unlabeled
0x7717817ceef51dc93d68f33c00f2b561332dcf5c,Unlabeled
0x3d428f7670784758ef0d3d369962d42dbe51ae3e,Unlabeled
0x97c882491d66b6bcd899ddc5ffc983808942b45f,Unlabeled
0x5b4fc8043c970be6dc503924f6d0de998f0e114d,Unlabeled
0xb98876ff1fc3f016b09221c58761bf1256daca38,Unlabeled
0xe353a766cbae02f8a76b0cf0d846554fdf0efbdb,Unlabeled
0x12deb1bc601cf5290c147f0b11de604f791ddac8,Unlabeled
0x0ea0d53f7050073b5f0643beae0c9c3884c5948f,Unlabeled
0x45432282ca0c95d9a52ecd316154db7e383f8c8b,Unlabeled
0x591a4e5576ce22f9b110a98f4aa9cb94fc8769da,Unlabeled
0xafe070c66ab25c7f379a95ce9152a3c4f07acc7b,Unlabeled
0xd16a19290d07d33982706bf1fb3f746355900701,Unlabeled
0x9bc478e5ff7a8c76ab972407468e1a6f5e1c8186,Unlabeled
0xed9b63d1d4efa9ae415854486400c9354227bcdd,Unlabeled
0x3a3c006053a9b40286b9951a11be4c5808c11dc8,Unlabeled
0xe1108446d0768aae1496507454de72fc38816be2,Unlabeled
0x5ab28cb4853d8d25c17bc6e210bb2c82a639dfc3,Unlabeled
0x5856bef9d573fde5d342d0f39999dc6b6319c2eb,Unlabeled
0xf1583d1a3bbd905c0ce5a1ec6d5477a9fad7d918,Unlabeled
0x7c9a9997f72eebc0d5a6be147020f347160ee2d7,Unlabeled
0x2f670b63643147e218c578f2ad810d31457269f4,Unlabeled
0x12f74cdabd1c0956590f806c31b55b5284491ade,Unlabeled
0x1efcb0d18b1064da1969e381b9a456ed752006fb,Unlabeled
0xa72c0fb4cf85ec2f0ebe7966b4f9113840c0d1d2,Unlabeled
0xf7b68aa86d380e933b2a485fcb3572c35d0bbe71,Unlabeled
0x2608919087226099b74c919480c2ed785415e832,Unlabeled
0x9672ddb0502cbea47da7edfcd5212063fb3de0a5,Unlabeled
0xd75b50391cb1127686ab1f6cf70a129fe54e637e,Unlabeled
0xcea6650fa8e161a03c58c9fff98e32153b414a16,Unlabeled
0x913f3d767d03334afc10c08bd822c93b4b0256c8,Unlabeled
0xc8ab3a0d75cb98d1821b505428c86cef4977e100,Unlabeled
0x16bcac66daa7c866192512a0eb157bb0486e3183,Unlabeled
0xa0d5baf5ff34965ffd786b4c44560c81fbe572d6,Unlabeled
0xa29760f468e1415ecf37ae6f2cb1c088b088808e,Unlabeled
0xe5ea6fca0a54ad195d6dfa4170df5ebfda0fd378,Unlabeled
0x116433c1e5762da0ab19b3a7a31ac9fd42a81dbc,Unlabeled
0xe71cab44917bf40b072b47138a76006558cb29c6,Unlabeled
0x614b6634ebce81b518767ecbb77fbf82565eb755,Unlabeled
0x7120ab8e32c4be23ca1477dc01aa795a69d45170,Unlabeled
0xbd8134f1d4400c32b6215242942e7c7ada9788c9,Unlabeled
0x4c4942c735b65c2dbaf28051f6ae91788ace0197,Unlabeled
0x4f7e79fc4a71ff4a99a28ddadf7964dd92d25a40,Unlabeled
0x2751667973b5879cd017e71f0708307bc05ea86e,Unlabeled
0x0e3cdc247790b6ca02d2d93c19d655cdcb5bf24e,Unlabeled
0xcec874a582f8a7d4e2e4477fa47a963f5195d59c,Unlabeled
0xd80605a884308d11b5170d779558d7648179fc58,Unlabeled
0x52c5233d3d12e9d5522759ace8b551d926b797d1,Unlabeled
0x4b93f0a1b35c17df3f0416c9d96dc469a10cb66a,Unlabeled
0x81acf772b148fb18a4e3090d194e3dbfa7b56a6c,Unlabeled
0x5081b5e6388ff84991977ae3af5a4b815b98e669,Unlabeled
0x8b5f212be02c936aea5d2ee6b22d2b11737d46b2,Unlabeled
0xb3592174790dd654260089d115ecdc1cd14f3ea8,Unlabeled
0x4541c10ba068e8e112f00837b191fb8b02d42c15,Unlabeled
0xd890e5bfc2af37944f5d2455577622510974ebe2,Unlabeled
0xb7f3f6642328d9290725fcf2f14a571266666666,Unlabeled
0x737409ebb8a31a7d22e274efd025ea94dcbf4838,Unlabeled
0x1bb9f0bd4d07ad75253114ce5553fbfd5bd9cde1,Unlabeled
0x0fc5186f980e0b3ee1fe522e737ebcea5d7fe9d0,Unlabeled
0x20d5ea60fb9cf261bb002433b2bd2f6f794d29f7,Unlabeled
0xc3bea52331d4fd60dc915864fe274ece30bd6eb8,Unlabeled
0x8a339bc5820a0182b61f54109fbf3730303a6f54,Unlabeled
0x0e41c24ce9af1a9361e0b9c59e6f324b6692fe0f,Unlabeled
0xc857bca1421e0b671bc0cd269887db80395555d3,Unlabeled
0xf99e55476bdd65bf9d8b48f57fb9d9508d0dadc4,Unlabeled
0xb3343badd41292f50024af9708ee3ee82648e1ef,Unlabeled
0x3b04bb1824bdfc7cb88ea0cfb0343bfa53517f80,Unlabeled
0x72b5bf6557787f2bfaf1721eb8792ba033014532,Unlabeled
0x8488ff4c8b54900f6576347e4a0fcd282449dbe5,Unlabeled
0x5bcc3267a56f901930f31c3a8332f7e04206700e,Unlabeled
0x9ba0ab8eaa1e58aef651268c65946e5fb0491197,Unlabeled
0x1e861422a8513314292282b2b47a850f2ff2b714,Unlabeled
0x73b32a4f526f9d39c6172043e947d9ed7a56d319,Unlabeled
0x5cd44982116efc6cbdf2fb8d921ec7bcffdbaf56,Unlabeled
0x66055e3132a9134b88f7724fe2eae21194042ca6,Unlabeled
0xfe53331181293e8cdf056d032ba3dbf38519429d,Unlabeled
0x3f65c7d7260f65b1986867e251a496c7b6deb51c,Unlabeled
0x310ada347323a826cf80d1362fa924b06c35e387,Unlabeled
0x518ad25222f4fda87740d7170a80a5c0f4239231,Unlabeled
0x676aecc97bf721c3cb3329a22d49c0ea0ed375f7,Unlabeled
0x49f55da8050ed4b938da68fb1fabf487fe60dead,Unlabeled
0x99cc12bcca8a72da5c0719801cfeea253ed4c87a,Unlabeled
0x13123d73fca6705bce813068d30844b2092d91ef,Unlabeled
0x2896771223224d7a4a29cbc4832ecd5510daa330,Unlabeled
0x8b7fb4ea58090c3a63eeaa7345ca77d726c2f90e,Unlabeled
0x5ee6773d4719652f2224e2e5e2bedc310d207acc,Unlabeled
0x4ed6cf63bd9c009d247ee51224fc1c7041f517f1,Unlabeled
0xd59d7a9698eff3e68e0af7e803d4ed35e7ed12d2,Unlabeled
0x07909f5b929ebd532ee4c8413508ec8fd2b9e9ab,Unlabeled
0x95a5e92047c270b2d6e5f54384e79b515226358a,Unlabeled
0x0d490aac84411c6453cc46e9a44c4f9a48f4bf08,Unlabeled
0xf728260bbbdee07822cf2c24ee38b69da11aaa38,Unlabeled
0xb837c86126afd947f9eb20253810bb4b9a906109,Unlabeled
0xec8fc575eb1ab72e6f06254439e71010cfbbe9d6,Unlabeled
0x4b9871f91e515aa4676801cf4159c96462365c8b,Unlabeled
0x7e3f56815ca99af35041d6ab8307f36324fbc2ab,Unlabeled
0x512ea452fdea57ac96bae8e8557e0595f4faeca1,Unlabeled
0xcec5bd1a729fc643407578fd3068a8fc9f0cb7cf,Unlabeled
0x9c59119b3ae005fd78bd58709cc57b320b562aeb,Unlabeled
0xd60832b042c2921540e36c2a981603f940c6fa0e,Unlabeled
0x0b2b908ee91dec918d12b430f999de1fbd8bf6b1,Unlabeled
0x679223eab9da16bdbf5b5d21a429a14c4f664cfa,Unlabeled
0x1e86f4234246b91b7c1c0741b4cdf8e09333b714,Unlabeled
0x4a8f067c5590fcb1464447d1d819202e2d408589,Unlabeled
0x46484dfdec1c3dc05458b38b3ee3466781b9474e,Unlabeled
0xd2dba02cd0511a48ba666a26b83344b1d632b873,Unlabeled
0x886daa7f47f8639ac1e4ae7b46b7d672cd1236fa,Unlabeled
0xa594c398ae8fdf3a264f94009fdbbb176e2b6beb,Unlabeled
0xb513ee3f34ca5acc172af4d177bd201522f39693,Unlabeled
0x97bfad3f409e3533de8a9d17187e28122d4802c2,Unlabeled
0x5c2cbbb35826b44054d0e43ce9f80a9043f2daa0,Unlabeled
0xc65ba9ef0a144ccb43a2d5cb467cfdd10616301c,Unlabeled
0x85cb649808e0c701715c9d2f67266fdcfa6c0d6f,Unlabeled
0x0a2a12b856074373e7c4b6f03e441e519daa6fed,Unlabeled
0x8f2c40261c9c9c3b03dbaac115f1269b30509f8f,Unlabeled
0x8928402fc73d5c77f9cbb8950a48f3a816c4e372,Unlabeled
0x1e0164a5d528fd770efa1211c4d1e15cbcb0c65c,Unlabeled
0xdaca3c4ca58afb0de1d469a554adac7a5a180e35,Unlabeled
0xfa08ab7a7556bba002ffcb8cca836d488a0bc519,Unlabeled
0x18456a174c424de90505ec1fae8cd2b8b10574a1,Unlabeled
0x0d07033f478f3b585397b854df4a7163cbe8986f,Unlabeled
0xc6b653f03ce9bd0b00014738ff42c2babe8c5ad7,Unlabeled
0x79d0312a6511da1725f1a101530a0faa10c4e8f8,Unlabeled
0x16856fdeab492427c3b91653be8ba85b7e788604,Unlabeled
0x68a52b60e5451ee3b275959809fc35bd3b873cf3,Unlabeled
0xa9b7c7f95d110bd9bfe3eeb430add0ff6f1e1431,Unlabeled
0xad3d54caf0a7cc527bee7439aadbeadd00c140b2,Unlabeled
0xb39115d1771924b6e8c22ec5b57a35be0a5f40b8,Unlabeled
0xc64af583476f333f0ca9f0e45893434e50ba9145,Unlabeled
0x03ff66e89a09f6b597ca779bd07e1ff15db748c3,Unlabeled
0xc17139e60e1825337fb5483d047e2fd62151c9f6,Unlabeled
0x443cd4e1ba2fd62032bf0f6ea2d80347125ef34f,Unlabeled
0x0d2eeb7f8e5ce29714a956caa91854539363573c,Unlabeled
0xf0959aac181fc07eb818c1e19770b8eea26101ff,Unlabeled
0x890c2781412c8f26e8317140b5024d21c8908017,Unlabeled
0xfa0d368bb5fe9c273a3228b95e884f94bcf63340,Unlabeled
0xb51718f53606248ed2e2e40eacd0650c7bfe3026,Unlabeled
0x846d9d732f71a34003219f18815f26e08b02d924,Unlabeled
0x492fb945951e8fb32f48a715dedf33ef83aeb8ed,Unlabeled
0x060dbb180c8352909099c8e78f1696a62d72160b,Unlabeled
0xec61e07c2b8213b86fc3737017ca358d20efeba0,Unlabeled
0x0e25b97064777515937797e7809eab4ce5347713,Unlabeled
0xb4387fd9abb7a01d0d09f2b74119d242d8bedcbf,Unlabeled
0x6e6bbb5d10b0610fa6127a905fc16bdac72c69cd,Unlabeled
0x7283632795760af0f19150d2845b77011d0ce8f5,Unlabeled
0x9f09725999c773e4bf1240600cdb47125c55a84d,Unlabeled
0x3a5e2b8b6299e12be645cf924f4921d95e7c3a78,Unlabeled
0x233175f696db0ca28d277bde4f8648cba2db6e94,Unlabeled
0x95b861be3a96fd2c49149b6a660940b2fbda9b38,Unlabeled
0x955d0185d39b756e0f82565e511fa9ef390d4931,Unlabeled
0x21ac3c1c0b100ff33ee368003d377248a2ae2e1d,Unlabeled
0x845835e941f29d0e7e696c91dac9a336e40fbc73,Unlabeled
0x9b114fb8ad8e643ca3c859d57fe7b7fee8166180,Unlabeled
0x9ca98709c1abe285816803bc28c0676b1c16240a,Unlabeled
0x9b17d04d46795d2d878c74774c9a29c0c43d25b1,Unlabeled
0x462d63aa13091f6de40eb02a918695b8f7801873,Unlabeled
0x3e26762f4a942a240a8cf5278e25caa1bda865a4,Unlabeled
0xe3b641c2da5ed79554e85c68b8535c59a73aeb54,Unlabeled
0xe467f63e562f83acde5cd9af0107aa76933aff30,Unlabeled
0x0650d780292142835f6ac58dd8e2a336e87b4393,Other-labeled
0x0d96b0525186c56aab001ff856313c85ced6bbe3,Unlabeled
0x18c01a57f364bc3bee18c164820d6aff2bd065fc,Unlabeled
0x3ad26145ca0b703cf251cd225919f517eef04d8b,Unlabeled
0x238de599294f5c5f26ffd9944461b8f1ff46e611,Unlabeled
0xbf8b352328c8ea3ab177b44b606e383a287b3115,Unlabeled
0x090baf14c2f46f9e3cfcb9f54f6bbc2045f3024f,Unlabeled
0x73af5a8b8a6700813c7cf9139f2f2416d9774365,Unlabeled
0xa92a340b21b2a913d5d47b651b45560f9d954eb4,Unlabeled
0xc4c945cbc846a3cc43c1f2eac555ee9d86a7fcd3,Unlabeled
0xd2c4470ea92cab643aba9c6834895066d4a871cb,Unlabeled
0xee172675993262d6aaf5bb2f1c987639cbc58652,Unlabeled
0x476a7b7a5930c7af34c2af102cb27e14a714e7c8,Unlabeled
0x470458c91978d2d929704489ad730dc3e3001113,Unlabeled
0x73b24e60dcb2c6cb3df5ff3cdee3b16d874799c6,Unlabeled
0x82e63b3b445246692e23777b519b30d9cb36be2c,Unlabeled
0x2f13d388b85e0ecd32e7c3d7f36d1053354ef104,Unlabeled
0x935f64b44b5c48a1539c4ada5161d27ace4205b5,Unlabeled
0x984fb852e40ae95abf3d8e6472c3ffd280cfa477,Unlabeled
0x34652ccc04298015f438fdc461ec7d6c751ba20b,Unlabeled
0x41e1716a4850f934b3cf4c06a5704786adb34afc,Unlabeled
0x2d1c5382748559ba877246db753cacbc54d5b9b4,Unlabeled
0xe277ca69dbe5417dadf6e24c20eafa82faa54768,Unlabeled
0x083d40b5664d920245e297b01bc0e3d405c70cfd,Unlabeled
0xb560b1a1dce5b79c4408239e57b85c5fba0e4458,Unlabeled
0x2872aa70200869700ef3faca5f9e0913d7222796,Unlabeled
0xed12077bf30ab08b442d4bd1b5994bd4b990a7e8,Unlabeled
0x0531e2cd5a591023f757a5a34049bb9a3851148c,Unlabeled
0x87a21ec894604e75f1fcfc0e46dc9b47b5911f78,Unlabeled
0xcf10ccb840a6760e2f37bcfcc856e0930879ab81,Unlabeled
0x0ae2150d6619284daa071a77cab118771b9bfe9e,Unlabeled
0xa6438a0782a1017cfd7800d0f9759908065cb0ff,Unlabeled
0xb8c773c3b6a16b6224b0553e059346b6ead483c3,Unlabeled
0xad0614326d56c3a28024bd88564f40f7bb6c274d,Unlabeled
0xc9a6e0a842e91d47e2f866670818055da2527e0e,Unlabeled
0xf55e0fd5a9e9f9cb679fba55c2f653fb551ad2ef,Unlabeled
0xd1d04506e46071cd25ad7b0efa4c8ef1e5501923,Unlabeled
0x95ca09c3dd71bf9280b3722776e251e68f95e059,Unlabeled
0x1847d0289c361b1ff775661846ed1527abacbd24,Unlabeled
0x81e1778e22b407d9951f8991c37eb0c9f9c2e0e7,Unlabeled
0xcc227fd209da585fb1a865ce78a513b2ecca178e,Unlabeled
0x23a6c30e10394a6a79ee565567628e6dc2936bc1,Unlabeled
0x1d1b9224ce606af127907b4f8a828b86c0c310a0,Unlabeled
0x7c45d89cccd2233b7ee50705e0766ff270570c8c,Unlabeled
0x74ceb7452f34f0d05bc492880fdc20b2ffd36e64,Unlabeled
0x7070e5e07c3895043cb2fd333244df28f21ba35e,Unlabeled
0x478834fcc25c7840faf983b0e3fe61c15b47e7a8,Unlabeled
0x2aa1b03c5b3ac60492123b2bb6283713fac3a23d,Unlabeled
0x2aa4eb2ff0c3cbf08153f36e81c17d62a0eca23d,Unlabeled
0x6433d05f60bb2fffb85eaf2525d63714f4a2b429,Unlabeled
0x2aa4cbf92952b1e243cd3ea230c9368560c3a23d,Unlabeled
0x3368c91bc2a850662bb8f602ef20185dc27b7b6f,Unlabeled
0x3274644c966d8c16b62501239c213b9479e6e574,Unlabeled
0xec581d17d12420b0498edf1fb96e4b0448ba928b,Unlabeled
0x784ce46841e833b9276d66d5f81f13bdec2ffd94,Unlabeled
0x7671a9e24c8427edaf79446a75d4072a46636716,Unlabeled
0xf430eae1cb4fcebf4ca5285ff8d08b1d011b47f9,Unlabeled
0xcdaaf4f7b39e77f0438b87144ab651366235d080,Unlabeled
0x4c2acef736c59c7b68e65843e848d841e163a022,Unlabeled
0xca4fe20d4f8f72fda23b219b4fd3e9b8c54302fb,Unlabeled
0xce08f6b0e4855cef626a2439d20ba3a874d9d377,Unlabeled
0x92d2e287581ba21f3427d2559c9e37dcba35707a,Unlabeled
0x2c23d9e00f2b47c114b15d14ff2fc72ce6376d54,Unlabeled
0x99c444b79703e4e95b21b4732b389ef49b81a1d0,Unlabeled
0xdc5540b15d6c35b17a961c6aa0af96d368fa111e,Unlabeled
0x9c784ed2789e47c283f0b6bea76f7df44088379f,Unlabeled
0xdc150f865fde9eb87a211fcb366a7ab73325d136,Unlabeled
0x039abadd4054ed2725f7007cca6074d847245305,Unlabeled
0xae5e8d85ffaf9399df77a39e900f1504201b7070,Unlabeled
0x329dcb99c4b34b2cf7ff2547e87398527691b7d4,Unlabeled
0x7c012a6dbd37fdd6f06f3544f890515d5262cf21,Unlabeled
0xda703f0e74ca5988b2cb8fc4f4ecffcbe4c365c6,Unlabeled
0x8af01ac27da382e9368ea1753f2813f9657d83bd,Unlabeled
0x06ad0211781fb8155613b8a886c0890f955d466e,Unlabeled
0x8cd7f74bfc48365646cc6915e03502213c9033d4,Unlabeled
0x776f2a524e71cbb7680fce764715baa2d4a5c302,Unlabeled
0x938226907b3b956ff8b15261a568340a9f550b64,Unlabeled
0xd6f43a3525004f1431ad780e37c36bbfd2c25496,Unlabeled
0x1f8c9ec0f7baacf29156cb5353c8b82cf41f6447,Unlabeled
0x7502aa154a794ebb74081f169072c5712611d492,Unlabeled
0xacd06a8255eef918fd03347d0f5323b11f84c05d,Unlabeled
0x351af1bbfe76346ff65f80770246359078502d49,Unlabeled
0xa818b4813b5071adc8f73c1fb1ef3c9b9ece0be1,Unlabeled
0x37676e2e5bf1841c29b7334d94ae2a55d445c1d7,Unlabeled
0x4149b799341ffd4ba835bdc9907409ff0467fe18,Unlabeled
0x624e4465d9a4a12c257e47bd5a99f5b85f90553f,Unlabeled
0xad3076875064cb259d409a71963ac661f631ded0,Unlabeled
0x49dc7b386594f0bb2c30030e407c2f0b4f441e23,Unlabeled
0xcce5639a8d0dd9e619e1e3b5aceb4d797c543d23,Unlabeled
0x78f543229bb0850fdfaf5e74e8939bf838a4ecba,Unlabeled
0xb51a880fafcdb104dd460c2f8af242c625de7474,Unlabeled
0x33377bf8dec3a9b249f7eab50043a68e44d60665,Unlabeled
0x746486878b1d49f7613b5a7a1be1d339553542c0,Unlabeled
0x687293cb64a1f2fc3e4fd81cf4f3f8719f2cf7de,Unlabeled
0x4f5aa4ccff926055b6a3104e727232edf4f36f63,Unlabeled
0xcf67dd7dfa0f908ceb15ab77a84f7a3cf1e5d989,Unlabeled
0x2fb02d8cac4ab61fd326976d8183681edad441a4,Unlabeled
0x7aab0ccc098d67a50407ea8cf2f5f04088579ac3,Unlabeled
0xbbb4aec0f6f75418f967c6791befb7d8eaa4d9a1,Unlabeled
0xcd81eae826c95a22edff0b37007cccf83dfa6615,Unlabeled
0xf76e6bf9e2df09d0f854f045a3b724074da1236b,Unlabeled
0x213c5f06b5c39d39fbcf711604ccf00ad1f38f3e,Unlabeled
0xf2cdd8b147802a07f862c9dc125190e0653795a2,Unlabeled
0x3a3cb907a845318e3579d00d18c75be942561dc8,Unlabeled
0xcbc34409687150e4426b6d06dd41632f2178d761,Unlabeled
0xe592427a0aece92de3edee1f18e0157c05861564,DEX
0x95b0c313c2e6c186728022c292a2b42ffae0bf9f,Unlabeled
0xdfbf26a632d4dd4391febd3d3653488963f8b38d,Unlabeled
0x439d79dae2fc065e1b5a29d15def846496879231,Unlabeled
0x9380fc9259ab7393cb8171d46fc6e7833c3aa777,Unlabeled
0x8cc9adf88fe0b5c739bd936e9edaad30578f4265,Unlabeled
0x6a9fe1437f7897242ab560feb3b3b9ca2a53a718,Unlabeled
0x4d0d887141512389f69bb602c8227592dbd7b29f,Unlabeled
0x7bbf373f2ed1cdfae9da2180724e7b81a3c42458,Unlabeled
0x0c50ec6412ee0535c689c898bf1b75ec97b0f70e,Unlabeled
0x5bd802b73131a9f9c43c8fb4b16425fd23b59eb3,Unlabeled
0x10c3d729032017213f1016a3d87d946269374548,Unlabeled
0x7fa7496053313f3341d1df6656fef9180421eea3,Unlabeled
0x3d1c200c5699e51a662db9a43d4b9dc29b0d92d4,Unlabeled
0xf037055ce0af746c8edf290f7771fbe4d48625a6,Unlabeled
0xe302aa11df5c2561c6f53fcee357a16ec8f9a20a,Unlabeled
0x0e6a9c4af79030622286065bc624f6d78d00064d,Unlabeled
0x711b62a68bd0bbf17414eb8a130f2fb10bb25c1a,Unlabeled
0x3b86ac77b0618d1a5e6e06cd5bf0df3f18e72a98,Unlabeled
0xe72d42810212c856636cd9d019e98cfe985535fd,Unlabeled
0xe8668e10ff015c0ca456a55856acb082c23a7e94,Unlabeled
0xa422cc162dfd7faaef8729d01c354036394ad920,Unlabeled
0xe0d5806ebda73588804eb229b4277d1431c5a09e,Unlabeled
0x50cfe7c1938db66a1a6d2e86d36f39fbef3d5c4a,Unlabeled
0x4f5b1fe42019cc23f86ca0fa3945d9f27f5a1948,Unlabeled
0x94fffb6de21bfd089585082150c6b33d8402bc22,Unlabeled
0xa6ea7b5dfb5f6464acb94841cc1730ce8be65535,Unlabeled
0x6bbf977cbbfe2f5f588aa9dcd4b00b02cc2e2811,Unlabeled
0x9b019dbe331593d888a1bbd6a8726a1630d55f89,Unlabeled
0x3a738abf5189cb12235c77096e836adf67eb9975,Unlabeled
0xb150810cb1ed4c15687bf742c930d3f7cc5e6389,Unlabeled
0xf2617ffcf93f6d5c6c847c746c56432e03c902bb,Unlabeled
0x63825239f09d8ec83bc556ec32b7773a8aaaaaaa,Unlabeled
0xb903628d55e7d16e043b8d5a08ce4d3db4df089a,Unlabeled
0x946c819631e9d9c28804e9666e2f2ffefa7b064a,Unlabeled
0xe80a16a0908da4e465c81a9906ab1d29400aff79,Unlabeled
0xcb5009d750f428509b16a4c3decc56e2768b0dfc,Unlabeled
0xffed6f1512dbac9241f24488c1ec4dd0f77d1b91,Unlabeled
0xfdf3b3b1cfe5f4967daba1719693d589ba790c1c,Unlabeled
0x078635fd067e4779ad57479c8f052b4f1745f77a,Unlabeled
0xc9d2f0a897cd2fe4a1ae2aba1fc4e2c60faaec39,Unlabeled
0x6a602c8e103ba18701ae3bcc3c84948c85735b0b,Unlabeled
0xf9b5044d05d56ce265c08032fc46c0555f15df06,Unlabeled
0x2b4fb01863bf134727a7dd944c1a47ba05adc599,Unlabeled
0x6e2040b09fea716509ce1e256749d586e2382808,Unlabeled
0xb84f96d1fffba1e3e2d2e4232ad84f3b3a9566bb,Unlabeled
0x412f30e9f8b4a1e99eae90209a6b00f5c3cc8739,Unlabeled
0x7a9a2de9de1544aae226a28636d5fd8868ed6f1b,Unlabeled
0x765441843bb4761baf8a587128bbeed69b63a8c6,Unlabeled
0xf28f763b134669eeced3b592f13312d199023ddf,Unlabeled
0xebc2d79a033d1b13bb722e7213517c41c42a059e,Unlabeled
0x80c569caadf4f01da1c61827eaed82190a38ed49,Unlabeled
0x9986bff1d68aa4b320fd1cd3f98c450bdbbc0f94,Unlabeled
0x1c8013c48d3519c06d1d519b57caab0f0ab840f0,Unlabeled
0xde65a28b6e9bb4fd879d01950721dbaebf5d8c12,Unlabeled
0xd23981e7ccbb4085f3ad2e21f02b1e2e8bb79f6d,Unlabeled
0x35a08b233eae1cebdd34490429f89f7c406e8b45,Unlabeled
0xbd4feef80c27781819d93cd5d0460693e6a8c24b,Unlabeled
0xceccdf45011c95e310027f20509feefa7cc335c8,Unlabeled
0x0ff09b7f5c4dd21fbfa80360c03a451329b525a3,Unlabeled
0x9f2f43fcad655d3ca3585541054cc1f85c05438d,Unlabeled
0xaeb897d84e086f0a4cea3d47fddac7ca7d9e54e8,Unlabeled
0x304adc5321d360c49cd78b15f8679fd3d71d72a1,Unlabeled
0xa8156fde3b32fb9f2cdece50e662308833dbd93e,Unlabeled
0x303ad4b6adbd30e179706abbc05de8bf18c16975,Unlabeled
0xd738a5cf49a58c173850d6a01ac43cc1f2fa4286,Unlabeled
0x4468bb2ad56a0da57896ae1e0ebc84aaf7132e67,Unlabeled
0xdce9fc4145974865dda25ab32893bf84fade9e28,Unlabeled
0x86a8c7ba5f631b88085eee11a253ed21809252d1,Unlabeled
0x2214a42d8e2a1d20635c2cb0664422c528b6a432,Unlabeled
0x6cf2a7241291a55e796e9344ba92d2415ebb627f,Unlabeled
0x2e47429f5e6e2a78a3c8deaab606c077c50180be,Unlabeled
0x0b5c5c830aff3fde565de5efceb5fceeb61276b8,Unlabeled
0x961a59504d03da38e4ba2adf7fb53c305a840a04,Unlabeled
0xfdb1bd981c502ae0ec022924c02f232f5ffbc088,Unlabeled
0xba325093f3da06d5b0425d8b8668a77be04de466,Unlabeled
0x61b1a4aa4e2a847e4bc310721f16079b9fcd0d60,Unlabeled
0x79998897a2c93c2dccfb0a134d87a5aa6f4ea889,Unlabeled
0x9f6ae0370d74f0e591c64cec4a8ae0d627817014,Unlabeled
0xc7d27026a84bee4b9f2aa6a639f5c577b84b2ee8,Unlabeled
0x4b245f7d1e15f18197ebe06982397cacc10701f5,Unlabeled
0x57aff44180b997a7cab14a89cb43aac4757d4a57,Unlabeled
0xec9f2c79dc4f5fc6118a737021245fc928b7226b,Unlabeled
0x5d121acb337b28c9e0f30d1629ff39a81ced279b,Unlabeled
0x874505818e05a952f201ba6a0dbda93b3c0ccbd7,Unlabeled
0xa821e6fbe1205eea352a0301ffc3c0b6f6ad01ef,Unlabeled
0x0af6b0b2f1e8b1a259fffc70f2c19e177e4638c4,Unlabeled
0x5baf155318d21bc29d4a9da42fba978ccde560ac,Unlabeled
0xa0b0e8a943cb967832bb7ad14c8990fe5220ada4,Unlabeled
0xac44c1b791c8d559e42465cf5a66df244ef3f981,Unlabeled
0x027ebf12d89fb110bd52ec176767a7dc619fa128,Unlabeled
0x20b9344d97f596ef3d9fc85bbf78ee004be6285f,Unlabeled
0xee931f70b898a0e88c6393320f142e6a2f1c01c5,Unlabeled
0x36c0ae60d8efcb765dd089347841c28806dc2cbb,Unlabeled
0xc3f66b291ff4a5a6b5d0729c1e631e96b70672b7,Unlabeled
0xfff239281b80d048c6c378577d9d3e94ed4d34e9,Unlabeled
0x8cd46bd18a163c29d654ea2464a62cf59fe73621,Unlabeled
0xf15078e3a6febf0edb1523cd56695566313a9232,Unlabeled
0x71889178d80919c828c51aa9fee9a2fd9a4a7860,Unlabeled
0x91125550f760a1d19dff794d9be7fb73f944023b,Unlabeled
0x2b08883f850894505082d83ddb6844d6e890659b,Unlabeled
0xce23c7c47b78348129bf752ba3ec81afbad73053,Unlabeled
0x53df33ba9af5e78abc7ec0dad46df68de11b81e2,Unlabeled
0x5bc9df525924d39fbe92bf1c52eb5b50dfb4edc3,Unlabeled
0x65668dfa245f0f8b519b8c9f25174023ebadc2aa,Unlabeled
0x4a65566d5f02a95a35458425c3d6b28a7bc1c9f7,Unlabeled
0x47f1ce0db7232f5e4ff7c2f6c7b74722122ae9b6,Unlabeled
0x413f4cc151a3a92cb9ea6af420f02e5316ad9bf6,Unlabeled
0xc2e85726df1630dda9f8771e74b9a9c46479d5f9,Unlabeled
0x30b296d9af479ca0e49405d48da8a366a399ab3a,Unlabeled
0xbf50da23bbb2422c94a6d94a5bd329a925216591,Unlabeled
0xd25b27e92be76d703607d79a3573ef9257deebc8,Unlabeled
0x24c7baf7d0dfbe5c0cc0a9d0c8c1c23505f4c0ad,Unlabeled
0x8b69f8101d881e56d3023ac49065700737402a7c,Unlabeled
0xd4a19e5cc06a09b985800d7f068bc2785b7bc28c,Unlabeled
0x75b61c648eded75b13c2f50585e64e2cd272baff,Unlabeled
0x72d563b5eab709e2115a187dce6101ad540c7a4b,Unlabeled
0x645d07aa079a83c52b138ee836b9d55e37299b41,Unlabeled
0x34fada670f04ef11b33ff66fabc16cacd53becad,Unlabeled
0x4e0447536da5156c1d5c138a998936e972a8442c,Unlabeled
0x5c43bf2203d64b8ffe9b8ad4b94d30ce52cb05a8,Unlabeled
0x73d2dbdd262e3eb94ca1d01369f50655bf95d11c,Unlabeled
0x56e94ef9bbb2e0a3e031a0b88396a18346658ccd,Unlabeled
0x5d5c73214cc6aed8b0a73ea7d9bf4d1a62bfd053,Unlabeled
0x77a70247f40803535932b04167e3328e90301b5e,Unlabeled
0xfa8528fdac411931ea69fc1743721d4f303eca97,Unlabeled
0xe2df7c82d6fc46e183053c9cf0ce06a80c02bab5,Unlabeled
0x768946b68f18c6847e2a7948707349b38a0a3d04,Unlabeled
0x86b605ecb1deb50d30213a883a2cf3616f5fe4cf,Unlabeled
0x39c737ecdd57e56e7529f6d9cd25ca635a3a9108,Unlabeled
0xdc62442c68895aed9106bf1e8c273b74ffd6aa98,Unlabeled
0x602f69e8f5896fdbcefceadd7eb769b837c96e05,Unlabeled
0x4c04ff26477ea0fb9291f045471c37fa7a57091b,Unlabeled
0x20f1875d46bfdb9ba3f99414af38ad94e5f43ba1,Unlabeled
0x36516ad82c51d5556cde06f1b97e5705f78dd34d,Unlabeled
0x126f01d645a1c5665a5063f18dd379b965e72149,Unlabeled
0x5a8843c750cdfda8d9b2e79180db0de9e4a66cea,Unlabeled
0x6753a6373854209b1b9b0699f4082e84f295c0bd,Unlabeled
0x554340636b9ca878a5638f40cd1408ed0a89846a,Unlabeled
0x4db3b43f77b49f14bb6aceab4b3182e42af02372,Unlabeled
0xbe1f04928262981388dc521a1c676f4944dde573,Unlabeled
0xf15e150a8d4685b6466b2d07b644635ccfca8b11,Unlabeled
0x9d9dd0002a014e82d8a8d3a2d2d453253b489767,Unlabeled
0x89d13bb5a7928fbb5b9b289847319d2a902c50ca,Unlabeled
0xdecc68eba08721c87833cab355589e8a5e38e0f9,Unlabeled
0x5af2b82b9497affa99fa231cb9c2c6057947d6a1,Unlabeled
0x6183604bcc93e5eceb61f7798b92d6f997e295a1,Unlabeled
0x7039ba5f0e483464591a39a86b0db39cb203230f,Unlabeled
0x7f5cdee52f391b66cfc0be99b3f9401539df4899,Unlabeled
0x5fe014a17190e8d1e8aa6e76c044e1d17641e87a,Unlabeled
0x41110206791bc8486ae520fff5f026a2bece9021,Unlabeled
0x9359ecf077186d4543bd53bc3528da4a80938c79,Unlabeled
0x47f388fbd1747ed762e86f330fc91b648acd7598,Unlabeled
0x19a8e6a01fdebb599da09c506f5778ae8740b975,Unlabeled
0x7299959636d7b921ce9229ba1db34f958fecf924,Unlabeled
0xabc4e62d4fdb2133645b606451eee4eceaf44e06,Unlabeled
0xf80960072b76804d4e0c12bebe784e6bf95883b9,Unlabeled
0x1b39f5d67ec3744f1b8645b317ccdbe923b43558,Unlabeled
0xebf43cb5fcff912913ecf068dc02d93e4885dc93,Unlabeled
0xae585d346bc18b84f78e1ca1ed864a09b8468685,Unlabeled
0x06b622c45a440422818d63210921808755dfe704,Unlabeled
0x152ea6095007cd22bcea1e7225f5be61b40a0550,Unlabeled
0x2818f52a202c10a27e6e3ad993ffc223517e3bb4,Unlabeled
0x298e1502aa244e0f3e2b7bca2692d154c836fba4,Unlabeled
0xf2197bc5eb5ce66ad77a49be3ec2f702dad8b08c,Unlabeled
0xbe5564e7d2a7a899792f8f56436e96522e260ec9,Unlabeled
0xf916bbf959dbaa946f54036fe64217db6b3f1d38,Unlabeled
0x47145793b7a7037bb395c8bac6aefca1104137e1,Unlabeled
0xca6b44c7ae88defb3ffc96f7369206e53b6fd0b1,Unlabeled
0x79329e7c0fbef12dd20484841ebfe6c03967e0d8,Unlabeled
0x98d90950ceac8656ac4cd9fe7d06dc0682132c44,Unlabeled
0x2b3c7bca9b6fd6317b4e90bfdcb46f4273ae1347,Unlabeled
0x275116be3cc7bf70f17b7e52111bc3a6ba7ea86e,Unlabeled
0xa7126f204c3dc45ef9f920c72e70c9e5474e6434,Unlabeled
0xe48ebd633200108085ab7413d38af7ac894bcb65,Unlabeled
0x8b433c84289efc92d93016ab2c3e19e7e1706cf1,Unlabeled
0x38cae57ba7f791bacee3fb44aa30b34c65fa78c4,Unlabeled
0x1244675bed61ac37e6ca1b052ca09e2533e5d2ef,Unlabeled
0xa237e69a6bf8668f96e9ce5de66bce0c4ca73c29,Unlabeled
0x6a8e3d33749f70233106beb26142683fe0e730fb,Unlabeled
0x525ca8715d67471b463ad903dbda55d72930dcd8,Unlabeled
0x08f66a8478d0bee16936f44447f2eb4aa09d66df,Unlabeled
0xffb60652b4c5bca2fba27962cc80b98d3387b80c,Unlabeled
0xbd5edbd9174bef7e7535fb3bbcd07217c914895c,Unlabeled
0xa6518181b2db530dd1acfdfb389f19b18626c5c6,Unlabeled
0x2283e7a2632982c13ba089dbdfa247993c9130c7,Unlabeled
0x71d3d8396c454aeb84203ad2cd6e2045159b438c,Unlabeled
0x51f1b09a35304f7cb7ef55430eb8d5e7bf272189,Unlabeled
0x3fc55a072a92673f470c7ad591e8dfbd222fd81d,Unlabeled
0x693a615afd85933263067489a6d35e2bc5c1af71,Unlabeled
0x8042f4075c53a9eb71bd8baefeb5a9c919f7aacf,Unlabeled
0x3804bdb198982925a100696cba7d489c70a68072,Unlabeled
0x5fc13cdde9f5ac7f6114d689a43ea23a00910a12,Unlabeled
0xab8fded01e51c98b04893f575fa85139005d1f0c,Unlabeled
0x36ad8eafb7b4b6d7c81e53eed1d7e58abf4c6629,Unlabeled
0x4dc2b8138cad7250062265bdb0eed339baddafa1,Unlabeled
0x8db5efd6bc190f5657faed21f234bd79b72faae2,Unlabeled
0x1e1203c3347d7658e2bf5151af90046d65c98ec3,Unlabeled
0x463778cf4f2fa6ddb700b89a5c9c6018432d959e,Unlabeled
0xd47cd1895ed7843a9ffec193d812659ae5809988,Unlabeled
0x97fab64bcfe73ec5da474e43b72a62315962aa69,Unlabeled
0xf438f81496523351a3717bddf97a2996b3062725,Unlabeled
0x22fd2e865f92adab0567f4741ae89928596bfa20,Unlabeled
0x4a98b9f8fc1893339c03d9e53341aed8f92d5361,Unlabeled
0x738907780be71d3c98ec06f80332ac9b62d08da2,Unlabeled
0xfcd5814bf13b7178a3574dc3dee1c7d1b3126fca,Unlabeled
0x969be6d9388f07fa8512c347beea936277d76e55,Unlabeled
0x12639e164a5626e0135db824b270a82eb6057b05,Unlabeled
0x8df79cd8695921a2de2616105d761b65ce6cef4f,Unlabeled
0x4266bbc1c8e0c8be1ed48ff3e9e976fe1a152a82,Unlabeled
0x4e3a783167f992e78a226c33a25d684b1eb9cb75,Unlabeled
0x8cc5c24a1666d3214340050315b82b2b6b0d9027,Unlabeled
0x41b40efaca4bdcaa7018eab06e9e1e46f9b21215,Unlabeled
0xbb42ab6984a6635a9266a7fee6f3ad5162a294c2,Unlabeled
0x6b7d4d0ffc5e1bc7b8dcebd88a2cfaffb34061bd,Unlabeled
0xef86f87baa194aae6c905476df1a01fcc5900aae,Unlabeled
0x6cc70ecaf7165e80894ab6cd67313b0aea6b8f39,Unlabeled
0x9908255f7f2dffccaa14448a2356e5a8fd8e8bc1,Unlabeled
0xbeb48762c6b5896c44a365592fe827578eab4b02,Unlabeled
0x7884430508e376e84477f4e3bb041fedd0b2a944,Unlabeled
0xdb5558b45cb9a1271465875ce76f50cd49c94bdf,Unlabeled
0x1a1b8e177397df9f737f27003ad16e754c32f909,Unlabeled
0xdc9ae56d0efb9cfffdef3a5c8189292aa6948ab3,Unlabeled
0x697b05c1848de951b1d9ff086a74f125df434610,Unlabeled
0x6753c4222a4509735966de9418896faf80ccc0bd,Unlabeled
0x8aa009b5000a8afd7c77d2df49495f22cc575fbe,Unlabeled
0x5760eac7b8806ecbed25f10802b66b7f0814396c,Unlabeled
0x11a63be069a0183ad6bb2915845ee228bfc3f82e,Unlabeled
0x66d03947489a52be67cc93272e20fec13b238153,Unlabeled
0x39bf741406f0208b8e3f5701d8ceca91a11df8a5,Unlabeled
0x095371b0e1e0e5590b1318f3d6e28f566555250a,Unlabeled
0x924ad8910a27dfad5a1a7d1e0b6d97eee0f52508,Unlabeled
0x724df35497cc10dff834bd367a16deaa05fa0cf6,Unlabeled
0x86921a5a7dd46a0e4228593ae856ccd5dd02535c,Unlabeled
0xc3bf00f3d7c2fb607579183bae2dff911f082b97,Unlabeled
0xe46f3fabee2f56eae251fb0ab560df4b9283731e,Unlabeled
0xd3b8aa2583a5ccd86b5c6d3dcdbf20eaf494cdec,Unlabeled
0x2631425642b06c527464bcb847f8ccca14cb2d93,Unlabeled
0x04d722ecd4bbc508ba3ec2f2d4bfb642f4ae2d08,Unlabeled
0x605f162339b08b32c639c4bfe4db4a58a5172347,Unlabeled
0xf3427826735fd9ac5b09fc350b8c7b8d94719d70,Unlabeled
0x393742e01081fc12d0932a928595647e4676efe5,Unlabeled
0x8ab78567f5a5dc37659e335a03d8836f81089d75,Unlabeled
0x26bce3829bc038ac7e2afaf93670d444fa2bbd80,Unlabeled
0xd2e9b154e4f3aeb8ae45fa72e3b276219e27fbd7,Unlabeled
0x90cf4e0d7033561a9ac432b911160bfddf90d8b3,Unlabeled
0x7d6707ecab44f57f2b2c8fe22a45be3e5748f50d,Unlabeled
0xe3a4cc5a1fac7fbc652acc0d0aaf78cb34c58b5f,Unlabeled
0xd86af3fdf5b449bfec0464667a592abf15c02e71,Unlabeled
0xb29050965a5ac70ab487aa47546cdcbc97dae45d,Unlabeled
0x2ac33b4ff1857da52949e6497689e001b0a7d52b,Unlabeled
0x2e0c633c5171f23f27ffb076c374fe3298694004,Unlabeled
0xc9c24d98e1c1ed5c1361e5e999d2fb295637ef96,Unlabeled
0x037fc8e71445910e1e0bbb2a0896d5e9a7485318,Unlabeled
0x3669ca16e0a108f051c2965296e5db2258443684,Unlabeled
0xd4b2e8ca4fdeb3c7c8d97de74280da0501793487,Unlabeled
0x04ce218ead72401702dd5f3e56cedb7d2d477777,Unlabeled
0x5810fa8b47def80cdc13ee55cff4c417d938c64d,Unlabeled
0xeddad2b37bdc57830e58806fb183f13df43ba9ba,Unlabeled
0xd500a106245e64a10917da25553942ba51265cdd,Unlabeled
0xa6bddfd5d58a62579227c16fe17f3a38ac6a1dcf,Unlabeled
0x00000000075d9aed2e32de0aec3d7fe316514e79,Unlabeled
0x2d2f12f2d983e7125e7f974dc62260fc0f525019,Unlabeled
0x4820b8c2135933e6f4a7b96bd431b9a2abcfaaf4,Unlabeled
0x4ff03d40ce3443e19923d6f86c7d8aebb9066de6,Unlabeled
0x27b1b217e46e161fc6c44c93ecb68d9452532c13,Unlabeled
0xddb9fe7597ce5f463b26578538cef2ecc4466c4d,Unlabeled
0x91a1fa9df5c17d00f4482049968b84d47bac12eb,Unlabeled
0x0986443824ff6f390e73126ccf7989388e665c80,Unlabeled
0x848d1694e698a83061fd8a3ae2f49631549c94ce,Unlabeled
0x19415aa4ae1300d7a66bdbd0fcea4f4dda9280c1,Unlabeled
0xad2ef6e5218c76dd7eac9b894115e3a6f1db57c6,Unlabeled
0xa8969f3f8d97b3ed89d4e2ec19b6b0cfd504b212,Unlabeled
0xc503abd6307b1285f90fdfe9b811f97306dd8e95,Unlabeled
0xf1389cf38cb51230bb0e37c95e690e11cbb59453,Unlabeled
0x587f273099642fdd80ab4e3b37d8338a13b9cee5,Unlabeled
0x903eaf1a7ba5f17f47f958c203f5b8811949d0bb,Unlabeled
0x2c836537289b9e0dccbf5af4e4cdd3fe32b9fb29,Unlabeled
0x3a734555597c85b8ef547f8dc08090ce9234923c,Unlabeled
0xd3b06f6fac73696ca6888d354f0f947715160dd1,Unlabeled
0x3a2561496b1919866ce662f6263856bd3929fccc,Unlabeled
0xbea3a19533643e449a75e1e070f9c14dfcde95da,Unlabeled
0x25ed72c3f671b626810a6db597dcfd50f215a423,Unlabeled
0x928de060b465b9c6a7d79addade6ed6fc6f17e19,Unlabeled
0x89c2c1e8c7d65e51b281f29906a9a036a19fff1f,Unlabeled
0x60ccd4c9896ce8e90aded8c4322c59eafcf2722f,Unlabeled
0x34956b1acbfa1e3465d14f57b9f80b210bfd809c,Unlabeled
0x4aa6f425247c94881ac24bea7cba839c2fea1be5,Unlabeled
0x256da0d7cb988a1957bd6394cf7ebd9915b6b31c,Unlabeled
0x40b1ed8c09b7bac73b5f380af9ed039c1bacf07e,Unlabeled
0x03a68a3f33a6c5542ba6838495293928d894d223,Unlabeled
0xd4f50e7316b31dd465bce63cf966c99fc9843f3a,Unlabeled
0xd5410c7e85618a7bffb2117de43f00578145c719,Unlabeled
0xfa8abc3993e886b920a7dcfbdcc1cb06db0cd486,Unlabeled
0x0e9287800fe3b657541df901b49b62e4726869f4,Unlabeled
0x42b9df65b219b3dd36ff330a4dd8f327a6ada990,Unlabeled
0x00000000ae2193c4ac6521146b1adafe9b43361d,Unlabeled
0x1689e982ba68ec09e65db8659dadb97cc2639201,Unlabeled
0x69933e3cf8c801856c49a662ecce36247f15e620,Unlabeled
0x7b6de544e3194f4656baa8ddb094f8d9d138d9e3,Unlabeled
0x3d89d2653636eecdd286b7399c194d885ac1a159,Unlabeled
0x22a4b8da494c15aa964ca0d6aceb5e1c6531984a,Unlabeled
0x797bf7cc7ab3385ad9bd641d06659f87a53feaec,Unlabeled
0xc34d21e1d44bd800b8bc6cd37e1e58785f6fa8e2,Unlabeled
0x9a1b54179b30d17e154807247e579399a7660ed7,Unlabeled
0x32990e2d6684d7197b906f3615d9ff27dcaf1d25,Unlabeled
0x865b56e504e571efa295c43fb1f3706c3a561822,Unlabeled
0xf44b30274f37516cc7d0aa73a035dfc634224d5a,Unlabeled
0x8c84bf65284e161a70a752a7d8279f0dfe0c21b9,Unlabeled
0x074008dd95c952a8ea61a21fda23251da2002d3c,Unlabeled
0x2f492e745828424cfec7e47ae378b6d4ae2d06c4,Unlabeled
0x6d9e79b5cb050f592d35464ae2daa3f6a8eb1612,Unlabeled
0x9de0231837917a3b249000f6a3316a052b5942d2,Unlabeled
0x2bb3c0f4a380c4d41aabcb276a4ecd1658935f6e,Unlabeled
0x0f58609d58aa661871bff846d11a74f006d5f6b8,Unlabeled
0x51c105941b8e181ce85aa7dbe3e9569dfd3dbccc,Unlabeled
0xaa268f81e4a7ab98e0068e713bdd9c0a012b6b59,Unlabeled
0x98c4601481248886c96794d1ad415a16798c70d9,Unlabeled
0x9b8296683b28ddca7d1a160133ab669e2bb82ccf,Unlabeled
0xa53065e6a413ca6f0357a1016d021796d682bf1e,Unlabeled
0x326dd85d0371d0bcf21ce2808dd0271d0f7ba601,Unlabeled
0x94786c1f13756c597cb61650748edd4d102815d1,Unlabeled
0xb99bc0f714250413a388ef1351e621baba7171d0,Unlabeled
0xff8abe0fb836c3840e5875b11990e611fc35d390,Unlabeled
0x9c8f4f00fed000ad57bf00d23a90009f7a3c0000,Unlabeled
0xb3f28db099c81eb5f0fc865ccef10ef68cab5f5b,Unlabeled
0xba470341f0506ba4a9a0aeba99cf21accd1bb4d8,Unlabeled
0xf553ad2fc37eddf66b691288334c3d015a6e9146,Unlabeled
0xbbf01cb95c27de9bcaf72497fc68323f65412907,Unlabeled
0x155d16dcac3f4139189d7bdf3d4e6e28a8d12f55,Unlabeled
0x20b744a2a46f3631f35b499842c98f9c4d3ad93f,Unlabeled
0xdce942fab2a8abf100af097b69d58e3cf9d49e28,Unlabeled
0x1cb8e5ea03b77cd9b4fc6b7b8065228abb0dd29b,Unlabeled
0xb3a8033e5bb26efcba5acd05965e671da948ca02,Unlabeled
0x6eed989c50a2846c2c68bc20c09f521bbb7e1d52,Unlabeled
0x82cb7840b2965cde8d9f9baee707c5b59777b03d,Unlabeled
0xb4fdaa00610cbf48e3b1e4c5794833f7db410537,Unlabeled
0xab2d6939ed48671a7405b8f3a0f9870dae37e380,Unlabeled
0x293a31e11a56e03ac2b77ffdc0e308c6ffef1a9b,Unlabeled
0xf44055fbd961a78ecfa6f0e07b896583e20eec46,Unlabeled
0x9475cb7469e6fd31d6b8bbb33a26f06594426c7d,Unlabeled
0x7ac98895d094126796fcbc6ef7820810bd00278f,Unlabeled
0xd9d72313c28ccd14d66f2d48c20e9b51df09a9bb,Unlabeled
0xe862e3527d169b29642b8f89ec1296912f8414f7,Unlabeled
0x0c90ddfa62f1320239a1e3b81235f990f3de05ba,Unlabeled
0x768f2ebd51176ad3783602dc86cca7c8355cdf94,Unlabeled
0x2aa885d5b1409c224e393959183d5efbd79def99,Unlabeled
0xe7b09ab78bd6ab9615f953bab9e1ac27e4f33eab,Unlabeled
0x06341bffbaad98a00131f4d7b72abc43b10d18b8,Unlabeled
0x7d2adfc6010f29d324d4034477834c596eeb5b8b,Unlabeled
0xb637e3e422a468a8a201166c77de94b97c7c1804,Unlabeled
0xde29d10c941371917eb0dcaaa01d5079ab3ec87d,Unlabeled
0x4e92be8246bb19b0188ed663f95d83922858f603,Unlabeled
0x51727af240e1bebf70dab165857c51f9ee4ad4d5,Unlabeled
0x07fbdb65437679e20d5918eb52eddf26d07be4ed,Unlabeled
0x2125b2c84488f73f3f44da8357b3454bf2404314,Unlabeled
0x4c9af439b1a6761b8e549d8d226a468a6b2803a8,Unlabeled
0x05b7c5b71c391c7c30c173b3afdee1704f030028,Unlabeled
0x986dcb73f1145e4e39b071f6a7bedd2409b3a7dd,Unlabeled
0xcbc35d5c850a94bf4866b768a72fa688db07dde6,Unlabeled
0xb4807204fc8589bdd3cfc1521643f4d252005ba3,Unlabeled
0xd859a0d7b7f34572235514cb39daf28b8ab185e5,Unlabeled
0xf8a7b856c754f56d218bca4b14c440aef715bff6,Unlabeled
0xa390d168ef919b55b8f8642d0d46d2bf4311bf56,Unlabeled
0x04234c27e9256be034ee01cfa3345e29b9097775,Unlabeled
0x2f0d02fc67fbebb905a7b909fed001061dd49400,Unlabeled
0xf2e8352e88d0e6b417c9efa76ebf2ab6cb0789e1,Unlabeled
0x00f3d67b4caf62e0cb510b59b3c1c9155e0ed442,Unlabeled
0xac6bcb14db09a35b6b44b93d6a533ad082f06709,Unlabeled
0xd224beb12501310d7c2ba0924408ac2361b3d2c5,Unlabeled
0x79972022397ab7107fab8c103cf6d9a6844d9bc0,Unlabeled
0xeee297fd8df6e7a854ae2debb7cb644d75033b0f,Unlabeled
0xe4ef35384a3cc4d0b15385cc9fc74bd239dc8411,Unlabeled
0x979d4aa0e53e19a4e8785880a368aa97ec4d020d,Unlabeled
0x6faec2944071b2a5ebfd1b08f43f29597aad8ca1,Unlabeled
0xa40e6540fbfe947b0fc94962d55698b543af9859,Unlabeled
0xbebb7a97daecdea7555408b6fbc9d25cfd65a89b,Unlabeled
0x057437d98db2a9c25ecb1561c5fd2e1a8cbd849f,Unlabeled
0x7b60dff5481cd2730566d8f979cc0e7e106bec0a,Unlabeled
0xec3b1bf1307cd84be1a36f400a79fca9a4b24886,Unlabeled
0xa34af54ec8a6a46f36d8046e6a7c5cf892127908,Unlabeled
0x43e9ca781892de37d88163e1a3bc507d97f9165f,Unlabeled
0x8c7925d8c598c5fc286c0d2b9e5f8a951d67fb52,Unlabeled
0xaf4d863f6cef5f94c1b82862ec31acd8ce4cfd14,Unlabeled
0x5ad9fa3163c741ece622dd32a1465f34cc49b529,Unlabeled
0xc18fdcff1407fd9488c820eb432231cff3dad5dc,Unlabeled
0xd0db67d1b521b638b16fdbbff162d354e2a6b14c,Unlabeled
0x89d69af112cb1ebdaa28eb9ffd274813fe0d672a,Unlabeled
0x5c22c0ec2b5de2ad69281ffcbaacb6543ef78792,Unlabeled
0x3d4a6a5d53d9990bfea8fc8f205c264e7fb87a17,Unlabeled
0x4337a82a900ff41c8782c822ae26f0daf814921c,Unlabeled
0x1e464a91b9c809f8b4a00746e1c6a1b79345d14f,Unlabeled
0x9ff70d71392f8155351e7ec24f525e51d3cd61c9,Unlabeled
0xbd25ff6d2859303be7346c617ec1b8114b184dff,Unlabeled
0x02af4547440f50ed1dbaeac1520eb65001db0a0f,Unlabeled
0x9ac2abe80cb8b0c4be12fc8ba95d6f5bf4a78960,Unlabeled
0x3694ae4153caf098c5919781a11928a153812019,Unlabeled
0xce63eff4d22d48ca78d7978bae9451087d3eb68c,Unlabeled
0x12df5e0894e86972dc53757f630abd84b3ee6234,Unlabeled
0x3a72a7a88c75e08610c5111f1cc89d33213dc10b,Unlabeled
0x60015ea6ba34de4e0a2eefebbe9776c1ff936409,Unlabeled
0xf99ee2d0d2212e99920b871c026fe87ac9c496b0,Unlabeled
0xb603da63b693583e117cfb42c30247e83c0041b5,Unlabeled
0x62ecba4f2cdd73c2912f1a0865c2c886c5f47823,Unlabeled
0x53d0cf13ba6b8d3d345c8fe3c17585d24cd449f0,Unlabeled
0x1fa9b66975d731115e51bfbfbb5d30d586ff0e26,Unlabeled
0x637032ba513eb599af3fc7d79a675aa01d2562e4,Unlabeled
0x229fb668171140b56bf316009f09f6dff084e93b,Unlabeled
0x8f85d8d9d232883d63c992dff303c10dda2e428f,Unlabeled
0x8c0045e5c7961bb556e09fc9dfe266e42dd8e07a,Unlabeled
0x1b304b74fac7a53eed57fbd0144286971addfeb4,Unlabeled
0xcc007529b5558bd07922eb407f08fe4fa5b1ad24,Unlabeled
0xf585a7700b840212cd29afe981902a586a84dd31,Unlabeled
0x3424fcfb9c3ddda95493e035de953887c07be009,Unlabeled
0x9ab048a415c8ac210f3c66d00ebeb07a5d4ecaad,Unlabeled
0x7752eeecc97378eaa9c6e26a5162825601457c6b,Unlabeled
0x745964425a5e20098e47396adef8d86f18b1b1c8,Unlabeled
0xfdebb02a1918fb78ac9c37311e83ed462665b9af,Unlabeled
0x19e38067cfabac589d2852d07d41bf9ee05ac688,Unlabeled
0xd46c001ac58ac5b872743429e489e9c62a212f67,Unlabeled
0x6e650ece1adf8bd90978e7a37ce6dbbd7292dcd2,Unlabeled
0xa6b9a13b34db2a00284299c47dacf49fb62c1755,Unlabeled
0x842a1ecdea05d45dec18d0771f52308bafb96fea,Unlabeled
0xf282d03de6beda2e004032291cb4cc9d57a73be4,Unlabeled
0x5995b8a731cb1797c8a37444940738df2abfffcf,Unlabeled
0x79d160ebe3deff08cc085f070fcd1cd04d655612,Unlabeled
0x7b7ed649c56081926e4032dc10afbb9b9719a574,Unlabeled
0x185746bf94dfc1f45289c866fb3b158707a6bc07,Unlabeled
0xad1299a292fd7921c0e424fec7a0c8364455cdb3,Unlabeled
0x351526643f736bffad2d8f1b07189cf7b2bb263c,Unlabeled
0x7fa611691038a05ffefdcebbb3bd2b32727fc9d6,Unlabeled
0x2b6426b33741ccdc73cc3b5c7786558f71bc3377,Unlabeled
0x79c193071170720592ef9dc0f30486f51e9aa786,Unlabeled
0x7a5a8391f20c09cb301978bb68a38d0f6ddbdb6d,Unlabeled
0x94e9b0ef57cd5c0e66d363786819fdd3e7cbfc4f,Unlabeled
0x39da77490e099c7d7492b13a6771c5acee428c02,Unlabeled
0x8cd630fa88f2f97669d282d915e47cc6450f20a3,Unlabeled
0x41c72cf57bdc2c83dfac5b126c815b5e1afb8d88,Unlabeled
0xab47b39c5c1e6903523ae530fd8128bfec5bb24e,Unlabeled
0x7916be2ababa0140f7d75f926800065ebec5d65e,Unlabeled
0x3591bc43e844d7c4af71bb8f517bd6a3fdcf5dd5,Unlabeled
0xe8694c5721f6db5b9099cf1e635fe62005c80bcc,Unlabeled
0x65273644eeb52201e243de58cc4f4e06ba4392b3,Unlabeled
0x1e6e77d36984173f156c82347db3156bc324f6f1,Unlabeled
0xae6183ff0adce671a63734b82ce40b965bb65b41,Unlabeled
0x3c2b2daa5ffc7a9e2c83340335f18135503465a2,Unlabeled
0xd5448c0cf3d3a32a8062c40a010b6292cbcf9bff,Unlabeled
0xa5ee3647f33575b8ae4c334fabea1548efded18b,Unlabeled
0xf791da446d04282f921f38fbf954ad5caee899a3,Unlabeled
0x58e97f067aa706abf4e7a15e6d426275dd63936c,Unlabeled
0xeccffd03a53da4252965d1c72fbff34da022ee2e,Unlabeled
0xb8cb858ffe6961daf6a8e83b474489a292d78fc1,Unlabeled
0x9ed8536f72f2505b2128b0835ef3e70095385780,Unlabeled
0xa80cbd2418d0c72d21b303064ca08afad43a91cd,Unlabeled
0x27517f1c3ba68a2807eed30d1a8c0bc82acea86e,Unlabeled
0xdf03b277fdbc81524302bedadd33b4785f02c38c,Unlabeled
0x55d03bb57f44d74fe6afdc0fe33d925916486f06,Unlabeled
0x833f61c5ef07735edd1fb4b3485da5a19c684a46,Unlabeled
0xf294330049aec9af3fccd73f53f832d61c1a028b,Unlabeled
0x95f510dceaa577266a218c29fc44e9c4775436cd,Unlabeled
0xd1ee705d774d59541d3d395e72a16e48389df7c7,Unlabeled
0xfe7aebbebbc4ec880e5a6a329dcf3a83ba0e42fd,Unlabeled
0x8df9e4cb53373eb6d903792ff8259c8e1b2bf830,Unlabeled
0xcb567eec2948f146543b6b125eb06f055cbfec96,Unlabeled
0xed136bc941ea03ff599a6e082700b8a97bc431e8,Unlabeled
0x0681213306b5a88db09e80699d212f0b187b53d6,Unlabeled
0x348a6ab4d900a910acea4e651f28f106857dcba1,Unlabeled
0x63e13ff4669dc2d535568ce0078a5103fe3ced0c,Unlabeled
0xb46a9dff5879ae53256491678c57cf16b9c92df5,Unlabeled
0xa7f65d162be54460534ab1a242fa3a04c6b5e04a,Unlabeled
0x9cb17d8512e671565934a0ea7e7b44f9c3e4be2d,Unlabeled
0xac9cdb6297b00d8002c51d24b626aa2708a50b37,Unlabeled
0x82462d3a9167b8e993b25b2d7d224fd64133fb56,Unlabeled
0x63a144bb7c5dcf932aee1fac85c0e670d4ef9d1a,Unlabeled
0xa4fd75bf3662d61e92c44479a43b00cb75c97028,Unlabeled
0x1f35ef55add1db4e527a88552703980978a8b67f,Unlabeled
0xf140a87a9173cd3536bd3f44e6b192533db3ba47,Unlabeled
0x26b74889e58382324de2361f320e08dcebbe7c5d,Unlabeled
0xdf25e3fd2a83860ac69829e2e17b42e3c3d2537d,Unlabeled
0xbc6f2117658299c1f781f936749e760e1c3b51c6,Unlabeled
0x933312008d3af2732e64d5ec566cc8b981efc909,Unlabeled
0x07275b4d802720bc56d84ddc953e19e6866ec0cc,Unlabeled
0x8f9728f07f0f98e16da07e7a5b1efcdf5d261bd6,Unlabeled
0x36a207eb5dd6a07b21f2a94ce449bd6ec9e45bf7,Unlabeled
0xc2eaa634d24c4dfed2c00e936f33d6d9b77f2b5a,Unlabeled
0x01dee84b79443b0a46ab85bb81d86cc859c15a54,Unlabeled
0x816c3430316d3e9c538364a481ff9639669ae709,Unlabeled
0xc7bc962fb494f907580cdd5a04a3a4c845a0cc42,Unlabeled
0x8ecc524274caacc6bafe4965ad7cf4fdc57e2d27,Unlabeled
0xf5e5bfe3596f83d7cc4e923f247ea802f3b14c7b,Unlabeled
0xe875c96cb738ca21a768ac7c1cb51e713a7ea91c,Unlabeled
0x398bd9927d5db687ee167f0a74f99c9144ceef73,Unlabeled
0xe4ed8f0e98fbfddf1d6e6943b7c4d444fb4e15f8,Unlabeled
0x113a1c1294deb0cae51b17a3fdd4c2cf7ba935df,Unlabeled
0x611dbf617df38402eefaccc20357169479cac348,Unlabeled
0x8119a25fc8220c8ce659719adedc4df0cebabd17,Unlabeled
0xa747a91681ea003389129505e4254d931c01581b,Unlabeled
0xc03bb5bda18864752cf9d7d5319a64305492caa2,Unlabeled
0xb60927e59980e8219fa2830a7d07db92cc270efc,Unlabeled
0x96d51cd72218852b45c63c9a818549309a5eec0a,Unlabeled
0x1a9d44fe083c29dd975891fcaafe444220afa3e1,Unlabeled
0x087b80eed9ead0ade1b4bd30da6f7a4fffe8e5ba,Unlabeled
0xa57e48d1bfec890f5c9ee97bc6f38ac9c11d1b28,Unlabeled
0x64785bc920f59a4685bf83bca0a8e1d2c54fca39,Unlabeled
0x0188f7d8cedbe4ca5bcd701f0b8620ae2a2a28f6,Unlabeled
0x5a31bbb42afded16f67451d65adfd32ac4f13058,Unlabeled
0xf68868100d5573e58dafd5116379b3d9b84152bd,Unlabeled
0xcd0f83beec544ee01c9feaedf7f17673ccff7f57,Unlabeled
0x36553c685bdcc9c18060f5d2963803f2cddcdd75,Unlabeled
0x1ab8aa28ae574654d494956e5d5cc8ce7c0bdcad,Unlabeled
0xe8e5888556b467bbe6df4182fd27879e45c3efba,Unlabeled
0xb828ff091b65bb81029a6758b58cb197a3789c08,Unlabeled
0x1511515648c33efadd214f33e1f3ad48fb1c6745,Unlabeled
0x9952aed08a5d0a86bf90e460223b5a83e391ab6e,Unlabeled
0x2e2e400f495803fcb6a474aaeb786bf6f5327382,Unlabeled
0x80b8a5f076871e78cba5d50704d16c416dbff3e2,Unlabeled
0x079ec371eda339fef9f433129f8dff6586cb6c58,Unlabeled
0xa2ceadd4249faf5208337c480b0dc51ac7ba4f63,Unlabeled
0x0f71a784697b4d5624f7aada9618cd8d83eed6ed,Unlabeled
0xfef2f6f599e2d7674e525b6fc8b19c9e1aa736b0,Unlabeled
0x9b7874a1eb2a06059084a3886899005f68353926,Unlabeled
0x393b717578cc38d36430966f7933d2c117859afd,Unlabeled
0x8ce72c76fd0f9d41c9e1050a2cd0dbb56ee9aa9c,Unlabeled
0xe9bf48f71cb566aea6851d5a72a485d7794d902f,Unlabeled
0xb6f6dce6000ca88cc936b450cedb16a5c15f157f,Unlabeled
0x61ed4b62e03798305818607c7160b2abff15cfed,Unlabeled
0x5f9c77700b428ae1a56da672a7888bacb6e7ef0f,Unlabeled
0x946c15fbec98529982363db4c608249f5ed6064a,Unlabeled
0x77df8b56b306c563421d573f8cb4e8db28c41743,Unlabeled
0x0a5618ed6f776344d5e2cab382a09ca6704995b6,Unlabeled
0x968498eb680b81bf685e1d4d0be619312f8d4589,Unlabeled
0xdc675a5a317fcba4d84b1ede9362ca2b5abaec9e,Unlabeled
0xc3e82cccf9ce5daef9ce7511fcdb867b023bb224,Unlabeled
0x4cc8d9be1e2aee12a7b66112e11833d380387c2a,Unlabeled
0xccf6accd69ca8614d8f5d6813e87548f5f841607,Unlabeled
0xdf31b012c035ff60be20ded74cf82c20729907ee,Unlabeled
0x87de50419683d6347adb990c70f6292f0f943f4b,Unlabeled
0x5fb174f6a0c41a651f7abca455bd92e633c6be24,Unlabeled
0xa66e7b81afb2d06cb1629484c994b925f23407d3,Unlabeled
0xebaac0f2c3e12afc168f1e3f76bb846305c3d27d,Unlabeled
0x668400a3a20567af6f37c6c8ac4bbc7f9cb18dab,Unlabeled
0x27be6fd31677c38b76a3244de0086a2c46623418,Unlabeled
0x95b9e2b4f0eca5a055c7ba955a8405c58508242e,Unlabeled
0x9789bacc2ff3955d63984ac2cf287894d642b3c6,Unlabeled
0x36f576549194a3931f1388067608e01ea8077205,Unlabeled
0xd51b1788ac22b8f63a3621e7d74ab35f41d13cea,Unlabeled
0x498867de4dc2b07530487ccc8efc941d25a13c83,Unlabeled
0x2636766ba515ce5ae5693ad263d02d4e434595b5,Unlabeled
0x878fc31130fe61fdc7ae84213591f111de1e6e54,Unlabeled
0xadc0a53095a0af87f3aa29fe0715b5c28016364e,Unlabeled
0xbb0b79c55aa4f2da9c23296d3c2dfffcd66f8497,Unlabeled
0x9af1b56acb3f0af84be68ce1a5284acc0615fadd,Unlabeled
0x4b2fa9680ace405af73d9005c7fa0f181e2f4619,Unlabeled
0x4b2019e78e95b59369b0f01a35fbaf25949f4619,Unlabeled
0x0ecfb82006358990b28ec102943c7dbca43b2365,Unlabeled
0x7e9057931831a763483186effe4a04d0102fefdc,Unlabeled
0x74bb159f242eba943fd583ac5172ba1401e5da30,Unlabeled
0x699c5bd4d03d98dabe8ef94ce13ba0314e4d35c8,Unlabeled
0xc537e898cd774e2dcba3b14ea6f34c93d5ea45e1,Unlabeled
0xa709658be7fe0b6965c59a4b9283c9384493220b,Unlabeled
0x4fd04c125ba29c106372e4a4c51d589d42b1e526,Unlabeled
0x273508ab31f5d8ce4d8aafa7782eab855ddaadfd,Unlabeled
0xc47b32ea3de69d963c84d3bd583fa6c4715d6720,Unlabeled
0xc972c486f47c3b4fc8182456ed94afd56a0ae65b,Unlabeled
0x8392876883cf0e9e7ee24d9b1f606ed88644f23b,Unlabeled
0xb245857e68c68e2644406ce679783973c68aca66,Unlabeled
0x3c9dd68d1ad9f73f8a7a12ebcb67c6ecf13b7799,Unlabeled
0xc58fa5d5888652be421bea7822eca990c213605a,Unlabeled
0xf93ac29c7cba326ce695dc66d1e62563cdfc6494,Unlabeled
0x9b871251a9e3999e04c9086847c162eec0b01121,Unlabeled
0x2f8c3a9dc1064ac000f2dd8bca6b5305c4d0353d,Unlabeled
0x6e6badbf2292bacb6a142e52715c34792c6b4f9b,Unlabeled
0xbaec3841041068f13348e37eb28d450479a52e36,Unlabeled
0x0fa8c86fc6b15f24fa2b9194db32f5fc25539504,Unlabeled
0xc4361f3286761aaeac605823914cf57a0aec0980,Unlabeled
0x538c08c636e1f88aa7d3067e6dfcdaa9330b354c,Unlabeled
0xac4755bb587263b76be5cd5ea0e347a38a04a1ed,Unlabeled
0x8fc0d1a903fb4800b7775db3dd96256d18065dee,Unlabeled
0x72a8ca46d35147ab3a797ab92d6be89c902f42db,Unlabeled
0x81622d8e0da7f045af3e0ebbc7c8dafc189fe2d4,Unlabeled
0xfaa7a8166063eb12b23f48043dc5f959bf31bd22,Unlabeled
0xf47c17e3a072484beef8cc4d64a712128e0965e6,Unlabeled
0xe7f525dd1bc6d748ae4d7f21d31e54741e05e110,Unlabeled
0xa0b24061fe57d2cf4bef61d3c9903c5f82bdad1b,Unlabeled
0xf60cdfd897d92afb40f8905b772a4ebf7fa8019c,Unlabeled
0x245e951f0609bdb8854de0c1866c99d3b3246547,Unlabeled
0x5ae54a19df11fde2356b830b157386b5ee8a9af3,Unlabeled
0xcb89ed8de7d4181ecad98d029d6126ac746fb40c,Unlabeled
0x4c5bb0970ed97eabe412b41ea236ab64a24c3b7e,Unlabeled
0x20d81101d254729a6e689418526be31e2c544290,Unlabeled
0x3714f3913ece547a55fb45149732de43102e00e4,Unlabeled
0xf7d0685836308136ab6e3154915aeeca8908a6ee,Unlabeled
0xa17578da1a452adadb617995029445421f7a012d,Unlabeled
0x4aa448fd419354a64c92669640240f5d6b0935f7,Unlabeled
0xb638ebffe43a0a71b9d85fb30bc17a785dc2a153,Unlabeled
0x819c59cba776c5323aa95fcaf617b60bd7a70fcf,Unlabeled
0x922251e54f6ee17ff0ee6298514ba595b3be83ba,Unlabeled
0x847a8931ab2d24baa3ff29f5e15743be11cfe592,Unlabeled
0x52196e52679c8c75b05440616c5527596d7c4aae,Unlabeled
0x223576011bc74221d5e7c9acd689d4eedb255f7b,Unlabeled
0xe9d046ec578336aebb447a45462c97069a3d2dfc,Unlabeled
0x2f1ef426e536feefecb11a3b8b3a45f7cb8e12ee,Unlabeled
0x3a08449516cce5729ac0832a044ddf7313ff8345,Unlabeled
0xc92174c5eab03730910dbdb069620be7986e81e2,Unlabeled
0x47a714dfbb8e4e74449a511775c6fb2ece8f8d18,Unlabeled
0x041e4be9609476ec6d236f48cf8a12f04aaf2575,Unlabeled
0x427312f28bb0e9570ba3922c4fc736d64851b4e9,Unlabeled
0x7afd39cfc95a12de3cf9681be3b5188070ffe543,Unlabeled
0xd47ca212059b4655d0a9f123c991fbb3264bbf0a,Unlabeled
0x1dff2177883032d9fc4907ed960511a8f27942c3,Unlabeled
0x7ead224b229b01a1e87f84e11c0c7bf653f03d1f,Unlabeled
0x22ecf2bed494976503a8087add30e134c30fbd98,Unlabeled
0x3d8c1f4e1d60664b44ca13d392cc7c4f9aa89b0a,Unlabeled
0x29e42a049b7d0a90eda0bb27befa669a7a0bab77,Unlabeled
0xe92a8783a377708437cbfa11f01e47af7924bff7,Unlabeled
0xf9013c80fc092e1cf77d5ee1cdb85febfb44fdd9,Unlabeled
0x7aaa0cee57b42debf8cf48a541d19376ec746d1e,Unlabeled
0xa827434ee2ab93c4f1de612559ead3fd6c9d9c0f,Unlabeled
0x43a95173d160cd839d8192c8d355553b97ea8923,Unlabeled
0x29420db52aa14f02557d08e2cee2d3fe3e80cbea,Unlabeled
0x438dc92c623de64ed7412797c9ac52947f8d1570,Unlabeled
0xbd8874c47b63dc6e46a4e1b7c2bf87454ee5aaa7,Unlabeled
0xe455c91d8fb419dfceb041f02294334d24d9ca94,Unlabeled
0xf9a708edc69fe2a15d3a495d7791a4eaae359c04,Unlabeled
0xf3e15ec0fb95d78cae5050bf9509e231e417b41c,Unlabeled
0xdd180fdf7dc62966e12719085b74fed216c1eef2,Unlabeled
0xa818501237da14b59e79ac9897d263e7f17d063a,Unlabeled
0xaea058e16afbeaef6130561cf48379cba16eed58,Unlabeled
0xce68b4fb6a961176aa658e850aa87a7eff050eb4,Unlabeled
0xa58ae0b75a65f949707816a31cc9f8d94a5b9d1e,Unlabeled
0x697c1316772bfc993073fd35490f772f1c951632,Unlabeled
0x6902367704c49cca5113aed606c7735233d5f01c,Unlabeled
0x88935a59837b132fe556e9f188483051d1def526,Unlabeled
0xc882b111a75c0c657fc507c04fbfcd2cc984f071,Other-labeled
0x8a908355d5b3381bb62735a32599633cdf3eebe6,Unlabeled
0x89c3f0819de4447b52c5295b284095b68b3cae79,Unlabeled
0x5eceb179b5804dc7e74c9b2364e162c4c63df8fe,Unlabeled
0x00b7d5cec8d8304c416937a6ba4ed8d5c21187d9,Unlabeled
0x917876ff0b10f394f8ef61e2694f495be66fd9cd,Unlabeled
0x706d37ee16872bdec2c653880b78a4bc432c02f7,Unlabeled
0xb94e8a9a926e48ca9b53b79a9633dc78ff71903a,Unlabeled
0x98f1b868c6c0f0b0b87c006bc9a2709a0a0137fc,Unlabeled
0x660a23d92601bc395beec4a4cbd7b79c6f60a368,Unlabeled
0xb09cd60ad551ce7ff6bc97458b483a8d50489ee7,Unlabeled
0x367993a75de3b5719dd03237415cb89e7735214e,Unlabeled
0xdca57ca9fb15a6a59bd56df7e79a6092910d55f5,Unlabeled
0x17188c9458327d10b5945d280cd229b17f545337,Unlabeled
0xb1fefe2ac28ffd13149501d2ae17e62fb60ca0a9,Unlabeled
0xdd7fe40df54674f31a0bb5180e065ff5218d85a1,Unlabeled
0xf97460bbc7065b8ea6202d511ef2a9bec36e556e,Unlabeled
0xcde46a486e5d4c79a5399f4955787535f43167b6,Unlabeled
0x6b67219fced2fa5eaf99e9ae03997baec624c15b,Unlabeled
0x6a9eeb597a2ee0ae12aa8869ab55f27cbe169f2c,Unlabeled
0xa4502a03370282df2c856b4e4bec0ff4ffd5a703,Unlabeled
0x8ec6788e82e16af67211de091ab690975472ce26,Unlabeled
0xeeaedf9e846008de84886d13e9082a9ae2edb464,Unlabeled
0xfddc2a8da24c7193ddcb14c8a6df1985b9fd20fc,Unlabeled
0x445fb69ea3c60d282e52b7336b82fbee8cfebd97,Unlabeled
0xcc673410273c2f012b8c9c177b911c69462e2b91,Unlabeled
0x2c2ceaecb6bb66de5625e3913b9dee4735d72b3d,Unlabeled
0x43e84955cd890c8feddb439de2ad2f1a50f2a9c9,Unlabeled
0x72ec864beb56904f188e837e0efc529630b1b0ed,Unlabeled
0x7700caf2fa58c7673bbd5625859702e6e39c6f93,Unlabeled
0xdd36ea2f799ece73069019a70eb6670a18372942,Unlabeled
0xdd51955e50d2a02df95186659408b1172108b3ef,Unlabeled
0x9050267298f226e3460fdd0e1d20fda45d7e6d2a,Unlabeled
0x38e1882e87a6682a6ee7a5cb49d8e7888c4c2470,Unlabeled
0x48d32789c295a6ad842c6ad76fddd41258f59539,Unlabeled
0xbac170d6c108731d591f4afec19408f48decabf8,Unlabeled
0x088e38079cb3505190b255012d2e43f9d5ce63bc,Unlabeled
0xa093b22db74016f108dbaca6ebfd332c03cdad60,Unlabeled
0x684589f86747b32efb0f4aae8068b06230be47e2,Unlabeled
0x71d3f6d8f0db270b8f3d401c3bc9ddc4661ddaa4,Unlabeled
0x2a773c6c3b8f3f4680a1fa0731f66de25b25935f,Unlabeled
0x235e421d94276267e1c3a2a5cdd55b89b7819207,Unlabeled
0xa5ac1c2470b8c6827ddbdfb690519e1b38f903ad,Unlabeled
0x71d0ac245a55d183c8deeaaa94b86312ed379bfd,Unlabeled
0x256455b367f1dd4438aa53cdbfd40782a2ced64e,Unlabeled
0xd95f924640a93c8c3570d2bdb864d3f154f1ebb0,Unlabeled
0x461dd5c831b143857375afee447ae6cf68d83666,Unlabeled
0xec8f734341f9aae785ac810faacaa6a69261dd39,Unlabeled
0x39e77f86c1b1f3fbab362a82b49d2e86c09659b4,Unlabeled
0xb67e39bf9306728d326f7c560159974208748c87,Unlabeled
0xa28c70f92a1b2513edcddd29c2e5195a4b785ab2,Unlabeled
0xe61dd4f7a4cba4412e35e84be3e2f1b0f200704a,Unlabeled
0x2b62f0e7ad8d5a771d47c8bd7ed874c5864b7f38,Unlabeled
0x3f6555b81cd29f14485d35838f4b79c1cf4db51c,Unlabeled
0x0faeb60e1b406c2f84454f169a2512a5792e1aa8,Unlabeled
0xa3ce8622ec05e4538770919ed23523edc2224fdb,Unlabeled
0x3f105c4640019315ee9e32c9892c0cd1d4ff61c8,Unlabeled
0x66eb03906144d6871ddc29f9c762a142df99e14e,Unlabeled
0x24dc43d37852e8008a9934c519bb7483dee70cbe,Unlabeled
0xe3807e9c7f4d938a6d777e1b494c795e7001446e,Unlabeled
0xfe6184681043a858341b9a5dae03e7fca08d554e,Unlabeled
0xc6a62b164542b538e171bd2387e224be56684c72,Unlabeled
0x92d7768adc68aa860e3071d7837a51ddbadfb0d0,Unlabeled
0xa4531aba9c8a2d34ff663d315347856b2a0bdad4,Unlabeled
0xb4d44660d47d6acd276fcdc64d29d064a66a7d90,Unlabeled
0x2c3783f66e527abf18765a586ab2955608d53936,Unlabeled
0x6478998f90bf70bf2b058c9e1c371b60f321b654,Unlabeled
0x040d385eb72c6dbf7bfc84673b5fca2489d00f3f,Unlabeled
0x60b240494dbee9bce92da93f09e0c70a00444ecb,Unlabeled
0x38b173844110ec172edf098f6d1f5cf67953f20a,Unlabeled
0xf5c7614dc59f917c65f1f18595ac188ca30b2839,Unlabeled
0xa5f388d5d3d4e6fb54fe5350b88ed6778e6fcd82,Unlabeled
0xb1ba17c56212e036caec2e522e66003d1aad103a,Unlabeled
0x99a6b5ec58b5893f368c53e87b86553a43a9bee7,Unlabeled
0xbbaa69a6eec37a162740816eea1df8c317177551,Unlabeled
0xf7a2f21e0ffd77b91af7b9897a0121c576782408,Unlabeled
0x620b32207da5ed0a7be0c303f0bf1f05e3bb1237,Unlabeled
0x7379a58ef11025540755af7226c019fa6274cacd,Unlabeled
0x8f962e3f1bfe94bee41ab57accc7b787e4c6ec27,Unlabeled
0x7663e9f25d7b99016bbfcf805aab1a9001cdf54a,Unlabeled
0x6f3dac0fd740e1daa0272d5eda18b1b22951d149,Unlabeled
0x939bbe5634cc9ab18660297d0fa27d11cc29e1e5,Unlabeled
0xbc5340e009102e99bd0ab5b5b9272b9ec6f139ed,Unlabeled
0xd6f55179cc6a3ba1c8da66660619d560d2423550,Unlabeled
0xc5b7dd0ed11e45717e3039aefb24a18d0f3febd3,Unlabeled
0xd07c56313b1121d3ac23bac1ed613ba9bdd372b7,Unlabeled
0x921a2eca9cf93fec2e273d37d14742c0031a2b2f,Unlabeled
0x2d71b0f2b1bed3f628b5dae82b7ce7caa6863985,Unlabeled
0x7709695a5b880a279ecde61e218880b36cee736c,Unlabeled
0xcbe236d0b58112c9255553c9e5abfe5ff9b8eaf8,Unlabeled
0xfabc88f604a25f177e2ca284256f2bccb84fd9c2,Unlabeled
0xcf419aa9fad7c1b7e0866671169df4267f2516d2,Unlabeled
0x77b19b39eee5777168243c4c59b11708e24ec1cb,Unlabeled
0xdb6c1dc7e006fdb55934462a4ed03e28daaa41cd,Unlabeled
0xf389a602da05a70602302db80284658b78c4119c,Unlabeled
0x32faea1616847875803b382ae5e8eed694f53621,Unlabeled
0xe472f1eb240e6f3f9d834228b114374f822e34c0,Unlabeled
0x43dfc508a7040eaffdc7668aacff562003b04711,Unlabeled
0x0eaf217af258351599a2b4d1a61924be1e5cca32,Unlabeled
0xb6b256ba97342f0b76532833082a6b236539d276,Unlabeled
0xef6af8b8d0affc089289b3dd956c39cfa57e883f,Unlabeled
0xfd6bda67d6f9d38fa6638a6cecd2a09361b31baa,Unlabeled
0x6d0dd54a2cdec8de20fbf5a356e82f00fc7fdea5,Unlabeled
0xf17ca2a2ea23bc41946036f1210c65f17a617bdc,Unlabeled
0x96bc9c65f0eb8b85a51c40c8fd972d0ef876603a,Unlabeled
0xbf1b85aebd6c5eac34f314917988bba18387bdcf,Unlabeled
0xa4e47b0a426aa0ebd8ad55edabdc33220c2556f6,Unlabeled
0x871746d6a6c701d3b22bdb117aad42ded9ecb607,Unlabeled
0xd0fe229bb21ee095c9c5a83c0b60368faf3a6a57,Unlabeled
0xeb404ec53033eba4f59b2162389f770f5216e18c,Unlabeled
0xb6a3638f6d0ef594e509d6234cb8fae9378fcb06,Unlabeled
0xa36349ce8741304713e6fb9bb03d594e90a8edc8,Unlabeled
0x184d7905ead3bf41da15b5cee2d0c722d6174aa2,Unlabeled
0x2aca1241a8c2f032ecef0c23587a14fd3a75d9f8,Unlabeled
0x8e344689dbb6fb2b56acc69d3284a449b4bd4170,Unlabeled
0x611bbc2a116ca193dd065d82d5311b71033a8741,Unlabeled
0x554cf7b5e350f3899629583f0afe917dee6dfa0e,Unlabeled
0xbe65fa2e12e92724b66e07a624e9ea6c8ad88ccb,Unlabeled
0xf1c4a41cc24cae328109eba2175014c27728fe80,Unlabeled
0x747fcdc6696f963dda2a2b83693238f4d4f6310e,Unlabeled
0x893e04dfa518690e00de512ccc1d8254be73f5ef,Unlabeled
0x090d4613473dee047c3f2706764f49e0821d256e,Unlabeled
0xc8600089e49223c0119d23abcbaa6530bc4fad43,Unlabeled
0x1fddcc792b6338ff72e81601c3fa6909d4c42843,Unlabeled
0x7e566a7446c6c1423af11fe1a7dff555f61ae57f,Unlabeled
0x127064f25837d11a89bd2ce017adf459cf6ba303,Unlabeled
0xc6c889ca9ab19bda8ea9429ee1ce6bccc7002103,Unlabeled
0x2229ae06a149e4c4554122e57471a1049d1cfbce,Unlabeled
0xe7e25c68521b5975a0eb9ae502580f8ea31fbd0e,Unlabeled
0xf19b7db0ff5c1f5835a54200e1f529efbee852bf,Unlabeled
0xf60029ba58320fb8524afa5a46103470e86d1f25,Unlabeled
0x0322eda5367779282603ff61021a57b28ed02bd4,Unlabeled
0x02b62e50d53c14c249d78bcb4372c3580aa289f4,Unlabeled
0xacc74cfaa8ad730194c1828cc179c78d5c08200e,Unlabeled
0x089b09cf07c36c472ef1a6a9d092481cb96ca62e,Unlabeled
0x3ba883f5b8916b6f30142f693a57f17319fea3e7,Unlabeled
0x49f4ff444a25c62013237e14cea72bcb71d9ebf2,Unlabeled
0xe37470f3fc01a4bd66746cf3fb2e2113bcfec8cf,Unlabeled
0x365356bc8490fd111771de423bdc6a93294ab037,Unlabeled
0x8131ecc2d2332a62a739b10a85d955550dfa1ab7,Unlabeled
0xa71dba6f096a0958e0172eabe63756ad40bd12a0,Unlabeled
0xd34eccaf180a75b56ce98d0c414d3fc03a820f58,Unlabeled
0xcae34c836073b9984c97ae82f386aedc86898041,Unlabeled
0xd91a5a835c1d6b8e7477b79f0f3339fdae074164,Unlabeled
0x99c95eff6d8a891e675852265b993bf3d6cb5201,Unlabeled
0xb84e5e0b603ed032da6d9169387ded6ef9338a26,Unlabeled
0x2bb4e91a88b750919d19c6a6a31df3e6a106f641,Unlabeled
0x14c16675740f2e1a7ddb24ca82a091dadcf1bdb7,Unlabeled
0xa2f30e440ae0462b1fd000b9cd5d76ad96ecefe2,Unlabeled
0xade75520049e0f0c774b714a890d3b7679fd16b8,Unlabeled
0xcf1ef3c6464eb27507cd10231336f6dc7c8a80ef,Unlabeled
0xec7e3b2157bdc8a5998fafc7ba7679bcc89339b1,Unlabeled
0xcf360f635069d8b8cc170d13db397e12f4d7fa84,Unlabeled
0x416f55898f15a297d6f133bb34c78e475d7fa2e7,Unlabeled
0x458912290ab19b41c13b1a3a0f0a1b7a86e73bcd,Unlabeled
0x465fc4558a2817f57a3096a22b674f5e41e49ca2,Unlabeled
0x43510b1e5d55d665d30ca391f908252b39cd6bd0,Unlabeled
0x39b2697aeae0a5f5e7db5c900475a2b6cbcb02f2,Unlabeled
0xdae11b6482dae11e39288fb5e68720d3431d7987,Unlabeled
0x6321c4ef59ced284ec869373c6fdbb5c6b4e4015,Unlabeled
0xb8e9f5c98bc0c699e486469363b1b3983e30d9cc,Unlabeled
0xbc49b34e4d95103c887ca2deec1ac2e197d36dbf,Unlabeled
0x84b56f61c011eb2b7a2fdf2436d4d8f2384c06da,Unlabeled
0xec69d26180577384bd05bc0b19e3b577e5ba54bb,Unlabeled
0x078c92f1255b0570fe775a123927e79e4786c870,Unlabeled
0x202de1823ee8b11f2bc1926b786c70d2acc1fbfc,Unlabeled
0x700bb493aa82a1877e30fdd3bbbf3a31b0a9470c,Unlabeled
0x6e4befdded3a0a74a1abc4ba4aa82ce1be8877ec,Unlabeled
0x967970420e0bbbc0dc00d9f5906bdef2c4c8caec,Unlabeled
0x98891f4ebc55d95575f98395e6f0e5137e5a2d50,Unlabeled
0x1e35b6cce501e55b3c5f6459af33c67b5976644d,Unlabeled
0x11df1a3e5b43abb7de6e771391b4edab9743fa93,Unlabeled
0xc1d7ed1e9e00366d67f92868af59797996e4c593,Unlabeled
0x32e7934154bc984afa301b0de1355fca63948a02,Unlabeled
0xe623269305da578b0a7eee3c8dfa660237612300,Unlabeled
0x6fef1952f7dd1b5d417dd0bba1c540cc22cd2c3a,Unlabeled
0x30e2a33b32c20e979d779f165f1061071d8f056c,Unlabeled
0x7b6a91bfd83887b3064a4bdfd9427f9b64de3512,Unlabeled
0xe0787a20ad05b1cc83a4bc6872154098bc7571dc,Unlabeled
0x4659362bb53d0d7c97c136753ba512dadfe2467b,Unlabeled
0x8af79ae3ec779c608c73aa044c782b1315048087,Unlabeled
0x8f1114f4691a4a7a72191638c3b0d560c37c194b,Unlabeled
0xfc5b83b5a5162b93793fc6c6d875d7143eeb463b,Unlabeled
0x58bca7173e714fe08890f07939b4de5eb01f7091,Unlabeled
0x7c764f0b10843aafcab11f19c6a839e51cf77222,Unlabeled
0xfd02e973ea93f3e7f1a8b5f6c7390769332ce9d8,Unlabeled
0x383b01418ee627a623885da6c8c8a8ba05338705,Unlabeled
0xc7f419c577e9d2a84b7bad3b5f7f27846fb672e5,Unlabeled
0x40143de906a51aa7a611d1e2b7079423ecf49d30,Unlabeled
0xf2ea919ed8d8544452a7f24240d95f90d1f52f3b,Unlabeled
0xda2f6e88f1a6941b7eb9b781dd2bad80841f31b8,Unlabeled
0xbe00f49c98bf2aaa8f3e5c086cc06a84008166f4,Unlabeled
0x94784cf01b5a3c7b1b5d85aff32fa3b81e9115d1,Unlabeled
0x2aa4ddd4eca6e19f00b40094b0cccaa3c4aca23d,Unlabeled
0xf8781bd5671360e6fce1530fbb20a3c6181e4508,Unlabeled
0x1dd9eef96646ad40d58da28d1878e7f223d5e8ba,Unlabeled
0x03e458bfb3801c4384be325c9f14cd22a63b8299,Unlabeled
0x103e51d5d516fa3d1405c47facce3f3116cdce8e,Unlabeled
0x36f552917a771cc57bb721fc9a2125bb0d306cb4,Unlabeled
0x0ad82809168be581d1e708457b4a45b0bb311632,Unlabeled
0xdbe915c6576c0de9986470cbce1dc9b8b1af8617,Unlabeled
0x93c9ac925309be5489b4739f3fed50f2ea1d4dd1,Unlabeled
0x28cc0ce0a276e70ab9ebf2078df415e85540841f,Unlabeled
0xd8e47fb865050a0898a9b775332267ccbfbeac03,Unlabeled
0xce63e10b08feabf95b7bf00f218f28ea3dbe3b2c,Unlabeled
0xbf98b5538fb45a0d3fa8b356e8d0662b61b1fdfe,Unlabeled
0xd09e06cc2f2fb51aab6ff6663bb7a5682bf372ac,Unlabeled
0xfbfd3bc107622e23fed808a29047b74237d8cb23,Unlabeled
0x3d59faeed7a3642b71d360c95053b957833dc596,Unlabeled
0x20aeb6d3bda03256135b6bb79b375e63888c55b5,Unlabeled
0x1bc86fab981b369296dad859051b87a38dc29058,Unlabeled
0x63945b88153f2d089c222e0a477882288ee512fe,Unlabeled
0xad389b9caa1820ede6703c499c59bc0a503f754e,Unlabeled
0x5c0bdf8c4258ccfc4b68093d3708efaf169fd479,Unlabeled
0xe49eab34a5843f7bdf73244d276604c44c3da240,Unlabeled
0xf4f9eaf5f7a20aa5eb04bacce56eabee80ebb0f0,Unlabeled
0x93ddba4845f712e3c2e9c8103e184d23e8d2acc6,Unlabeled
0x7cc8f9327803c6bab222fbf401c43af267606df8,Unlabeled
0x63de186a013dec5270f851a6138f2bce7c261842,Unlabeled
0xdf22fcbc1b5f6ca60b6c51bf3c18647146e77c4d,Unlabeled
0xe2ea8ef33fd09bf4e004587db6c65f8a68f586a3,Unlabeled
0xe2aa32de0edca59e0d27317a60ec70734d88bfc7,Unlabeled
0x0270ce9d9c8ae0bfb6333d216efed90042b877d6,Unlabeled
0xfeb06b8a7f833ac00dc93b783680be3aa6324787,Unlabeled
0x1b14376ee2d46ae5c27a43d902d96d4f3f264b83,Unlabeled
0xf5b4d77309de9be561ee1cd5bed88e9fcbd35075,Unlabeled
0xab4f2fdca7521012edfee6e916778c6dae719bd3,Unlabeled
0x0e25acd46042810880c1825f83f73720b70d2bb3,Unlabeled
0xde2710983a40aa94096a6a0f3eb0d56ec0bbd8bd,Unlabeled
0xbabd1ae8100ea9e3ab74e92a7c254839dce28f08,Unlabeled
0xb5aa9c0a58f2c49d848e66de9fbf999d7459c6bc,Unlabeled
0xd8e07b69f1ab582a6585a2a948e34066685ee861,Unlabeled
0x06e5c88808883ed56e3c2b5d944b0e06f4ff4119,Unlabeled
0xf28ad4eae9e360f059a4b4927d3a63219e836a6f,Unlabeled
0xb54c6b7be27b8bab2b6c4f7d404667e2f56efb0c,Unlabeled
0x129d9296f9184017095f389fc86e7bd8ebb5e604,Unlabeled
0x0f7ae28de1c8532170ad4ee566b5801485c13a0e,Unlabeled
0x6f728162fbee8b9c05764a019919cb0da0f68f68,Unlabeled
0xb898424a7c637a40549a85a204893aab24835745,Unlabeled
0xc9ddef971cc07e17e7b8423fe0c21f7570020bd8,Unlabeled
0x16a0b2eac601ca516599960268ca65210f860f45,Unlabeled
0xc7dcb21d81b229e758b7c3bd590795e165089e4b,Unlabeled
0xa8e2da06a9474befa9e4dddb877b94fbe9899401,Unlabeled
0x68e5b0cc445644e9bfd96fd9754bfcc43cad0ebc,Unlabeled
0xd559e90b041ac7b45dfbbe1f85c57d813ba6774d,Unlabeled
0xabef73b3e29797c4a931303d15002d5b7188ea70,Unlabeled
0xf69b0ab67f088327f02ea85a93216a06d881b281,Unlabeled
0xb714c247dd47695fb58d1ae4d20cbaac8be55976,Unlabeled
0x07e2f81c9bafe532374e3124d67be5f77748f554,Unlabeled
0x2b75067792059c6ac98088e40206ba18ba1f8251,Unlabeled
0xad7363dedbe4aeac82c709b29d3d23bdd240a62f,Unlabeled
0xc49bfe6c416c5f3c8639bfbb92eeaab4612392cb,Unlabeled
0xf7f7cdc05c2e114601e4f0d7dbd319942fa32638,Unlabeled
0x6e39667c72f5e5b151727ea9af31c6bf3e02f4c1,Unlabeled
0xe3d3a1e42bb89555c8edec09f9ece74310260458,Unlabeled
0xf24e4b351abcc6485c7cde8a9793f0f7e539c2fb,Unlabeled
0xa57eae599e15e04a557f184bd086f0e2eb5acf29,Unlabeled
0xb714a828100f162ef036f2a49b081d508d54299a,Unlabeled
0x53a1f685d66c14962e7ebbc58e5f30b17b0c06df,Unlabeled
0x4e181c2b4ae4ce34f777f7449761e3399a5a4664,Unlabeled
0xf4853a0aa2b7acc4370fd37092fdbf4cf4a54d9e,Unlabeled
0x107f87bc41d80d48e4c470228ed91de1c86871ca,Unlabeled
0xa61b434d5245079ab27125f45b43ef6172a2398f,Unlabeled
0x96913f97d4e672501e467b6ee6d0f9c098f5e700,Unlabeled
0xfa06f5ed752fedde7c0530b582c2dcd540f0f440,Unlabeled
0x3a6516761d778e661a5c23c12b60fde6a9367d07,Unlabeled
0x8edf5813e385eaaa38723baf0c1657cf41f3b676,Unlabeled
0xaf8ec62a044cd298465079a4f9213c9321460c29,DEX
0xa39acba9d8a07226d97e2fe1cbec1e4093206557,Unlabeled
0xf1b845b03330cb895a08facc11ca36ba41250d47,Unlabeled
0x879136b7b54deef1dffcc02cf1a66d0412ddf0e6,Unlabeled
0x90b47387e56b002e5761d03e75c4339950713d67,Unlabeled
0xf978778ce55cee6e88f123138a442c099c90cd60,Unlabeled
0x84102936e13244a60259e3e5cc5efa445ec13a34,Unlabeled
0xf3554bf6cbdc6c8eaa51feb842eb1b6ce8d76d34,Unlabeled
0x8ae2e35db4d9c4d36b354273908f2650c6ea63c7,Unlabeled
0xd1be6319bea91090e0a6338a3c76d63f2d9c6337,Unlabeled
0xee4044b240731e7f3f43cb8793d7f86a0d013ace,Unlabeled
0xf34fcaf0722cdc1f3a9c9fcb12ffe5db64f8644f,Unlabeled
0x8841e7864fd49ddf0b3ccfe32ae8d108f46a2384,Unlabeled
0x9770ec656d3ebbe94d52f90e8569cb26831809c4,Unlabeled
0xac88eaf7ae7ecee8af6ad9998e810f0895e5fc5b,Unlabeled
0x69b1212c12af8852d31089f85130c9a77c99c305,Unlabeled
0xbe963450ebe63cff4bf80c7de6ef5dda409b691b,Unlabeled
0xdbfec840f5fcfb423acebf44a50deb3c2043374a,Unlabeled
0xad6d244d082accb164d55a79bf9b6d96f83554a2,Unlabeled
0xf3a41a590a860b22765b884dc9d40d0d60f105fe,Unlabeled
0x767d34ea39eec51727cb0b116b547becc22a8dd1,Unlabeled
0xe3031c1bfaa7825813c562cbdcc69d96fcad2087,Other-labeled
0x74c302195ee3992501081f92bf7d0dafb291c487,Unlabeled
0xffbc3405b3fbd8074c1739187ca0722ee35684ca,Unlabeled
0x27644f0d9f84ce6da18aa639b249dae02ca26c46,Unlabeled
0xd7af2273baf8f4e3e627aad7fa7c8cf4e498822a,Unlabeled
0x491e778478456c1185f29d394c4d972f1c1ae196,Unlabeled
0xdf63804f062a8261d95822c0862bdf4fae9b5203,Unlabeled
0xa07cacfab73b6721e2def6d94cce0197ed034506,Unlabeled
0xcf3b29b469cb0fa4f98118e2e3d8dc874ba47753,Unlabeled
0xf9036a3fbc2221a4fba81b762e9d0ed7e1ec6b6c,Unlabeled
0x60808899f9f1ceee16ff22bd52e27e253cdba7d6,Unlabeled
0x358b0601cacb211235d0c850e4f0d54951f8dd58,Unlabeled
0x20bfca1f19da766b68ba7788d70d28dccc3ff898,Unlabeled
0x91c0b7bdf9be8634ac30645ae9cd623db66757c2,Unlabeled
0x9ea2fb84c5327efbb5145f513e156ad28c6a6c45,Unlabeled
0x17911f94f6d592e7bcbc583966a0051dda81ec2a,Unlabeled
0xba919478436537b6c65a67310fc0e4256f5310b7,Unlabeled
0x1b68173587db172a99fda07d573c0b0ce66786fe,Unlabeled
0xcc8a10cbcc83a8341c04b2b54edcfae143c2d045,Unlabeled
0x151a83216bd1470f9b483b08eacb8830ee9d1731,Unlabeled
0xf3a0c3d9a67c8d0dd24b8480230b54e0cc01ed6e,Unlabeled
0x741704b9a2d537da67197512c64400e63ac825f8,Unlabeled
0xcdf78127d8fc497870cf78e56642e3bae5703e6c,Unlabeled
0x0e33a046200a0ff7f9ba027406e2977b334b71bf,Unlabeled
0x3092c89b545e38b47d36ff7bd298ebae735ed637,Unlabeled
0x5a92be0ff27dd115c63bc0d6a2642e07465169c8,Unlabeled
0xffe00150d16b65c25e3608236f98d27f07f6718e,Unlabeled
0xf2853b56a381b4409e0f75e6b625e294cc4cbf0c,Unlabeled
0x89b2168a66d55ec3f02d15156a954859073a0459,Unlabeled
0xfbeb78a723b8087fd2ea7ef1afec93d35e8bed42,Other-labeled
0x84b57f900cea6e5aea058aff0bf7023e999506da,Unlabeled
0xccfa5120458b19f97d3e2374d84b19c8e360e881,Unlabeled
0x008517161c2db5ede128a22f3f444a17d8e61cce,Unlabeled
0x2ba55302a7b0e6ca57ae377d168305840ff17a1c,Unlabeled
0xea2fd1ba85c07d6a94fd814d8e5cbf2288f0639e,Unlabeled
0x0994e6337a6c69c3ef4c2e2de885c22c4f0cf5b4,Unlabeled
0x561a224d00f00cf8849701e75ee9c9d5e789e93e,Unlabeled
0x6e3668fd5d8bf4bb15d8f4bab657c315d868850f,Unlabeled
0x74367e6c1216356033139af52b5633bcf54fd145,Unlabeled
0x2af664e980275d537aaf7704590b4cebfd72969c,Unlabeled
0x7bc6c7ce7eacd2153e489a0076ac83114481bea5,Unlabeled
0x1f9bed3558d820496854b5b2cffc1538de46e7e2,Unlabeled
0x8509a5e47447653f9556227e12c464c3a98bbe3b,Unlabeled
0xd969cf7d70a4bc51e5695ef5c6255aad050aa5f6,Unlabeled
0xca2156a692054dde0de9d4bf9a6dbc1164a0eadd,Unlabeled
0xfc913d49500ec8ac45cb5d8a90024549b3fac262,Unlabeled
0xb3e7cb2c70fe55639e09b034913ab21a5ab5ab45,Unlabeled
0x5108b22204f214352ad500719344e1c865b1dbdb,Unlabeled
0x2d994f6bcb8165eee9e711af3ea9e92863e35a7a,Unlabeled
0x390e2203c78baf19c8e9c2580cee50d63fc60b45,Unlabeled
0xae718159d5ee8ab404626eb991255266fd226ea7,Unlabeled
0xb0d3a957762ffd10cbcce31e0a30abda3db2f3ac,Unlabeled
0xeac6a75e19beb1283352d24c0311de865a867dab,Unlabeled
0x13af6c60a7343c229a4b25a4c5e7efb0c7b1a117,Unlabeled
0x19821eacd6ec6aeea3f6d7dec80eb7f5ced948a1,Unlabeled
0x154f6b9249fa8a77dcf2cb22972dc27414802968,Unlabeled
0xdc1f1b10f814d1c13746fd622af25e079acf5f99,Unlabeled
0x31e19636159515a42dcbb9c48ffa30b256f10811,Unlabeled
0xf624056e1b2094571c9673ca1d740a370f571cfb,Unlabeled
0x4d9650d0a4905dc303aa320539a8aff0bc4aec1a,Unlabeled
0xea6d856ef909e18e0ca05b3cd0ba2f18c5e214a3,Unlabeled
0x3f728688dc1c61820de1ac94d6347eeb34d8200e,Unlabeled
0x32df7115e17488e237ec2df895d42dd050d77831,Unlabeled
0xfca34b6cb45af6a3c278e069e7e859506cb50dff,Unlabeled
0x20d6b05608555bfe5b7897056986ca99a7dbc737,Unlabeled
0x7d30fe4dca306d0c8fe9e08a995a13bda24c0c6e,Unlabeled
0x9bf3bd2a75b6ae280673057b5e8c57cdc0c37336,Unlabeled
0xc4468284845b19ffff3bd91e10c051c6d0cf201e,Unlabeled
0x2916d6a8d12fe87b2eaaf63b5a29f18ab08434c3,Unlabeled
0xa7d5ad6264457ee6ecfeaeb32fa28a7ac7115baf,Unlabeled
0x675dfc955856f0bba9fdd101a52c462387253645,Unlabeled
0x7e2086371be6e3629df7f00cdd2b6024b926374b,Unlabeled
0x5c93c5183160b0caa5ee58c9f3361514b20a746b,Unlabeled
0xc1cfdd71b22bb478e98ca92c5c6abd2108e96006,Unlabeled
0xfcf56316c0c698559f21efad2f528852f2bc9d4b,Unlabeled
0x481947705fa3b56c7cfe912c1d14178ced3df433,Unlabeled
0x0594ce7d5fe391c05be1e8b70e6e59d0315e20b2,Unlabeled
0x09eaa9257fc8914ab87213d8463a8ccd98e29196,Unlabeled
0x69b336945c69e5d2a6a9c3d607c0e5bc3101b83c,Unlabeled
0x2cf73796be4613151a05a90bd4625225c8198c9c,Unlabeled
0x08d2e418b82e6349ac8927edc745568274fa3613,Unlabeled
0x183c5392866cd79c255b5ae2b383daba041e9de2,Unlabeled
0x47f94836786ac8bdb901886464230d5de805f984,Unlabeled
0x39d1042c61a770f459295ce4adbcb1b552434770,Unlabeled
0x02edc730cf563452300a87449b94dcd60b98002d,Unlabeled
0x495ce96c478d21d27189d3a9d8f5280daa471a9a,Unlabeled
0xb206bb89ffdc8d6f48b89275a44452e8594fe4cf,Unlabeled
0x6c1a86ada81a1da9ab234d804de7fdda1df5571c,Unlabeled
0xa8e73a289666d4ca7d16e35e9523f4c249e9f131,Unlabeled
0x18703d49f7559605d46e4a8911c922afcfe42386,Unlabeled
0x8d1f7009fb693e1296f0d3d31f2ead61f3c2feca,Unlabeled
0x0f8aecf9e3725872402da635ac72dba101fdb733,Unlabeled
0x66c72c1e41f36c96e023e23feb0cacb41f82e164,Unlabeled
0x9063e1a6dd076899f6a0057475e8614e17536f59,Unlabeled
0xe87a6075e59f3b14f45fec22ae26f1de452ccd0d,Unlabeled
0x51062f115d443350dfea441b1b4c4bcd07fc2329,Unlabeled
0xfa7b8ac99718da9c32bb81672d61de653174f7da,Unlabeled
0x4b32585e92cec334929c136a4a20733036b7144b,Unlabeled
0xa971dac0677887b4bc1ea90b05bc24133dee70b9,Unlabeled
0x9671b4e6de7a85a45eb603dafbd53a92800b0ba9,Unlabeled
0xa8ffd2c21c390e8a3939bfa389aab5963cf597a7,Unlabeled
0xb06536c1474a08636ddcf0ab54223c0e60e80ed3,Unlabeled
0x1467bab3230e5dc57bc8c92e69978994ce5b8eab,Unlabeled
0xc377751fecdf8d4c934aeb739d85bcd1941258df,Unlabeled
0x9d33b75973bbdf98af3f0afc98e3813460b427be,Unlabeled
0x230faabbfa9a914b9dacac9c22817cb2d9590a33,Unlabeled
0x4ee0ae0cbd022a9df0d0ec20ec1ec9fe068998a6,Unlabeled
0xea7e51421bef7772d136bf23f076a076db7eeb0a,Unlabeled
0xe48bf98e0cb2419ffa56eab0be96a8b04fd145e5,Unlabeled
0x29b4698098fbabec92dc301e5abf765a3b82adcc,Unlabeled
0x0ef7bde6ef04dd907002691ef608c03fefc293e8,Unlabeled
0x5e0f8e7337c8955d2124b8e85ca74af884b3e124,Unlabeled
0xdade8460bd1bd68e7c57288eb79b218b1a22b52c,Unlabeled
0x9f6f0ae223342f2dcf19f942060224e2ca98d986,Unlabeled
0x143e339a977148bb34b1b75300c646bbf7f87ec4,Unlabeled
0xb12ddecb601321184c345d1576d0f84098ad3895,Unlabeled
0xbab51d6eead98dd44c92040f6920cf44d7b24d43,Unlabeled
0xf56e689ec3467f321b6d35f62bf7954d2d42e33d,Unlabeled
0x27b978f64e91b71ada4c0198071f0741f1d4172e,Unlabeled
0x2fc68e62b7b3cf2822d98978aa58a171f21b0668,Unlabeled
0x98ebe7f3efbc05901e34241e68edc62d7d6fb970,Unlabeled
0x472ba0a82402d1fd79b227657f77ee5cea7ed7f2,Unlabeled
0x0ada3111b866ff1ad0477f0c5d2e8ed35a36eb5b,Unlabeled
0x6d3b3827523f6cb7c6153bed53cf7e1b02d3bc52,Unlabeled
0xb1e0b1887b371ff1f446eed1ed0ba1727218cbdc,Unlabeled
0x00ca56596bcd10096505b84e00cb716eccdb059f,Unlabeled
0x55cdb08d24d35d44f8b4fa5dd0c78f9880390d3f,Unlabeled
0x33e11ba0063e8e56de080dfc2945b690303ea40d,Unlabeled
0x94371dfaedd43040395ad10efe1e3de3023d0793,Unlabeled
0x8ceb834fd531d560f54a5f8ef8fd9c346933b4d6,Unlabeled
0xa4e4a7ec178c9b9ef9b41205cdcebb8407bd56f6,Unlabeled
0x2eece309c0c0794188d5f4b228bb783cc0438315,Unlabeled
0x9a5345833001c92dfca1fdd8223aa7e12bfc562f,Unlabeled
0x6432a9dff86d74b3a80026f41dc8d89589a2b429,Unlabeled
0x13d34d5c6ebef629fa305d10f7c00fa2bb3b6b43,Unlabeled
0xee9ce3d05714543a5862f001195a377fc811b303,Unlabeled
0xe9d952cfe27ce526a476d132a26b2e875858f42f,Unlabeled
0xcdd0203963339cf4f4b2b865f8845756e9d82e82,Unlabeled
0xf30ca446b32d4c7f40d1d44ce3d66d626425005b,Unlabeled
0x1c793e2a88d4f26887a55fb5b3c3a305171a12a9,Unlabeled
0x30513626d759e320beec2d650cd0a424a54a86fe,Unlabeled
0x8884dce9c85ed879185a43756ba0ec7f40736b92,Unlabeled
0x763346350b290a116ce1491f65bd8582047e2877,Unlabeled
0x8ceb5b694fdc9444d5d96123af7ddab64526b4d6,Unlabeled
0x9f1cdc4d03d07c7e6208f7c75dd3c3df079a43c2,Unlabeled
0xf8cd17784f425120de2f0d65756d8a707c13d040,Unlabeled
0x512e481aedb6c51be03686b52ff82b601f74eca1,Unlabeled
0x0fa70621f20051c5deea645bba488088952c6c8d,Unlabeled
0x91eeaf6a6056374225e91891ac0b6b6c8cb79803,Unlabeled
0x2151d56323f7f2603ca22bebcfe39346e68928ea,Unlabeled
0x7ddd68906c0b3c0f7b507b942b2d0c3de00fd07b,Unlabeled
0xbd32122bad41a09f2405bb374a83877d8245079c,Unlabeled
0x07bd1a574091bd79ff70095343fa2fcb67b57e13,Unlabeled
0xf440a9d06f8d3cb820c9b19f93d349792b47ec46,Unlabeled
0x03917f6dfee7274438edceb296aa2f354175de94,Unlabeled
0xb044c82957d1c26cec3f2ab1acfeab385dc131da,Unlabeled
0xf26bc9fda27915dca5cfa0d025f2438619ce7235,Unlabeled
0x20763412a2caddde124741253158eb74651867ce,Unlabeled
0x44f91da835a42a1589245eaa7e1c74ef922bb00c,Unlabeled
0xb4247373db2d3a8e498b50afc7d7494d6ecbc194,Unlabeled
0xee8568c7d307a4844a3543b31bfbe412eb7b069f,Unlabeled
0xd6d1d128369e02165b57c4af7f7e89ef9b0e52c7,Unlabeled
0x6afaa34a9be54e92fd1f9a9cbf6c44e853060205,Unlabeled
0x35b2ee370f437da6495868b3a7bae0108dc59ead,Unlabeled
0x5cd9d60b64d870de09c7eaba4ce071310305eb51,Unlabeled
0xd213bef7b594e36a5e362c2ee93769395c6fbad7,Unlabeled
0x91c82e04ba52cfdfc001c24ae27e5da2d634be5b,Unlabeled
0x549d2650443ba83334aef778437eb152c14b3425,Unlabeled
0x78be3d2855a515fbe0746175ffa1a60d0bb8ba6a,Unlabeled
0x47a089daa336d93a37c6d5983f331dfa8f4003b0,Unlabeled
0xc4680080675e5ea2c2c748ac4da6e406a1b69580,Unlabeled
0x08b348d8a72341c1b4225c0f31f73670ad05e07f,Unlabeled
0x6ce24f93042611e0445e903beafafbe3df43569e,Unlabeled
0x51e5412fe7dc89efdce4149aadf91b874a36ae72,Unlabeled
0xc2000115ae0336cd36b603c6e5d0f5a209bcf3b9,Unlabeled
0xd1f6d935b2f44aec64d94401b9a07d4a67d1306a,Unlabeled
0xd946ebe6659a6316127371130ca4d9cd0001523e,Unlabeled
0x63607d1a88fb104f1c5761dfb704e852d8253c46,Unlabeled
0x303a744ee584f89c305a3965b75b824e30386975,Unlabeled
0x5ffa2660d5d005f05c87efa2768aaaeddc67e7e6,Unlabeled
0x81fb1a704319c24ecdd9f54fa15c328b7e7799ee,Unlabeled
0xfaa3b6182c7e798c9e555f0dbddb1b745d4d1d62,Unlabeled
0x7d9b769764664f900347cd5b25c49ddc7f7cd49e,Unlabeled
0x71a29a02d557179d5d93425fce789cdb879ae6ad,Unlabeled
0xb9d40bdf18eb59ba0378c435428e26705bf227df,Unlabeled
0x7879854a1818b0cd9e3741bdad6d2ed8bdedf2a8,Unlabeled
0x13ecc0d667f7297df73e33088bef5e40cc9153e4,Unlabeled
0x7214c854eaa48b6aa36de0d7974a9964ed6c0625,Unlabeled
0xcb2db58ed5bc899fc9ad7842e72d7d4f179f2265,Unlabeled
0x50288fc4549205293f479f1f4e2da08ce2ed3b86,Unlabeled
0x13a778d6012035f5eb9a304f08744be4e62f267a,Unlabeled
0xb888e4ff2d41ef5150df39b662489fbb81d39b83,Unlabeled
0xbf1e3fe08fd8a35ffaab4d3309ec1e807ff78ea9,Unlabeled
0xa03f4e895da985962f2664e746d8f8b5f53e7676,Unlabeled
0x372c4a5cb19e244533997a5d192348e0fe193324,Unlabeled
0xecbba4cd3f7169cf981beaf110d1ce583cd8ed05,Unlabeled
0xaf0fcd52fd7c0cdefd8a929e37f628f6a79d6bd9,Unlabeled
0xc1acf3ea8ec33998865f9c339125a447d6c0021b,Unlabeled
0xeac60bd7300e810240a6b5850e7674000af6d82e,Unlabeled
0x05b96b79b29ffc1cec3a86551a82ecb9fdd8567b,Unlabeled
0x62847f30ebea9d686273b315708923c7551b47db,Unlabeled
0xe84d70075de9fe36d83aa5e708a798c09cac0ed2,Unlabeled
0x2ac89fb4d222d0007b10ddbf264f57e89656ab0e,Unlabeled
0x0d2eb7dbd519d5a58d1b1170d3d9ea9e0a4c573c,Unlabeled
0x9e7ed48a4b16194b0cb576e1a49d1d0e309a2517,Unlabeled
0x99ee338e46e9d60e031f2d9b8732aa0fbdd2219e,Unlabeled
0x6ed3a75ec09d72e35401cebc301d9867d57fdc07,Unlabeled
0xf02ca0ce255e922a97971a2afd25a790ae52bd96,Unlabeled
0xfb96e398ed9472cab0ac61fc5e8dff7114669403,Unlabeled
0x2442256d736cd4fe51dbcc0ebefc7daaeaed92ff,Unlabeled
0xe7ae07bc3911ed42bf0e755e7cf1e73fc00af9f0,Unlabeled
0xa81e7b213d4122ae7a1774d43675e15ec09ea2ab,Unlabeled
0x1e86f1434010768b696180d593530348b2ccb714,Unlabeled
0xcaaf3c9285844f1089e7ada8cb4ea23f5b73f33a,Unlabeled
0xdaf87e509d4df32cd581c2a785abeba1d592be39,Unlabeled
0x4af30f2b4e7d89449d876564b72a5f88986af3a2,Unlabeled
0x79ea2b81ae096d833ba5c589aca2cf00c28c461c,Unlabeled
0xdf553cf8a6c8bf0d01999c23446461a4af4f3db9,Unlabeled
0x4b5ac68d0aef228759483b2f605372cfe03bb69a,Unlabeled
0x65c43f803fe9fc0ed54e62dfa861531efc2b1989,Unlabeled
0x8a1315ce6e1a61f438fbd3827103ec831d40727b,Unlabeled
0xe90b549dfc341411bff50bb9bca4d25b4cf62a61,Unlabeled
0xaabc95543da78c68d09b7bf150f7f63318f4cfca,Unlabeled
0xd95c72f0f6afeacbb466c7c788bea1b05a2648b3,Unlabeled
0x726ae1dd07159a9aa67fbe38d8a4b5ab059c5c6e,Unlabeled
0xdc53caee3b088ce91633f9b4a7216b12c38c105e,Unlabeled
0x1641b7a13edd19c340d577c5f63f76c5bee20447,Unlabeled
0x055a018cee70c2e39bc41b22da672ab055532411,Unlabeled
0x80458a1e5e90113371a0bf05a9ee3c6d76a24781,Unlabeled
0x98c08af6d35e62930aa32caa5b669891e748727e,Unlabeled
0xcab41c8f162381a9deca6c896097183c937cba64,Unlabeled
0x5546174c0fde2dc85e4fd5d4e6e9c5af8d9569c3,Unlabeled
0x7d76ef461e847e0d14fa083ba6b20d4a573a3005,Unlabeled
0x84128c14a25723c6332974cba5cb224aad0a2d55,Unlabeled
0xf4fe32a852b216987eb5bfc35eb9092ff4124d6c,Unlabeled
0x1ebcaeba5cc6ec2d6b90dd18e8f00c6b15ca5f6f,Unlabeled
0x0c50cc3288bf58bdb59850fa97d16f2b946f9946,Unlabeled
0x1ebc0563fc0ede342b3d28f0516355e805735f6f,Unlabeled
0x4bc10041aa799b5a074fb7b894c3c202bad5471d,Unlabeled
0x0f6a9b98af143393dcb0593f569c5ca4d393df49,Unlabeled
0x5266f433c84803764cf90df82c98619981da091d,Unlabeled
0x746405675c518c600d8f8832292d188003464a0f,Unlabeled
0x86ea881c698966ff43c927a9ff634f58675dfd29,Unlabeled
0xfd24216d5cd6c4010efb7d96a4376c0b1d669eb4,Unlabeled
0x3ead9444bb5fa112b2797291e47e3ed93b0f55f7,Unlabeled
0x0af4e094d9501e2adc41e8ed63c3f043aeb87a35,Unlabeled
0xe73f98e8ec592c11efd7c7c2357126f95be62b97,Unlabeled
0x8dcdc594fcaf2ad5c03ee3912a27309e707c6a1d,Unlabeled
0xc445b62220c162895b49341b576acaed6f6cce2b,Unlabeled
0x76d85b9bfb964e31fd8421e7f397e6080b8577b8,Unlabeled
0x664bb09e3030670cf02a76565b5d27c6ecb4c05f,Unlabeled
0x5133c5cbe1c620c07bdd5813aa067b84343ceebd,Unlabeled
0xc579fc8d52d65d841fedf716ee2b6755c56dfb63,Unlabeled
0x76b83195f7b7f8228b8b4e3c50050cf1edccc3e9,Unlabeled
0xec11acc6d90482b9c70cebd04605d0192bd2d8a8,Unlabeled
0x7473670070f2adeee5edb9e3f6e1ee6480e66de1,Unlabeled
0xde748ca4a5214772ad640083f4fcf81601c8db62,Unlabeled
0x12842151d19c14a845ca685511c8d93ad2fdc021,Unlabeled
0xd56d3e695ee46293e9061be4d61a117b7d7b6943,Unlabeled
0x7e17892693490314b8bf7bb9fafdcb738e8ea4e0,Unlabeled
0x62cb04a4514ae5e742cc1bae86084359db28e552,Unlabeled
0x099d09931b3ed8eda133f22631f4393db8a81482,Unlabeled
0x944772e0f8ade1be201fa7fcec6637534dcd9ff6,Unlabeled
0x0b52df0593c22c58b558aa05c22ff724dab31eb7,Unlabeled
0xe7643511cd732a368934b2afb705638432375f58,Unlabeled
0x6f1b88ac64e1c0f2cd7dc9cc8ffbdadc0eef2fd9,Unlabeled
0x71cf84622907496a53eeb7748c74643370be753c,Unlabeled
0xc6d0a818befe1bfa2779d35f7d7e7e35754f6239,Unlabeled
0x6e690e5c2f6b24a5bd1e4c8f3e805eafbe5b2e2d,Unlabeled
0x824521d068d10b77adbd7e387ec82e28741fc790,Unlabeled
0x999f938d97639e825dc963d375c69c78e5e03f38,Unlabeled
0x16f19efd5e69e799296caa4dbf0540a8fa89dec7,Unlabeled
0x86c8df93314e1e481decce14c1a4fcfde5c3386a,Unlabeled
0xd4a0571737098a47f79367bbca92ace98e5f8810,Unlabeled
0x4a0a27f957bf0d78f9f6e5326a9c5a00760fd319,Unlabeled
0x784a76c200cee1b3063fcf447cea6132d5a46e56,Unlabeled
0x88330c68245d2dde6b8456b2e907c11b9b358020,Unlabeled
0xb3ddf401306d49f4c9c27f41e3828bf3a6e3fc8f,Unlabeled
0x45603f698c789704b313139b19baf2d6d2d71b72,Unlabeled
0xf52605c7b778563a5a9144ef4dc53b57463ca2c7,Unlabeled
0xa2fe1086d42d6246524c5cd2ac39168bdc1279d9,Unlabeled
0x0527ccaad32622a2dedf24fbe696285a7ef21587,Unlabeled
0x8f742964244ae588df7c5b2b27ded374fddad69b,Unlabeled
0xa32cb791b110440bd344154da4917dba7fe67447,Unlabeled
0x2f5b8b9b81056f3117942357919a0a2ec0c88488,Unlabeled
0xc5672acab1e66c7f88faed62a09e63a0c46e9072,Unlabeled
0x2adc1ec3eb811eae863135674ac001bc38415b4c,Unlabeled
0x10f4c55aa15bf3ddcb3b8ac621a8db2649799da3,Unlabeled
0x1e8620bb7a26f8129e9ea69d702eb32ad3b34316,Unlabeled
0x7d7892cd9002296b850f6f01d9ea073b0b8246bd,Unlabeled
0x65afaedf60076aa660beff2abadb407cb0dcec4a,Unlabeled
0x11b6739698e47840ceb123775682981ab4f81283,Unlabeled
0x583c7cef4aefe4c6825261b053a57f115bce3c97,Unlabeled
0x0610df2e9be2070bb4074a04f773c3f498d50207,Unlabeled
0x9dbd78fc41788f60b0d3b4c94af9c788f6f2ed0b,Unlabeled
0x6c03ce3181a16ca5b8bd759ea778a547aad57e57,Unlabeled
0x47f37c541451b6b40f69a629139655fc932e7598,Unlabeled
0xcca7375a59643f421b558db9938eedab3d831efb,Unlabeled
0xeec285acaf24f9cb6ea1d13d0a240cc1eb92366e,Unlabeled
0xb18ae8bc184a036e17a0c6b82b980e99ebc75b60,Unlabeled
0x674f4bb89e71d43864b57618227434555aebbf86,Unlabeled
0x2916035330b3d2eab443393576b47726e06434c3,Unlabeled
0x8054fc09a2a02426ab8ab28508ef3d2058365d56,Unlabeled
0xf46f57626a985ddfdc729763a1566481c8fa0644,Unlabeled
0x2228088f1eb106b8ceb180477d7107a03ae66f74,Unlabeled
0x49e1a60108f417bfdf6fe83ff4883c7000480034,Unlabeled
0x8e95725130d7d616551f2d76efbec765fa98b730,Unlabeled
0xa4298eb177ef5a1733c2a59e69d9463a13e1ea31,Unlabeled
0x3a516707c6a34a44a02c608a11f73351269dc6c4,Unlabeled
0x0a41fdacc461546453b435576a1dba51fe041268,Unlabeled
0x77fb028938c39445daa796d05e5e3595fa7ddf0e,Unlabeled
0xf88b533592fb5fd2ca77b61b9ee57e9dd9ed6f2f,Unlabeled
0xc5e3077607b18d8be3a27f161f48c64a4af9a4d6,Unlabeled
0x62862bc259ce5f7369d887e06f399013c86227ea,Unlabeled
0xa36d74eef4b2e07c64576ea627fadf48fdc104a6,Unlabeled
0x5c166b599e0966c9ed242e7540869ce94c11e00b,Unlabeled
0x4302c27398994a37d1cae83e5b49e40de9e3658d,Unlabeled
0x5c574c429c6ee5542045a4b2d53814df81bc5cc9,Unlabeled
0x7ff6b39d02afa8477ccb3dca6229b08b122ed055,Unlabeled
0x457de3f3615c1fc172de1b46ea7d8bc640ac0582,Unlabeled
0xf95e3835deb308da2a3f8ed1f8d8b60524a1e48d,Unlabeled
0xb334278a786309fea5db741601a0731d2776e1ef,Unlabeled
0x40d4fce4532b663a7de28c128b70b9432cd411d2,Unlabeled
0xd507624a8676b23bca3f105bdac49ba21926ac3b,Unlabeled
0xed0aca8812fdb07373c6aedc00d177d1272855a7,Unlabeled
0x94bcabb25e7fd4f0f3e4a7f5bf33495d8e96fb7a,Unlabeled
0x0fcbfcb6457fbe4780edf3e0fb816c6227b545cd,Unlabeled
0x9ebb351a81f60f5a2bb98de0ee29729f260c957b,Unlabeled
0xe0150ea652e350f75ac13f45ebc7a3154e7e9741,Unlabeled
0xd7c60251190245b34c6089797928966a32596d44,Unlabeled
0x6ba8b763f84e7521b6cbe22ad6465370c0d607eb,Unlabeled
0x15c13efd4e0a5279f68f59cc31edbf8f21f1cb30,Unlabeled
0x17ed2f4041da584765b2d1b079159f86c75428ff,Unlabeled
0x6e0082cfd2e9e7f69f356bf3cd7d4179cc4cc374,Unlabeled
0x76a9cb7013fca90f05bfebb393c0205cd65f2f1b,Unlabeled
0xe513cf2efc56dd059768c253ff6617704bcc677a,Unlabeled
0x8220af4ebe866e5fa0d36b71f1c438c99e0d0d5a,Unlabeled
0x51cfc9be2b8f382c25671941a43e0929b58ba32b,Unlabeled
0xd72c5a4fd84b295eae438b022596050b4fbd0b07,Unlabeled
0x851d7f7309b3e8c7b58220823ba625798eb04368,Unlabeled
0x3c990a83c290369151faa1ebd2669eb760281d62,Unlabeled
0xe834f2503f34f786a68cdcd4fa548968af5b91ec,Unlabeled
0x525bb6004551b6f71fc7efc3e83c29ba9bb15712,Unlabeled
0x0170c1804146272e419d598046064e4d9072ae0a,Unlabeled
0xcac773f2070861539b2cf435e2f9345eb5997549,Unlabeled
0xe69b860fb5f12552b9c7675966ef9522fb734232,Unlabeled
0x82a4118b2f2fd3d02a5fc1419208518f25ef1818,Unlabeled
0x778e757ea1fabb63c9f1fa7cfc14b145a5872a1a,Unlabeled
0xb9734eeccb703ae567005a1dcb8f014819302fa8,Unlabeled
0x81014f44b0a345033bb2b3b21c7a1a308b35feea,Unlabeled
0x716cbbbe844a1e3e18187a28ca1f4078a2fe7a4a,Unlabeled
0x215462dc79523ac795216e1baa27586840fa9382,Unlabeled
0xca451cedae435ed9dce75c988abaa1ae3a212c6e,Unlabeled
0xfc7890dfad8206ac4fe08ffb8be0ca64745e7d73,Unlabeled
0xb66ff065fb7e3b6a969187ef6e18214feaa32a1c,Unlabeled
0x6101100a2af5cbeb8212ab054466da6593badcfd,Unlabeled
0x0a3c985c87552ef70adb6a83edd411bfc6324c5c,Unlabeled
0x73b56f0dcade98e0e80b7ba2d24a6fee610f009e,Unlabeled
0x801dacf9f756fb65320e20772ad41d67bcc01e41,Unlabeled
0x5e47c21429dadb5ab0860b5271576f902c158164,Unlabeled
0x883dc213414404421906ff490e8f490648a258b0,Unlabeled
0xf899acb4b06a1d495e064f71047c27e507f71111,Unlabeled
0x5488d2bd96948d331649c486ec81a86ea803d8f5,Unlabeled
0xc2d3b167dfd0e1abe42e8653973aa129ad58422f,Unlabeled
0x7ecbc4cc4306c9bb995e5b4dbd227a62a7436721,Unlabeled
0xf3b3a4edbb93e8eb85b4dbcb1483b2f69f557029,Unlabeled
0x70a4f5cbf0e04e81110f59fd4bb4c4b40cd22305,Unlabeled
0x22955bfaf210bc1341e23aaf9b01c7bc23111e8e,Unlabeled
0xf33a797b7bf82dccaeba26d966bf91fa64b9c592,Unlabeled
0x615deb963af37783964ede2bec40e025a21a00f0,Unlabeled
0x4dfaec1d60f747649db82d1cbd40a6a5e33a98ef,Unlabeled
0xbc6fa821613c0c436fc77cd3633c106f7232fb60,Unlabeled
0x2f7fb52794cb46b816cb71e89e4a910eb61372a3,Unlabeled
0x4a4ace6c75a67a401acd8d9efbe1cd4f5760068d,Unlabeled
0xa48a157bbd39a6556f2f7d3f861bd20993e08a8a,Unlabeled
0xc46a7b5c1b52b3a633079e44e6dedc248f9ac9e1,Unlabeled
0x15e096009b6609e7da6136a486e3cb1f6a57635c,Unlabeled
0x359b5990e40785d1a078199904e0a61e8c5224ba,Unlabeled
0x50b3bb895a9e00988f7f37ac654326bb75c29bfd,Unlabeled
0xfd54e51a9a08e80c94b4debaa698a96558182ff0,Unlabeled
0xbb833a215730f7c2226dcce746b206fbcef39c99,Unlabeled
0xe42a46a807fc4cfd5af76068839ece3b6216ce0e,Unlabeled
0x9707a15c7666dd059fa59b5af650b08b14f4ee6a,Unlabeled
0xcbb37afb856dd06b0ebf5b1edf08d8b0da52e5e3,Unlabeled
0xefbe7b881e71c0bd441c1115ed0578e431f160b1,Unlabeled
0xf4403ec339d3a99402a315db00f71b171d15b9bc,Unlabeled
0x0bc15c0d225e1ee9238f306521d5fa1752ee7068,Unlabeled
0x7c8be663f35d771484ba9f08ff7454dbcfc4bc50,Unlabeled
0x899a6f1dabe1d18e6cf707ab7d44e475da310132,Unlabeled
0xe1f701dacc3faf7b12a3acd95fdf53fff37a5023,Unlabeled
0x6af089daf36a98057ceb59082a1c3c1e8a307d84,Unlabeled
0xf7df6dbb318069c3c01c5b6ba83b1f39b3500b93,DEX
0x0f6930f88d13c44323f4bed670ea57cdbc8d3cc6,Unlabeled
0xdd5c9102d43a8615eba371ca68ebbb95b11d84cc,Unlabeled
0xa7c7f69a99b8494fe74db60325f4753cbbc24e5b,Unlabeled
0x977e1e1e8a6330f509e30b0c54d5ce94fc15ee85,Unlabeled
0x8e8afe1fe20f444c6bf57c4fcd100207d6762227,Unlabeled
0x94e8c7458d8aa5b23824366b5cfce0700b2ecd83,Unlabeled
0xbcbe7e187315238736e7a763a49915323e459f51,Unlabeled
0x5735483fbf7bd0059df4be64e0d87d5f1c8accf5,Unlabeled
0x5ac15e01dcd575273fd420e85d069a500aad8e34,Unlabeled
0x74e6e58d3f4b194fc915923326cce14583fd2bd6,Unlabeled
0xff8a8aea26304a648372449efaf49090fc614b74,Unlabeled
0xc9bff7a9261d16b2a841afb251448f7a5f6a12f5,Unlabeled
0x38ea75666abe3f59342d5a4102874480890b5556,Unlabeled
0x486afe7e4a299eb1c207fa477652296524532432,Unlabeled
0xa2b1aab9deac6407775c0b9e74008066a82c0f43,Unlabeled
0x8cc3141e04c38df0e3454d71e86a7b6e75af1521,Unlabeled
0xc02e7a1499044ed8eee12960d87edc2eaea28eb5,Unlabeled
0x1702f2d0df7c99011a690461c34e51bd81cbab48,Unlabeled
0xa835a87f0130f6984e266df236f291e9bdd4c838,Unlabeled
0x86f8107794112bda25c0ef701eaf73b3b45d85e8,Unlabeled
0x3f6f5aa32cf6405dd5c68fac4e1ddbed0ecf52f1,Unlabeled
0x50a68bea37981772b466d0235e7e639257dd555e,Unlabeled
0x5104541a0a14a81847f210e3232c54404d414859,Unlabeled
0xd1b1396a2c02f1e969114b926d242cdf9183f464,Unlabeled
0xe19126a96a32785ddcc06f1ea02d33880618d9a7,Unlabeled
0xbb1e1edccadc51d3d7419be0c976a2d86396644e,Unlabeled
0x9e7ee726146f04ef78edb4c4b465b93808e1103a,Unlabeled
0xa8176d16330c64edec75780cf904763f1f097f95,Unlabeled
0x286061850cb85e7c6409cddd8b71773b27c73115,Unlabeled
0xf919c5995d3ce331386071827cbc303dd2623de6,Unlabeled
0x222193a1d217cb244a2f6d3594ff0e3408402b75,Unlabeled
0x3821a25d7df527356c65fb46add9bb347ea69eb3,Unlabeled
0x02e924c32a6c9dde86db51a069aa2fdd172e8a08,Unlabeled
0x89f7e5092d2af28ad7a42a99d30011a9fb7513ca,Unlabeled
0x158bb8c89bebc02956ae2bea446ff43dd48306b1,Unlabeled
0x1616c359cc23d3dc1cf2086adf544cedcfb6883c,Unlabeled
0x5f74c5a7e935512ee497a6a87676ecd9f2eb2255,Unlabeled
0x218f9f7cb413842f6d7d37a4642c5551e15d5820,Unlabeled
0x5aeee50646eca00b52b7d255485b88579509ee1c,Unlabeled
0xfbee532622ac731aa33ae719543cc1758cdd5788,Unlabeled
0x7dff97e33608b3981a8a100440f56e906b4629e2,Unlabeled
0x097ae1ab1174b8ff91292c2b3a635b21dce63e7b,Unlabeled
0x16fe89c973fd6a4ba47441962075ab2cc3dbd03f,Unlabeled
0xbb11844556e4046c9f1b40c3157fc48b9cf4a85b,Unlabeled
0x3f7e3d8a13a8d03d77d30490c158c21b0c6c15cf,Unlabeled
0xbd216513d74c8cf14cf4747e6aaa6420ff64ee9e,Unlabeled
0xb30d3b60c10d8ddb38088d17b2e768c208d7be5a,Unlabeled
0x75cd7c1d419b0edb01e1b665b6345e702c545bfd,Unlabeled
0xbf87df642fc31e654cee95eec4f2021db8b1bd0d,Unlabeled
0x10dfa04e3aca919c2ca95ee2ef98f15c633ca3aa,Unlabeled
0x3eae874268fe006d27e1cf1bb8ae935beb49c8b3,Unlabeled
0x88dae2c8c4cc6e93d0213a9b28b1c97bbba5d933,Unlabeled
0x55555535a287325d4a2a3da8c9f42f5a185d303c,Unlabeled
0x49bee51b8e69e72cf34569003cf0c9171c717de6,Unlabeled
0x14c4017f81675f7ac1321218d4a385a2d3117328,Unlabeled
0x2b616914ada8484ab9d70398dbe86b029b1a9a39,Unlabeled
0x2cb22bf5afa916aeb1a22264532ef99ab8ee5795,Unlabeled
0x48b62eac0230f474ae109de0e085d4608b4b6400,Unlabeled
0x9342061ba2feaf9828fea705e169afef6e4712b7,Unlabeled
0x69544ebd05b4bc63ee34335955f2ea05949287d8,Unlabeled
0xde6ec6ce402121eedff1d8a39e9170bd8e1cbc20,Unlabeled
0x120a5b1fd4782cd8639e3814781a5d30382e65db,Unlabeled
0x3ce29826302031ae8d9bb02085ffba084d793f5c,Unlabeled
0xe86697bdf769538a969023387ca3f2ec9e3c7e94,Unlabeled
0xe866175fb72d2f9f2218b7feceb7c971ce6d7e94,Unlabeled
0x2eac3d725e31b96429f8ab1a026f9b2884d7c01d,Unlabeled
0x3284ac109eb04f070b40ea2bdc644d3a00de7bdb,Unlabeled
0xa42b2536f5b82dd025a84e19cbc2eb31dcc037e2,Unlabeled
0xc61437cec34b4f6eb82b45ccbe945d13ba53a0c0,Unlabeled
0x2ad4191f0dcac061144f309abcbd9f2abcd30f2c,Unlabeled
0x4d551bd8f20c8995f50d3d8338f009f24e171e7d,Unlabeled
0xf91af0232e90dfbd44bff4e61d16a913f753121c,Unlabeled
0x5f192d404df55bee90ed8d312a52f1a1452763f4,Unlabeled
0x3ec2301fac4e67ad081f8818083dbff2cec82372,Unlabeled
0x6236406ec11f800b6b1956e748499d2018ff3008,Unlabeled
0x1837b3266dd6b27379c7d9e1abbbe41f126e8835,Unlabeled
0xe8b1b7b70e2076fb97dcf4b86a9117697e200a58,Unlabeled
0x875d6d37ec55c8cf220b9e5080717549d8aa8eca,Unlabeled
0x72ed24bdd9253595bdd01469a15a8852bee7e0da,Unlabeled
0x2e3b0623bef9399131618c7fdd1aa9da43d96d7a,Unlabeled
0x2ef201b68d0f3b3f9823672a3b5cc74f6e8ed322,Unlabeled
0x293461f1fc782c8326c6d7e8d0616a378c24de8b,Unlabeled
0xc03f87d31e48cf04fa8ac00f6f4ab2e3fd82dd5e,Unlabeled
0x1c2d79306c2f0cf680752079385ab0a6c6eceeba,Unlabeled
0xa8a523a8abc91b176ea0449103710bfd557a88f3,Unlabeled
0xcda43778ecb8e83b56d4af377864ec086c83fa81,Unlabeled
0xe6e58ff041e6a34cceba26b4f1cee77c0a6f6e31,Unlabeled
0xbdb939c9cd180e400027a64a3ea6660f80817fa6,Unlabeled
0x4852bac76cb5744fb87f6bd223d91c0c0dbd8bb9,Unlabeled
0xb3fb829bb6a3250ab20a6c7461307e786ce6bb5e,Unlabeled
0xbd65706cb0af68f1a2733a00d2381d39a4d920d5,Unlabeled
0x74b7f64b7f4e00d817dab31e57f5004bf578f691,Unlabeled
0x3c5a430443b463241678d33d781dc69b349af7df,Unlabeled
0x90140402f7a110fff86e211df16b20ace22d9b12,Unlabeled
0xe0c2539514d4a37990226bc927958ebc73555f61,Unlabeled
0xcb69cdea85f40c4c31f30f30103e1c3bbadd82e0,Unlabeled
0x9534b18443043bfb029495606d86e0bce4b652c6,Unlabeled
0x198c92117fd7078adc80d9ec13d134f888d13a59,Unlabeled
0x6237488087ad63a2dd3bf0a35eef201616f431e0,Unlabeled
0xe737e106580d3ad8c1a71bebea3ce84f1e35be4a,Unlabeled
0x2d6d7176715edfeae6641d4d132e50eb3e68891a,Unlabeled
0x4c1c826c747ba71d6a630245f7a5ea143ae46f82,Unlabeled
0x4cac2b65e32316405ba0375c80fce1e56785f5ab,Unlabeled
0x1d5b8ea95b768cad8fc63a8b081469fac1ad476e,Unlabeled
0x1d5c745d9a8228d51b9ed995d9bb053116c5bdb8,Unlabeled
0xb0dbf6bd55708870c37d311809c0ab31b8300702,Unlabeled
0x174124f9d6096b2c83064a21335b0f515e9f2b7f,Unlabeled
0x5dc6df846ebdbbf3ed1429c316c42064fd0f2aaf,Unlabeled
0x4fff5a67c906bb65be01cf0be8553954bc5126ae,Unlabeled
0x378b2e1040ea9affc8e7dc6fe1391e8504089aa0,Unlabeled
0x8973d7ec9d0ec15afbf87459c8e97f5bcc01f412,Unlabeled
0x9c789bb3e9537cdf16221c5ad1f23e3da1286adf,Unlabeled
0xc5e341597a3e4b91a567caa2ca11cf1731e9a4d6,Unlabeled
0x596a7f60a430d3ea672ebd0268cd414a6607b463,Unlabeled
0xbb2c7c924cdeb770e6ab2fbf309e62b074dbcbe8,Unlabeled
0x5ffa1c2d814ae0b09d0184e4eebef5efaccbe7e6,Unlabeled
0x017449337f2ca830f1e9262e9e4585d15cc430c0,Unlabeled
0x5a2b4e625f6828117ccd1d591c5af0eaaf0c9027,Unlabeled
0x78af17c86265e0d3b23081552e967c987b55166f,Unlabeled
0x8c8075d03072d1db21f42986f3fa0da365bee937,Unlabeled
0xc1062b7c5dc8e4b1df9f200fe360cdc0ed6e7741,Unlabeled
0x8a3821fe9d9881fdfe53bf623627fdb25778f4a0,Unlabeled
0x3486fb9f991d5dfda0219931835c183425819277,Unlabeled
0x24005f0fdc9285a28dcd84904cceec177f11cec8,Unlabeled
0x71377ea73b81b24a75210cafb08002297a4635a1,Unlabeled
0x784d31fe69055f59d963601ebf17ebbdd6c1cbaa,Unlabeled
0x5993ab7a96cfc58bc72d940525399d9632ed8fc1,Unlabeled
0xd89d3aac15fcc83ffc525b8c559a152d07ac3f26,Unlabeled
0x509968a1dc0054aa475732ce0e29e7fb866d73c2,Unlabeled
0xc80ad9e14c05b9c0a99b9d0f18016cc04ba72416,Unlabeled
0xbd42b7da63b168cee1c9415a68edefc10451f18c,Unlabeled
0x36366140f3b08a51f12339006183a42af76190f0,Unlabeled
0x6280671b5cfdff964a1645951389dd43666227ea,Unlabeled
0xc6b75aace893e832d52f744631ee394842174d0e,Unlabeled
0xe52bf5f2777ea9dfdeb7ca7c46b0de9be64951c0,Unlabeled
0x23380d32da3b2cdf9e3ed959c7d38b499234dd81,Unlabeled
0x36aa3f554cb0e9aa87ffb9473c9ec97841cea41d,Unlabeled
0x85c4e1b3eeeb4164de5818903ea3915b1f22af22,Unlabeled
0x98c54d6dab917434016b677664a75faa1601a316,Unlabeled
0x5fd8e3112676f69a3613c19597778e6f7a902d7c,Unlabeled
0xf71103050523f09bc429956e3f216ff204f55793,Unlabeled
0xaa391ace298459a0d08c0edc3f04e12006eacacd,Unlabeled
0xf576e860397bd3e0c4d616fd1a601ef8b78c76ba,Unlabeled
0xad37899d948188a53c38e68a97908968b655986f,Unlabeled
0xc678d6ed2c92a75cb44242c3c24eab63b51e2734,Unlabeled
0x0f102dcf7fb3bfd4713277b36ffedb764f2b30a0,Unlabeled
0x2341e4a9d4ff6fd54bc039504c4601b271c694cb,Unlabeled
0x6d22a67ccb794aad71948ce4256ca17663228945,Unlabeled
0x4adef48b6540e1b48633a6a2a83ef1a2ef45c626,Unlabeled
0x7bf59f3fc970a9225f00b6fa1655ea87c4cc7476,Unlabeled
0x48a8a3643f543487bae22872a73940820ffcaec4,Unlabeled
0x481a1385a5b1d446015f47bb4a1e965f8a941ce2,Unlabeled
0xf49ffb81eaccbf60ea21742c4eb36b6c5bbe11fd,Unlabeled
0x39c36bfc5814aff7cbb4040d1ab0c7835ae43050,Unlabeled
0xcdcd0b8504447d533843a7b4b94d9c6bcf9c4bee,Unlabeled
0x93c931ddc779dbfd7e5be3274cf1edd2a40e4dd1,Unlabeled
0x5745050e787f693ed21e4418d528f78ad9c374a6,Unlabeled
0x576a5af855cf685e2a2f0a8f25b0dd5737b3665b,Unlabeled
0x761d2748ec5daa5c81e5cbd485d593ede9169437,Unlabeled
0xeaecee8353bb25a5676ef6385f5c04a832c87671,Unlabeled
0xb75e9b16648f1de48a71082dcc0084d1580aac13,Unlabeled
0x06963e0c0fe320271d5a2ecb10376856c2f1e704,Unlabeled
0x6cc99b5f955a77978081cb2adbac056d15ef24d5,Unlabeled
0xed43263e40aee330d922d571319817e52426cdf6,Unlabeled
0x2eacf07b61a6c4db7c636e7f7f943959e455ca9f,Unlabeled
0xc62364328cc484c1694beabff8670277829af670,Unlabeled
0x9a6529286c77db485fd84dfd5929aae12d0853c9,Unlabeled
0xddbc65c2b9ba829215ca31c8f94c9953721b0048,Unlabeled
0x51a6bafe6f83639fcb624a8df99b6ac736c2e056,Unlabeled
0x6833bf83a7c95bd11aaff9bf67295a82bdaaa0de,Unlabeled
0xbabb6db488cac8d67ef5a90bd247043c2c6b10a5,Unlabeled
0xb92dd1941c964f5463adac960fdc561b72b002f6,Unlabeled
0xb04159add31b851f17e136aae10ff8f35b98c367,Unlabeled
0x1b0047b213a76d07497a587771d509ed3be25e77,Unlabeled
0xcdf0156909c0543a3d4bd4be12d85b6b3c3a57ac,Unlabeled
0x68cf459bbe2b090f17833d885dfd291cddb586b0,Unlabeled
0x227bb242f130f474e6ca07170875b5bb7ac24b75,Unlabeled
0xc5d7153b71ec554d11cc8452077214523087279c,Unlabeled
0x81943db9733c41ec69665ece78695ed674eb2bc4,Unlabeled
0xc53fff8320f208e15770236a84c8642f40f15cab,Unlabeled
0xb4be3145fa5422bad4ccba42507d8dded72c96a1,Unlabeled
0x476db1985a3894e14ba6a5a9d53f0a8629131fb9,Unlabeled
0x549d4fc107185de6997f7bcba5d28f0dfb7eaf2c,Unlabeled
0xf7fdcf24e4bf1db1afa984522bd2f8a0792a9e8c,Unlabeled
0xa4fcb72b0789518d56f504a7ec257cb92192488c,Unlabeled
0x4ac0cc154589d77d73825908c19ede6b9d4c805d,Unlabeled
0x459dc0dcb82c7e3c791041f9cdb5f797b6459315,Unlabeled
0xde558d1119f8e4b1a2bb620d1be85213efa6be62,Unlabeled
0x70f4239342d159b8235c15047ca4d37cfb19dc36,Unlabeled
0xd167288bc102c1ca9d4d231139224737d98a31b6,Unlabeled
0x6585e06f87d078e283a814efca35164d6d85f56a,Unlabeled
0x1e38b3e25c7468b3124cfc04a79b02a017563d3b,Unlabeled
0xa245f75005159ecfecfb7c2ce6d6a05508ea28d9,Unlabeled
0x8a9d6033542753699d3d3d0234d8f23eaced28a1,Unlabeled
0xbdd9cdc2802b2362015c5afe173f6fd136c6a4d4,Unlabeled
0xa75c93e895dc2fb3b034bf4ac59cf85c4c99ae1f,Unlabeled
0xa19cde63fe85b782b5e1054892e531ab960836eb,Unlabeled
0xe01f294dee1be252a15298e2e1cf158b4b27ddb1,Unlabeled
0x37ec92a5958ed0f0501b64dee0e31b2414a903d1,Unlabeled
0x133b8b4b0c72cda6f2e553ecf28ae44fc2539ff1,Unlabeled
0xb3ef9ec8b38c024cce63dc90c0dc49f020682f7e,Unlabeled
0xe4d5ce2163b9943d42802893941a6f7ebe8fb379,Unlabeled
0x9f549dab7a0646a5969e8105b97fe399fda2ceb4,Unlabeled
0x6881d292af8d89fd690384d91b07ef312873caae,Unlabeled
0x1c7b1ad8c1218555089e9c76e2e7ed46682fd543,Unlabeled
0xcc7d90dabfb98e27168022069eed4a7ea6feefef,Unlabeled
0x43f6eb23f483d06f90c5dee9d3a0ea979c23adcd,Unlabeled
0x1b3bb4d8627b1e3a680da446471b8d7c8f6fa84c,Unlabeled
0xb8d76ca0b3c17205e85928d3aff5a0c21929c38d,Unlabeled
0x0dbf1c65c5bcc02818f86e9c43206ce9771ddf4f,Unlabeled
0xec1bedf0982d2972dc4570628b197e9e44feab95,Unlabeled
0x6d5fee5feee4f170ebfc4f94725806df055f07dd,Unlabeled
0x2cffee8567427e154031aa2ae378b00829342680,Unlabeled
0xe4fe6a45f354e845f954cddee6084603cedb9410,Unlabeled
0x6eeff5e8d2494e9a7c60ec2715c6863a1eaaa036,Unlabeled
0xca7baeb000dbdedabdc600d5725837fe70c3ccb8,Unlabeled
0xcfb62199676bf84f47c4e6fddf3e0b31c4929a69,Unlabeled
0x131a6f8f3eb0f8477e44ea3c69e76dcc5028b7c1,Unlabeled
0x65c6eb65c424a9d7fb8068e3c53a83cc474e416b,Unlabeled
0x669ea9ef75e4b7d62c1e63fd133a089efa7016e3,Unlabeled
0xc4de5de21bb46c99db26670eae30c1b5db353d12,Unlabeled
0xdd531a3d546ffe122c59cd3b13c90d51a525fd7e,Unlabeled
0xb50a397543fb2c7d08c53d5f5331ad8990d3b48f,Unlabeled
0x0bb36e2e798222ff9d342ffd8d3222e9317eb0c7,Unlabeled
0xb666fd9b55572a3cf6d42b16fb550787670a000f,Unlabeled
0xb9acfa77bb971096dc7632858ada80d188dfbb3f,Unlabeled
0x6b1b21c73139c7d8f14824818686572a1d6649f0,Unlabeled
0x53d0e3a0e2a67581837121c4304a784cb18149f0,Unlabeled
0xb13bafd5ff1f7798bb9f204f7061033a52a2264a,Unlabeled
0x3ac5af484909df49642497b04794d5dcbe9b46e3,Unlabeled
0xb68e430c56ed9e548e864a68a60f9d41f993b32c,Unlabeled
0xedbb246710a6f1965950a70ab98e55d27bfad745,Unlabeled
0xdb61f1c766308b5f19aac3a78819da7576ca0b38,Unlabeled
0x91750866a864ba5ebe664b60f5204f63a0ffa3b8,Unlabeled
0x973cc6fa42d03949bc0c0ed2ae55516e08257bd2,Unlabeled
0xa00424bfb8ced1f36d0cccc34f8dfd3ba4c756ee,Unlabeled
0x2231cbf0dde19e136f0247d40b3444901867b248,Unlabeled
0x6f221ac1d27f78c4ffea18b76e3d83bc9c9fc002,Unlabeled
0x7880597a5aa5d162c4d31b29349054df2914b80b,Unlabeled
0x18b1c14860bc5e746165679838e8009a7ce35c47,Unlabeled
0xa0eddfa16b19b19ab3dd46baf5440cd3277c087e,Unlabeled
0x7ddba91ad6855556bc7bf3bdd8dfc8e916e07765,Unlabeled
0x76bbe2959145c4ee68172868a86b1b06aca4627d,Unlabeled
0x8bee7340304a051b16cecee05fb8c999db3b65ed,Unlabeled
0x4c4ee18dec505e8b29f2ab310d6d9f1d88ef7178,Unlabeled
0x52dc2086c3bc84a079af2ea8589c75b28069963e,Unlabeled
0xa9d1c31c2103da5e592a95fbfc3122a7c272f11b,Unlabeled
0xf6fc530369cbe3ce503ffe986ac5c0828d831a9c,Unlabeled
0x280824d3ec0b75f6156ccc7e8b2c62ede10e1487,Unlabeled
0x5a12cf8b4329ba8becb9c279f06a5607fc2af779,Unlabeled
0x4120e09f2fdd4ccc21f1c97ed19c23d2d5cc153b,Unlabeled
0x287bb6b6a08b315ad5c9f44705ea0c4c1f1afd5f,Unlabeled
0x95461fb548852d5cfed39581188984c111495e82,Unlabeled
0x1466da9931c2beac568da25f4480e493ba6673cc,Unlabeled
0x5036b5641e0c9c4c36c0706ef1608b630355e0bc,Unlabeled
0x09173da4a25b4d533585c0e5b47ab994425cc826,Unlabeled
0x43aa0ae36f7b52add260fd3ce1a6262804234513,Unlabeled
0x23aa9572ca72e2a3de9a53452c653e87f4de711e,Unlabeled
0xb2c1c6884671ce7804baa59ab6d845a30da0e03a,Unlabeled
0xfec2af8ea6928e7feae9022ff86270b9cc6c514c,Unlabeled
0x2311096ac5e7a9d4c80593424d6e84d165083194,Unlabeled
0x3918a6f671f3b26132bbb32c4535b0462a609c7c,Unlabeled
0xb87f92c52d47a16c719ee12af16d632c44c63260,Unlabeled
0xc9a3dce2da809d80dcc6aae0a02b00edfa370968,Unlabeled
0xc0e1a58bc9ab519076cb635fc2dbfd30c502c04c,Unlabeled
0x42a178633240601d3485e1f51d8b62ea58c9b5ae,Unlabeled
0x4874d48a9d087082cb4276ed5988be2cd160b4ec,Unlabeled
0x43c3fc059db0fa7f7cc50cb47d48c228f869e3d5,Unlabeled
0xe633821ee7a69792ee85722677587e6e1db0d141,Unlabeled
0x71262e6bac874375bdf658cf51b0db731ed0f3e5,Unlabeled
0x81ab5387876d1ca8e76dbd0e0df653bb240f7363,Unlabeled
0xb871e135b6a077e48364a7ed62cb17f892f62240,Unlabeled
0xbf80b48b922038c1ebd6f499172d548a6efaabac,Unlabeled
0x14fd777d1a30475b6f77b449258b538e5cfd85fe,Unlabeled
0x718be0c2431eadd035a9924ca68dbc49c2d1b6e5,Unlabeled
0xdcb48866a5cf353aca79467eff1e0ffb2ec9a1ee,Unlabeled
0x284089902f7c06901a64365f71b62f53ce3fc6da,Unlabeled
0xf110a3ef14b7cb599ac2cb2f5dfe59faf3cba231,Unlabeled
0xf8ec7bfeeaa296c53fec14f79c73028820ad00cd,Unlabeled
0x8b0b26a40561f8c81827da26d623dce66a6dcad8,Unlabeled
0x9461ea487c709518f34d15ec4cf3947855416271,Unlabeled
0x4f42c497d563d8450400b761e75ed906f4f42d0f,Unlabeled
0x7caa6a06731f316f237bf673a440b46c437ca914,Unlabeled
0xad37780d1fa8379ba19c9a7d29926de30511986f,Unlabeled
0x93c927c3d16ed1fe40cbcd7a4bd54c216cf54dd1,Unlabeled
0x922073b39f375d85817253ac194d03d990a8b493,Unlabeled
0x6d3cc5e43c5fa0512fe719808673bf8f0005b6d0,Unlabeled
0x130ac7e527177ee788db3447894eda6e28c10d58,Unlabeled
0x4acd9292b37a5bef725c62ed8191de88a0322adf,Unlabeled
0x406c40521be7dcda835e7e4c41a8d31bbeb4b265,Unlabeled
0x8fc2e9254d7ee286b8ce8841a00ce70a3cd93595,Unlabeled
0xe49c9f7308404c1630129513c8d0da5cfec8e854,Unlabeled
0x5cd039de69b5f9d2b7a2df3357e63f5101d56beb,Unlabeled
0x8a9f1d84b541a9ec1b7b159dfdf75057274f3a19,Unlabeled
0x72643f89f952c1e4877f5a838123e9251f8c1905,Unlabeled
0x38c00df097a3ccbd76256e3b3fcab253eee279f1,Unlabeled
0x026bdac2f308c0109a864138cca1a623f7828f4a,Other-labeled
0x6c32f8314af8a73a2aed195989e19dc76e666e34,Unlabeled
0xa363a266f078894ad3e97c93e7a362e07f42edc8,Unlabeled
0x4c35da206253c3c5b6b155ce4e539301b53eeca7,Unlabeled
0xf18735298ac587f490ecf573d15f3114f2ecdc83,Unlabeled
0x6ee1f54d84ccbfce684e45598e0ad7d61e6cd719,Unlabeled
0xfa65c6b6db2704ea19fe03b4526fb9b4d8f73e3a,Unlabeled
0x27d2d100c05b974175e6ac6a005042d18dc50acf,Unlabeled
0xa8f453ba7158fe3ec4adb2fe9e8273bb760a85b2,Unlabeled
0x3244e2dd6c979f35e9b1632eb6e7bd77db5354fb,Unlabeled
0x4ecef7bd1ed0c9f64a3a5c1a785a3bb39dc5df6a,Unlabeled
0x68b75ad018353274e5ce8dcb6a0ff658e1232a69,Unlabeled
0x28993da0d9c4f997b7217b17d11a44b214f2c8f2,Unlabeled
0xb95227c17aa625c5fa6b8ecfe5ba8c1dfc437bcc,Unlabeled
0xb952453d2b2ad046ed1a68345b7de4f360c47bcc,Unlabeled
0xe5d7257f3e2b28e09923779b55f39076422ab706,Unlabeled
0x869b241e2d63fab619312763a43e3cc91ce50010,Unlabeled
0x0e6632b6fb90c2d9671b87b691f0ec249dedabfd,Unlabeled
0x5993f87741e3b3adbbbb7152fd883ed92cf48fc1,Unlabeled
0x18fb0db1eb6dc54d8c22a77993205e851f6b5b05,Unlabeled
0xed5a5959a0be4f01b14d67ae091a2c9975d4dd1a,Unlabeled
0x6d47fbef738366c725676ec911fab0a6d3eff5d6,Unlabeled
0xdb8b5a83a837ef74027a66d81c0554fac0a8f407,Unlabeled
0x86d1e1da7a83239fa2e78e173de7b10d42b272a5,Unlabeled
0x09d479e04d2dd46aad77618435e5c639ea769264,Unlabeled
0xbbc727bb8696bec60b2479aba05866723f9b1b32,Unlabeled
0xecc64e3f8126d270d6b4727614c77b18155f3253,Unlabeled
0xf399bdce969add35c94e79f9fee0134b354a9e9e,Unlabeled
0x80d9c2243d84b46bbf260ca5d08ef4dbb586f60d,Unlabeled
0xef5434e4236ce8c316a155b2603de28c4fcc4a3d,Unlabeled
0x42d224a1763b48463dde9c533b60668aae3ee803,Unlabeled
0x0cbc72cad3c317c10e13132b417d2913c9d39d57,Unlabeled
0xa87eb0f13cb79435b5b4e6e51cf592fedf6ae7b2,Unlabeled
0x8375d074c910bfe78b80d79e157b1673ecce7bda,Unlabeled
0xc95c7b211d25dc888de2bbd56aa83b7d3bcdabc9,Unlabeled
0x49430adc7cf9d432d70984efd917501500cc77f4,Unlabeled
0x7c775f2054540ba5d8cab69954cb8d9173bf5eaf,Unlabeled
0x87ea3f56860397f673dd1fd16ccca61811dbf781,Unlabeled
0xa19bf1ad73207f735a64849e12959dffa546136e,Unlabeled
0x9de651c3918c148ec1e0a4302bb94229c512d3f0,Unlabeled
0xdea71385d3047137c6f7ee8edd56dfdd32800e57,Unlabeled
0x09cfee647fa339133380191c8db6b44f24500c9d,Unlabeled
0xd4667277f5e31e273e4244e2a827e3a210f20a8a,Unlabeled
0xa229940d7bb433bf125cc6f365e9eda4af06aafe,Unlabeled
0x2174b455b5472bc63de5ed72fa14e7ca9eff7986,Unlabeled
0x27e1e832b6257322815e3ee102a6a35cea13ee8d,Unlabeled
0x522455ac7f4cfe9f611592b3b273b3b55e535672,Unlabeled
0x6a869db0e6766678c4023c69f691f48e551d75e8,Unlabeled
0x22018b8e16da7413461b63b3eb01bca2616ac1c8,Unlabeled
0xa530ce4fe0bd58c303679f1a8a4459ff234cbf1e,Unlabeled
0x55a25cda9d7a440590aa69692c1f34c5c1036983,Unlabeled
0x86e5568cd41188a0957d6ddf12d0a4194e122465,Unlabeled
0x0c8487fd9a06a09226ec92ddf0063ce0798e0768,Unlabeled
0xce966ee7286e79a79c0afff920d5e86a9f0a8d80,Unlabeled
0x3e5042a1313f3d7190bb67d600241138b9a52812,Unlabeled
0xd533074ef5d68c51ca240064f6dbd0a74eb1ae16,Unlabeled
0x701f069ee64d221e7a3bea72b42b234a8af9cb98,Unlabeled
0x988d0d7fbe44d4fa739f3c9dd6853202c1099825,Unlabeled
0x7ca7559d9c029e39441ef433963ecd1b6ca64db9,Unlabeled
0xc96d6f743d6676512f44203b60a4858ff469ba1f,Unlabeled
0x7c4f8706d8668b3d182dfbc71c2380c64d9955c2,Unlabeled
0x9820c7fe2ad79b85f75271fe54a287860a3f5c0a,Unlabeled
0xa02c6f6fc9f64b237fd591af7f32fe1070002db0,Unlabeled
0x4a5fa76d3454929b6f97c901c9dec55aadef47fd,Unlabeled
0xdacafccc8584258769ab5f0fa5f7d83d60320e35,Unlabeled
0x1511b666e1e2d266b9ad849fba86512d98526745,Unlabeled
0x5f676bbf35eac179d34b7a0c2894953b4bc765b5,Unlabeled
0x12dad3425d0ec383ebd9e86139a103ce119aa0b2,Unlabeled
0x98f7daf74e7a931a91c342c7dbb8a00ef7d2f15a,Unlabeled
0x8e5e72908119959c432f3b9aef229e573a10c7d6,Unlabeled
0xb8d08d9537fc8e5624c298302137c5b5ce2f301d,Unlabeled
0x195e340cc7db1451e22e7fac743103a1847a2b5e,Unlabeled
0x0151c653d1c81fd3249338493b45b18c084424e6,Unlabeled
0x1eb322c016815ee5b29c071586c1b75be5934576,Unlabeled
0x2af9cdd5efd54f3dc582d09c1ac8f2b8391d6fa6,Unlabeled
0xa0fe60770ceb80b103031f45e32cc059d7b9f492,Unlabeled
0x10ecc226e591fe7b6598ecf133fbd890ded91853,Unlabeled
0x0d006dd16a1685e08686d374ede89c637d7492fe,Unlabeled
0xebbc1eef2f64604bdc0c72af50f17f71b879d0b6,Unlabeled
0x43b27dc091fa651f6ddcef285205e05fdc999018,Unlabeled
0x3e9ba86f0ec034457eb9e0061ae13d29d8a40b12,Unlabeled
0x95e09838694dc23360e4252875449beaa5d2cbe7,Unlabeled
0x2104f519fd05de8f1f581c7aae96cea85eba12cb,Unlabeled
0xad01c20d5886137e056775af56915de824c8fce5,Unlabeled
0x6ba72b57cf179e03deb3760e7802ab5ad45098a9,Unlabeled
0x9be60e54527eb8a89f5ba9da5c9bcb2fed3ce1d2,Unlabeled
0x97f14602ca1645d8dc272ea4536424a5708db307,Unlabeled
0x2c2beee646e33cb7483a6ba9bd8a2a1b955f8e18,Unlabeled
0x30c1845fd2895b62358e9e3a58421e8a06046eb1,Unlabeled
0xb5a9075f1767cfa115a8f51405cb587560408b65,Unlabeled
0x8429822618508f7febc9da3eb07e70732f327dd0,Unlabeled
0xdbeca8fb948c42634256609bce5a3768c9b3e9eb,Unlabeled
0x8df9e622e1e0ce63271939ba91171490c00af830,Unlabeled
0x6c1bff9c93ee135bdc35cb3613f9c78f08a102fe,Unlabeled
0x85e463ac933505b09d14535a90b3caa1d36a5613,Unlabeled
0x64ea3685296073ae11ae495036bd56d411ecf4d7,Unlabeled
0xebec658a4e06aefff52e31d50ca6fbc6beaf3dff,Unlabeled
0x6584517e47ce004d86fc80b18b8caf9c2d6e4e59,Unlabeled
0xacb4b8b95b86a1f44d4fe5fe88f4e2f5177663dd,Unlabeled
0x65e0f6e22ae79ba8be453c0478b9e5d86c794363,Unlabeled
0x65cbc8aa675e7e339e374568746b6d40e87ba084,Unlabeled
0x261d59aa21c3adeaf5ffdf7505df9ea7e6246898,Unlabeled
0xd458216d778fbab58c4488dcf07d294a1f3c39b4,Unlabeled
0x3e676d473464041de325039ba8eaf5ce712cfc74,Unlabeled
0xb02d20b5f8b2e13e895472dd1f7886f9f6fc433b,Unlabeled
0x5a5dc2be0e779649017a6cc8dc8ac839af1b581b,Unlabeled
0xd7b3c94c46c3d4e9746bcedc14a14b325a4fce24,Unlabeled
0x68ebe7d8a4c75afe2b1bb469b657345f7882ec9c,Unlabeled
0x14c79c86338d1d286d551d9b62c65dffdf2302a0,Unlabeled
0x8162ac23496a83874dfab8b0194410a3ba226830,Unlabeled
0x5e16b8a64a0d0215a34f0a45511ba063319bfb7a,Unlabeled
0xb7aa3305e13bb25b731ce51928f1c4da78598ced,Unlabeled
0x97f20bb33bbd7f1f482b93e7451278ebc6e514eb,Unlabeled
0x251787772a0ecbbeecbacf83395816e36f5b6435,Unlabeled
0x801a96bd04a9e3b70875b3cefadf946a7c24a98d,Unlabeled
0x5ac9b0b9706d474a79877c24333506e8b3cb6b94,Unlabeled
0xaefe0d7af7d015c01bfc7a6078eaca5a26b9f1e3,Unlabeled
0xd0a0c978050e594e9f1090ca174f4c72b2482e01,Unlabeled
0x1f7df93afb2eda4d23013e9c2b7e1f03c342bfcc,Unlabeled
0x4d0b71bcf544cd059406e5bee282e00fc811771b,Unlabeled
0x897cb142484e98ba00ec897609d3c09ad6560749,Unlabeled
0xd7185c486dd88eb9f3573b878a1469485644091f,Unlabeled
0x8e1e4515aeaf6a50950d1879b4ed8075959ff361,Unlabeled
0x5fc117a45f0de58d9a0f196e42caad9efcc50a12,Unlabeled
0x983b831230b463b9e31d8b83edd174d40385db38,Unlabeled
0xc0609cb8ecac754e099a3de5d63477ef1f0876fb,Unlabeled
0x028edfe618524d71dd89961f9b5ee1974569413d,Unlabeled
0x249bc8334bd2ff0be911c1f431f1126c8402526d,Unlabeled
0x40c5223453279d078a3ec218e1b22b7d3602b56c,Unlabeled
0x346b54207625aed6a81bf21d49f9df81337b1c45,Unlabeled
0x9a197b797efa669bde797379aa8f46d67abafc42,Unlabeled
0x628758f7a97eba5d83f21a4f11e2550976007706,Unlabeled
0x606b09fb398f3a054d04c909f8b95af914d458b7,Unlabeled
0xde41a7a39e939efbafd86e97e48cd23a1701a168,Unlabeled
0x49e1bf431e9bbbd8e57afcd21ccac3f30e7d98d3,Unlabeled
0x4c3f509134a540f0a6367eba49173caf66d9d8d1,Unlabeled
0x49e58771c28c22bc87254521143f39849136246f,Unlabeled
0xe85b1ae4dd17e29015c41b485e3f5bf281172108,Unlabeled
0x8d0310327a1863e91122879cd840d3c5012c1f73,Unlabeled
0xa4afb36cbf28c8c1ff049338ff77ae960dec58db,Unlabeled
0x70b46290ab17f017b672fbc238c75a903657eea8,Unlabeled
0x4e8a331ad5976b8cd52bde8f4e96b7855d54a65b,Unlabeled
0x16a62dc33fe33fbcc6a08e90fb01036234468219,Unlabeled
0x6a066f69a263109f41e7f3b4fa501415fdaf4bdd,Unlabeled
0x0c4a13aec137b6e5104814f0251809b9e0587dd4,Unlabeled
0xc8d0876425c9ca72ab25b5babfd7be74c2efc6cb,Unlabeled
0xba18f3a668631e9b4d32cd0c3a8cdf32f0af0e9b,Unlabeled
0xcd7561b62556ebb311b54a6a0bad93055ef5be94,Unlabeled
0xbf2df1592065fd43adc08ffe4006376a1fbcf51f,Unlabeled
0xd249942f6d417cbfdcb792b1229353b66c790726,Unlabeled
0xe3d02206d81bb49e9ebbcf1eefde922eb0edf198,Unlabeled
0xfcec5d04d41f730f672d77ccb1c8546cbfc84428,Unlabeled
0xdd96c67469f5d5ecb0068808ae95b225ed108e4f,Unlabeled
0x13ec97522d5bcc121fab8f0f1fd4ef0da7e053e4,Unlabeled
0xbac7b08d910081f7dd36a105e6eb74e195bf8af4,Unlabeled
0xcd4e4b2325797911a476d83b564afd1429725b7d,Unlabeled
0x1343e8393d20c6899fda7631fa189628aaadabc7,Unlabeled
0x67745d7ae6ea906702c10ba9c308fe3b2a3b2bce,Unlabeled
0x8b32ed32cce993a7df8ea6b7d970ef9094fb4c1a,Unlabeled
0xa32fe5e43db07f41cc3aed9f8a41944f85c60351,Unlabeled
0xec4dca0c73e5bbc6a43043a09a665b9d8bdc6874,Unlabeled
0xc463de87b58cc6341e438711b43bce1825cd224c,Unlabeled
0x4a24b84faa07903a5ceee25664643ee29cb8efcc,Unlabeled
0x7642c2920a64aacbe85d050ba0edb3a4e3366955,Unlabeled
0x7291d890c726d68f43b32cf1d922d066533558af,Unlabeled
0x5f62639dbbe2cfa57afc4214f5cada89b82678db,Unlabeled
0x741ef8ecca751da0d5b6f2616c6c8099202bc523,Unlabeled
0x484eb72018f6c834dd8178b000d6cafab2dfd2a7,Unlabeled
0xa0328fcdcb1f2cc5cae10c33fb5e544356ca1fe7,Unlabeled
0x97b443d6e57fc8c6274f3d9bb5d3657e058262d3,Unlabeled
0x1f7de6e788427505f6c2eaebbb495b118f156fcc,Unlabeled
0x16162ba8080bab590027a64920c7bfae75a644a1,Unlabeled
0x7fe6ba2cb696577b25da4e2c43ba35d52ff84a42,Unlabeled
0x9511b9d23d6547b229fba24540dccd44a3498adb,Unlabeled
0x2e469c34e55eaf86b0927039bf324a8c245e18be,Unlabeled
0x5eb6a5b57d68d169381969f53cc4506879fa17c4,Unlabeled
0xc25d6936accf444bb74b848ddd6d494ab1943a18,Unlabeled
0xceb217fbb0bf91544f63d97d736f580177a47561,Unlabeled
0x8ffa7a7d919b71bd3e34e8490dcf909812481af3,Unlabeled
0xd8e7ab34f1a6bbdec48db0bf60e99200c67be200,Unlabeled
0x4cdec89c8ffdd68ea7a8a46f40f8392e3b907796,Unlabeled
0x5dce835b223a61e4310eb75b623b01c0e20c0eeb,Unlabeled
0xbc78024d06ecbcc4d4d860fd3b3f086cfeb727f1,Unlabeled
0x4cde98f5d6f0bb767b2ec83124a7d02f67d07796,Unlabeled
0xd7935edeac85c064b785a46e839e3db986c6b5d5,Unlabeled
0x4b15b5b87037ea04bf7e505e6d8809ef389ace9d,Unlabeled
0x1f7d1b08815f6096e3b31ee45a6130abd4c5bfcc,Unlabeled
0xcc7765b1ed25a3f806db4450c996e8cce6b17e1c,Unlabeled
0x4d0b6b4215c7fc73c3c612f7a6a2c45235b0771b,Unlabeled
0x53291350b4245c6d2464cca009995febe6f070ba,Unlabeled
0x19985ad20bdfd91bfa615e25438d943b565f013e,Unlabeled
0x77abdd407f8f354d1cd7fb4569b8c8a29a4847be,Unlabeled
0x1f7d3fd342abf1579a2e882511b6e49462d4bfcc,Unlabeled
0xa224f77e6c7da52608c6118f683a054dc3c9052d,Unlabeled
0xc9829de5888989ff0a73c1b67afd52f04358862e,Unlabeled
0x9eaf51c4f88579f41ddf6305c778f38b1da541a9,Unlabeled
0xebfaa39bda88035cf96f90769876f99d566c2198,Unlabeled
0x1911998283e6d4443cac0355aff536bf6983d3cc,Unlabeled
0x383b91d8c24eb2cb4349508e9351bcae91229e57,Unlabeled
0x081e3a01a6acfbdd68bcf35b0c507d6461a29159,Unlabeled
0xc3d905027d612e1d49148084e0eb78b9f911abf2,Unlabeled
0x0d2ee3df66e647e058a76c499abdc35eab9f573c,Unlabeled
0xdb0889ed700eacf9b34941064420908322c0ca16,Unlabeled
0x69b2503af7c2acec4ab6b2dab5eec8221f10d2c6,Unlabeled
0x530424c84a8974782f4630b8f2aa471dcbe5eeee,Unlabeled
0x6722b2c28d7d299b56a5febedbbe865a84ee0d7d,Unlabeled
0xbdd9def7f427dc8db941cf4272b206e1498c7cf5,Unlabeled
0xf6daeafe600fa598eb1b44226ed9d8efd34458c3,Unlabeled
0xe56b345a5ab95f556777d91bdfd501cfd534ed85,Unlabeled
0xc2962fd8ef858c9cefa93b157d0f03b6df4a2e3e,Unlabeled
0x0d8c376d71fe108f0f776d131d024dc363e9b445,Unlabeled
0x17325007396076b293bd5bafbbd1ab059bba2942,Unlabeled
0x2c2fbd030d348ce91f7ad24fa7cc55495f8edb15,Unlabeled
0x94422840d89955887b7a3c03ded278608dcef8af,Unlabeled
0x0732fa0d33aa6812deabbbe1d12e0b0928cd8d03,Unlabeled
0x42c614102c07851f83c4dd401a60534edf8418ea,Unlabeled
0xa6c2df06a45d9d2a19c10431efeb27cd3d25b554,Unlabeled
0x035914b09f18cfe74b63932b86a08e41bc019688,Unlabeled
0x51db222c47ba4dc703699c00a278bae9379799ab,Unlabeled
0xf5b00fe2456168a0afa5abb86fc6684c1c13086b,Unlabeled
0x4d1bba5ff83cad2a002e868783fe74e338b81881,Unlabeled
0x4799dcbf20e1310ced91d066011bb54c0e470744,Unlabeled
0xbc8dafe3399c9c5000b2f0f3963ebe0133339fda,Unlabeled
0x1c73fc74323fa21c06d21d56dff37fd5e63acccf,Unlabeled
0x6bc578ef71081ae6c784d44f3d174ff9a85adb9c,Unlabeled
0x93c9ad29702c47179987f75ce2b3626335714dd1,Unlabeled
0x0b8c115ba70a7037300aa551f1b31f47eba3d094,Unlabeled
0x88fbea6f58416ffd540afd64fa03188bb782802b,Unlabeled
0xed8cb4d1a4cc4a7ae1014f6ace67e115d7cb390a,Unlabeled
0x4036cbd486979996eb5cbffaa54f6bf85ec38050,Unlabeled
0x7f7786f189e3de6163e395f1615770b34ac8e35d,Unlabeled
0x674117d3380206b41d0668f40f012a6c1569ff44,Unlabeled
0x01f44c0e4b3c579cd58f34a3355648afccee097c,Unlabeled
0xba9fd438145209a6149a1d79bd3ddc370d0548a4,Unlabeled
0xaf76c06d06be90fed5acf3d1de48d2e1a0b35e8f,Unlabeled
0xad76f458264ab8aa108ee8e25763590e0740d0ab,Unlabeled
0x0d12c855231cee3e5a1a19bd65ce9e977c358e9a,Unlabeled
0xaf097e83d01327e0ab222f7f4b1dea0bd4adc4fd,Unlabeled
0x3a15cac48a2fd24f5c480e2d0a97d388ac418c02,Unlabeled
0x14c7301c12e7a73de53bcaccc9f8170fb5d102a0,Unlabeled
0x15ba20e2b5fd117ca2dbd8d94c07f037e5eb3364,Unlabeled
0x74f47a9f93f86ebbab94d758a63c43d55ae73f52,Unlabeled
0x0dbed4ff0784c813beddd60db05c10b1dd1cf63b,Unlabeled
0x4937d736e02be1d0b326b81405591d10ea01fa3c,Unlabeled
0xe8d7be1edf0ce75dcc5843188d9264e7906ed5fa,Unlabeled
0x4d0bccf3df4c55fe4517383bbf26eba81af9771b,Unlabeled
0x0829b6766f24925351ab21d604d066dc247fa17f,Unlabeled
0x1749853022a3452fe729fa7e0b18a8a3de3bf007,Unlabeled
0x3dfd23a6c5e8bbcfc9581d2e864a68feb6a076d3,DeFi
0x4537f54ddb85c622e304fddd10837adca209e1c0,Unlabeled
0x636039fc0c9cf0c7122aa84d5d6ef5cfcc91d051,Unlabeled
0xff9ce91fdcb9ecd19413a58f7b5395f9bd38e62c,Unlabeled
0x0f3815ef947692372e72107720d028ad2fd171bd,Unlabeled
0xb8f1d841e47df72afa1a05fe99b3e3b0f4e4ff58,Unlabeled
0x57619292ffef09e27be564ed46725dcb60af317d,Unlabeled
0x8159599e14d3bcbf8fe63db398f84882c9cf627a,Unlabeled
0x0692d62b7fee874c8cf89d8d3a6d58c5eefe26aa,Unlabeled
0xd75027356796851063ac0a518e2b9c2a30da12a4,Unlabeled
0x099dd0958e5534749ec0a81c01bae1f56a631482,Unlabeled
0xd7a68fe3e5a9805daeb8e7e0f56227bab2e45f07,Unlabeled
0xb5e5367eae5cc8d0dab9e39625f1489f9bd41307,Unlabeled
0x28320959f0ff276006c180e002a97961e9b49f4c,Unlabeled
0x1fb3eabb394f086ff733752d95d529072fa7fefc,Unlabeled
0xcb205d7ca9840393f43941ddeac6a7bf8ded4c5a,Unlabeled
0x956f15280d57480039d1fe62423a305172c5f24d,Unlabeled
0x8ad96418ce3d5243c36506ad0c8edf74de6c4993,Unlabeled
0x11b0d4911bb8599b20316d6f002a2808303ae0ca,Unlabeled
0xc6275245f84c794617d78692ffd1be73720ba81a,Unlabeled
0xe35cca1ceadcb487336222519cf59dd4607dc691,Unlabeled
0x4f13462625e9b9d2bc9edeee4210db4dfee4f783,Unlabeled
0x0d7c037f8f8efc047c3e6bb57f7f47435ed7f820,Unlabeled
0x2382239b35c1c69a265bac5b6038323718c34481,Unlabeled
0xfe52e8b881d7ad2e0bbce41f7eda87f4e1bcf287,Unlabeled
0x65da6725d8be6090b07af197969ca64720a79853,Unlabeled
0x5e9c56f2e693fb8a37416f7f6c18d4eb7edbf22a,Unlabeled
0x5732e0ec5fbbd25233d35c96fb9cf5ac154010c6,Unlabeled
0x8b1fb4937bab5d02248a0825bf2564863237b00f,Unlabeled
0xe92e2c4514254af20a55dbe6afd5482a593ea03f,Unlabeled
0x22317cc0563b2d53953e4cee52881dc6d57de2f6,Unlabeled
0x6d59ba94c3793a821dee36bd2873a9cf3a85ef26,Unlabeled
0x81120197f578c0ceb8a30a7386e3efd3716bdc8d,Unlabeled
0x75c686f95eaf04b33c6263393502a8ccb5511cfb,Unlabeled
0xc0e18f97faa18307a0e9556e7e59b6bbc11de5f0,Unlabeled
0x1a90826bcdc168a8bf865f39c1b086d6f5888203,Unlabeled
0x7b60898572b2117fbc7d7b9a3d9ca115478125f0,Unlabeled
0x1be883142afa867c060b34f98b7a236248434c61,Unlabeled
0x851ee2c974cf792a229b4db4fb08d9065ff598dd,Unlabeled
0xea78a997acea30fe5334142bab8100c93fffa9b9,Unlabeled
0x97f785f80a2e1fdeeccf50753c046eb883a17707,Unlabeled
0x514583642b98cff2b7f9a10b0aba820a5ce3e025,Unlabeled
0x1117c3ca3568c857f29554fcf4397858a48f2e02,Unlabeled
0x74ca648eac5dde95f374e1d8f07d9c7e58adf227,Unlabeled
0xa74ca99a6d6a411180f1070104653c9bab294886,Unlabeled
0x8cc267eea0585f2b1c0c4aef864edbde13e45186,Unlabeled
0x678b528490ad25c5eb08a928c48f27a754b5d308,Unlabeled
0xd60f4644c4edcbc5ba0d2e993e9c415e360ab16d,Unlabeled
0x9e68a47b1fca71d72de3f22b50d302416f73d7c1,Unlabeled
0x81d8e7c69d0dda2631e83c6669efe9cea2bc50b6,Unlabeled
0x10974aa5f8fc57e546a9e50cd47b732c0394930e,Unlabeled
0xffbaa0de31cd06c0031682e6e991b2515e71192e,Unlabeled
0x4cde4a8f6367810aa51641d92ac2a7a9dcad7796,Unlabeled
0x39c33478d7f1f5901564c73aa4a4c1202168aa80,Unlabeled
0x74191a397e1065535e34057f0778bd2befbc7f36,Unlabeled
0x600d2adc187a672e541f24ac44599565be014bfe,Unlabeled
0x5309977b0feec7231acc7593e38d56b82f177f3d,Unlabeled
0xed06f4273fc9fc0039ee0e223df70b2befba100c,Unlabeled
0x4cdb2078710ddbb40facb61dce2b630c952bca8e,Unlabeled
0xe8bff2c02015c22d1794ce326dbc7fdd996221b0,Unlabeled
0xd52f68f0063938bf1eab288cf7bd129491f0aa44,Unlabeled
0x6d7bd959a8051cbc7a14deba7ff6ac843259bfd5,Unlabeled
0x1b8273aa272aecc43c580ccf6ab065d15ef91d69,Unlabeled
0x76ed397edab288a7db16a3b53eb5d737f8d66d55,Unlabeled
0x9122f931323e7cadc2ca09ea913e07673873663a,Unlabeled
0x06e6fbfb291be03133bde253b64ef71401bdd591,Unlabeled
0x4cbbb55f5f0f2ce0321dadce9ee9f72f136eb6a8,Unlabeled
0xa497d39c07eaa23f702433227839157ab63bbf73,Unlabeled
0x2649cbab9234e67b6c6dc14f8e4efdff0ad3044b,Unlabeled
0xae22fa61666f1ca427c80000f9b7f31538fd49b7,Unlabeled
0x3208c71ae37c51378593cf38256f5ed2b6b8d543,Unlabeled
0xcd458d3f97633d008d2c2b31cf8410f6f998e486,Unlabeled
0x8a5b9ed0d989f3c532b3b51318c1c597cfd5c08f,Unlabeled
0x5b38f849fae1daaaaed0881fe5b6b2e91b98461c,Unlabeled
0xbaf23971fec1f835a854844d0f11d58da1e4724c,Unlabeled
0x0384a5fc9807475f191118e3a88889f6a4ca7115,Unlabeled
0x0bbd131b185106f21081504434db92c76cc843bb,Unlabeled
0x6b3f2b76d722e58fbfe506c7a351bffbd910202c,Unlabeled
0x0602d16118b78fcef9f475493c453b662a9190aa,Unlabeled
0xd5a10e29755dab247a2d13c1eaeb117c07f610c9,Unlabeled
0x60745f5a9742fe905bbde2f57808416edf2b8696,Unlabeled
0x19117d4cc6931498459415fa7e20b5e17532d3cc,Unlabeled
0x22a88d1fb7c38b3b09a6b09a0960b0cac7689bbb,Unlabeled
0x9a52cf7a05b57592bc6dd47dfb9f8094d5042cb1,Unlabeled
0x60943cb06b76a24431659165c81a03c16f1c325c,Unlabeled
0xf501091eddd9985ea41c35304ba657d963672d2b,Unlabeled
0x01274b0def8b96bc4c39a06531af3ce996612f73,Unlabeled
0x49e5667d4f89e3ede0c34d1bfa359190787f246f,Unlabeled
0xe3c9d5b9e32552509b4f01b1c44ce4af3a64ca78,Unlabeled
0x623755be9699b151337bd5b48e535cca32f9c2ed,Unlabeled
0xb5f421d4d9978dd28505d460a559374facadaf5f,Unlabeled
0x0eb181bc516db8cbd6a3dc3fa5e827034c610a1e,Unlabeled
0xe80608e9dc36de06b533392b1f1c3381b55056ab,Unlabeled
0xe8e2fbad3f8584c5fc2e3fc81202789414007d88,Unlabeled
0xc0028e1c8ed88548c8327945a793e0ffee9b46bf,Unlabeled
0x07595de4ec12f0714a4ef6ef5a7a8e658c6ae1f5,Unlabeled
0x53d12145b628599237872f40a45883977d6fa59b,Unlabeled
0x0c09a9ecc0c3be53676a0e3ff2a573b83f15f1a3,Unlabeled
0x71a6c1a109baae9f6d46c96b19b56321d75a643c,Unlabeled
0x87a0811a260d58dc9d5b80d04bc51e9b6187d349,Unlabeled
0x4668243d0c2a8d677ef475e0f42d613b648242bb,Unlabeled
0xe35960927579d3b3002d9ec437a652ffd58ed0be,Unlabeled
0xfecc5ebc5aa6aec73941ef728c26b82d1d8ee4c7,Unlabeled
0x55e1e4c3e7c8677250e52c13feb9945cede09c79,Unlabeled
0x301075fcd3efcfaf7f3426b40ffba64af549a01d,Unlabeled
0xdfa25269ce62559dbfd2a580b2483f3948e0cfb4,Unlabeled
0x14148a01634b65c97f227cb840bfb8f94c10134a,Unlabeled
0xaf4a0bb2bd5c84ecf2a63f753fb80cf1e5d43754,Unlabeled
0x5d8f42503ea6e7807daf04047aa749e43847be09,Unlabeled
0xf8b100de8a98e3be031b338517b34262b39eeb6f,Unlabeled
0x0d35520e9a0b4f73172ddde480cb0b1f54ac84f6,Unlabeled
0x7aee346bf32d4e63942da96b7aa448eb8227b6af,Unlabeled
0xbe884ecacd0cf86d851fd7ddcee8a2b0ff435c82,Unlabeled
0x0145b640cbedc323fa48bf5f85bbb42d610fcdb2,Unlabeled
0xf802aa5b93d62fb4881f75452faf88105560ae44,Unlabeled
0x72fb225d414fd18bbd6825ca1fa118f7907d1d3a,Unlabeled
0xf4a1c3a0f386867938443436e07c60f8c35ceb71,Unlabeled
0x4adf4072ac9706f3a5bdfe680c3efd3deed93c9b,Unlabeled
0xf8213be28395a45bd51c8f4716c58ad3c2b9bcb6,Unlabeled
0x0fcdfabdb90e8706cb2a07583e1f0aefaea209de,Unlabeled
0x887a6d356e117c148e98278bb5c9cbf1691979fb,Unlabeled
0x1e39613b2d29055b39d9e27dd1c8cb6f93500595,Unlabeled
0x6892ba7febc703d19aebb35b79846f1fe33153c8,Unlabeled
0x6a3fcb95c30fcc2d798955e5ce705f4806774f4b,Unlabeled
0x77b0c92bc2d83397d3a718e124acb9ac477da964,Unlabeled
0x851d228d3f66851a61ece0ad00ca64e67e534368,Unlabeled
0x18cd90419657ac306ecd46214b637a33b6f6b323,Unlabeled
0xfd0898d558ef7d6f2184ee618b7f92f494adb5d6,Unlabeled
0x2a93f88e70df0ebe9cadaf72940de5a4f4204a29,Unlabeled
0x20b83eced0e3828f292fd35459fa4c6cf1c67194,Unlabeled
0xa6c840a62fc019d210a4253da6972dcf50f51592,Unlabeled
0x2c69da79aec59a4d2578f99e5d62dcab18b296c6,Unlabeled
0xc45966de84b39355a3714f5511198789d8c2dfbe,Unlabeled
0x9af41fca93f2ed7abfddfdc5b7f3b28b76703f4e,Unlabeled
0xfe75cbaea8b7bcdc8273b8565a2f2ee472397b67,Unlabeled
0xddf08c5a3548cfe9e0656e4ef02b58e3fca14c07,Unlabeled
0xf01b8a1071af1eadb9f564d34b569993fe602f73,Unlabeled
0x730f352711f526b406dc6102ec324a5c9e4a5e4c,Unlabeled
0xfc89c020774524c9d03bd5de48fec149b10bdec3,Unlabeled
0xfc224da89c542731d142200d523e0cd082832507,Unlabeled
0xd246d0944cee83de0af4b1a9b850b4cb3bfe3f05,Unlabeled
0x4b0a8fe464753870cceaba8ff4fd4807be4cf406,Unlabeled
0x9fb4b2a77d0a064d4509aa9bd8b0cd3f0b95b4e1,Unlabeled
0xb0a314c4fe161ec270c5be32163b368c29ea6ff1,Unlabeled
0x651d952dcce5b7ace8f21fde4246187cd263cfca,Unlabeled
0xc3a3136e4b9696ba8725ef2c2b41739f4c13a83b,Unlabeled
0xbccbe8af1d71d05f6ea1d9be0e957cad7b487b8f,Unlabeled
0xaf7320f156b3464ee5b665fcd9b178ea6dfaaa8c,Unlabeled
0x3c2348e54c5d1bdd985a1767165e0b8a00d25dea,Unlabeled
0x268780bbb00ad592a2eaafd65cdb6aa479fe9f44,Unlabeled
0x816abb7f6342aace8d8fd81e51fd612368a2d7b7,Unlabeled
0x7f183cec035b75ac30348c07dc19ed7ca8e25553,Unlabeled
0xe176e7d3878c911e08984ac9361b6558cba805e1,Unlabeled
0x4d4b63d967d1ba7165db7900a992515c52de93e6,Unlabeled
0x18870348a9e3c28930c22631222f19cd09fd4ccc,Unlabeled
0x7af183e5c6b57105af027c9458a4326bc54998be,Unlabeled
0xe059a68df5b589127ca69e2efdb7c01c3282b72a,Unlabeled
0x2f7b8a5412ee05aee7be2f864bfd8c94a8c6f021,Unlabeled
0xff95eed808415048bd6a7a8928541cece1c010e4,Unlabeled
0xa6bd313bbd56954087e877fab441479bf8fc1dcf,Unlabeled
0xbf84721cc6a0d4895d0f186498c7382c489878e3,Unlabeled
0x6d50176c5549a2b1da2d7abf5b005cef011ad0a0,Unlabeled
0xac0ac0204165cc01824a0f072b3d07436784d4c4,Unlabeled
0x9e705d7f2f6baa6b2e3fc35ff3b3569a1a8740c0,Unlabeled
0xc6550c14699694042328d44f2fa7d9923122d62d,Unlabeled
0x942f13be20eff3a021337b48365d9af549a71679,Unlabeled
0x1d6a32617352892d8fab3512bc7af4b12d19274a,Unlabeled
0x0a04d889921c9887989bb3f4c02970ac755a54c8,Unlabeled
0xa14571ca6868d5d6d0139dc5581700e37ff0fe8a,Unlabeled
0xac336a0f92099893e6545ce75f99302b29cff4e6,Unlabeled
0xdc354e06dfa338c9dbd7ae52cf9f0f6c06d82a2c,Unlabeled
0x4f524d23180f3bb8590dffd9c8b8d78b7366cd86,Unlabeled
0xc0985fa92ae6c0754597d699cc9232eb70012a2f,Unlabeled
0xd0572f2d8d8c49c19e7070799f25838fdee6d586,Unlabeled
0x7d4bc1884f22a5126a4f82b05f3e0eca7bb4838d,Unlabeled
0x22aac5fdbd93d0bd6d54eac41939efc30abacbb7,Unlabeled
0xf40a75e41130e7a692290f05fa80908c0c010db0,Unlabeled
0x566a00ee7b48b39eafc6de905dad87cc83afa4d2,Unlabeled
0xb49d4b65795e62205bb3bbbc747874f5851d3cd7,Unlabeled
0x46df03fa9ec110c7b269a7db8842c181a41c9234,Unlabeled
0x025184c04a3a887c800a3b4afc65ba17ea82a2bb,Unlabeled
0x83a041583113cc2c2a2d95d5986c3325ba187306,Unlabeled
0xc95af8a6b05c992ec654c627f6cf3f469a7c0930,Unlabeled
0x25e286d5e1b9930d504fb04dd360c1d2fc2fd2e0,Unlabeled
0xf05d974279a0dbaab0d85c394c3b91daa102fb53,Unlabeled
0x75f19dacb03bdbb090c7fd64621f9a149f0d3e03,Unlabeled
0xb18af561a8f59d5147d531b434ed8ca095545b60,Unlabeled
0x265f9142e4f5cabcbcc370aacc236abdc1ec57b9,Unlabeled
0x38f5e5b4da37531a6e85161e337e0238bb27aa90,Unlabeled
0xe080fe75dd7341851262408653e6d565a9bba773,Unlabeled
0x91a8f454ff465dd323c6d3737535fb86c05b282c,Unlabeled
0x1c76d3bc36268ff1c15eccb14f5a31a5f583853a,Unlabeled
0xbb68b4e12c356d12a937c46f3c32cf26a4125753,Unlabeled
0xdbfe876d9175216277a34999f32610cde103bc42,Unlabeled
0xcd0c8c94743717f3fb4f1b91396e36fc8e0d4e01,Unlabeled
0x1a23ac600f4daa259be0473e3dc64804713cb4e3,Unlabeled
0xb7ff3e5374f49ba0f6add1b284d63190f5166494,Unlabeled
0xc00251269a265b1e515e9bd2c2bb6186f02e46bf,Unlabeled
0xe8e2943991b11e6d78fe51889943521dbb6f7d88,Unlabeled
0xa8483935f5e135393a4e0f88716077f2101b19df,Unlabeled
0x4390a3e78a6aae936213af7745814659940cd459,Unlabeled
0x30b7d15348c921a4ddbe40b4f12bff39245ec1e2,Unlabeled
0x79c9706cf94dafdbc135367a9da7f2adfe1f44a6,Unlabeled
0x7be5ec6129b84b82b67860ba6e344ef7a48e15f5,Unlabeled
0x593a93930fc2523547a6132eb40876d740d4a8dd,Unlabeled
0x0eda897f98c5d13e73fc157ca55bab795f806c14,Unlabeled
0x15e5aa773c3ca1b69789f8acae62ee63c65685a3,Unlabeled
0x0492514ba9de9314f12455a43672aa8f0df10b60,Unlabeled
0xf71cbfde2c4553361dded8efd245400002692fc2,Unlabeled
0x0df433e890793b488c13d18f5d113cf194ddf7ec,Unlabeled
0x7515e0e9010bc8d9ee90b1b55a1c4987af122fa6,Unlabeled
0x57b19c755644b4f9da85d69e9ecd65d13528810e,Unlabeled
0x07a5208e48a282fece51fb1ac69385bea3326437,Unlabeled
0xd1f404ba1295c3176ddcf182103ccea79928614f,Unlabeled
0x4f3207e2078ec9b118396f05243900b13e54a873,Unlabeled
0xa357182d3e75f3db557b69a2913ed4568e27b139,Unlabeled
0xa285efa895b2298590d8f5877a6dea7fe21ab642,Unlabeled
0xd22690e133a432f14226452ce88d92311429a0b7,Unlabeled
0xe611024a32af5d586bad2d14aa65e19c246311ec,Unlabeled
0x583cc21299fb25f2ba31349977f30f6794262d05,Unlabeled
0xc294135384bc29e75c83adfb94f35c69841efcad,Unlabeled
0x20ac365251d0494d35733f91162ec8f22e0feafd,Unlabeled
0x5e237abba1fad43d10f841163f590ecd9e7ad619,Unlabeled
0xcd24d3757704ab35176287941747df3a00d98d86,Unlabeled
0xe17eacb7528a5dfa152c65c097f366f9a5a53f4f,Unlabeled
0x3cba557a1aedd788ce4c1198ce33847b99108cb9,Unlabeled
0xe88025a910e3cc100b54976a67bfe6548b68d652,Unlabeled
0x3ba2e03023287494d7446323b20487a3a4f3474c,Unlabeled
0x5b809729dd998ed46d7637b76b909adc840da9ea,Unlabeled
0x9c295f38893b216abb0c8194d34170b66e80decc,Unlabeled
0xfde60fe3f7a3ca07362e087fa8b2fda597a95f4b,Unlabeled
0x7a1c9117a75665c3ef7e5c9fa556710f4a7e64d6,Unlabeled
0x674062d329fdf19a575788677b6696113fd52c6e,Unlabeled
0xc3313bb24fbb4472f9b909aa4fdaeca124c6259a,Unlabeled
0x03f4a76ada46f79bc0dc107a106a242e62712eeb,Unlabeled
0x0d758f08ae2e6e2669d78e067ebf451787820b4e,Unlabeled
0xf5b4f229e5b1bfdfa7f4d597ca1762ceb401074d,Unlabeled
0xa230970e3df4e6ecb76fca9226e985524a9dd9e2,Unlabeled
0x5f018d68aa1467d8f55eff290979c4eba04801f2,Unlabeled
0x5d91ee8673f9b7c74ba4254b3affcd8783e216dd,Unlabeled
0x2e0970331a478d75c57631d20b1965cded5279be,Unlabeled
0x4d49e3902c57baf1dd386ca9cf10c170144d3f21,Unlabeled
0x7f823adeb7dade1240b9270830ea65fac5d3b00a,Unlabeled
0xbbcc1a8cf6f2de135a491d5ccf0c1310004922d0,Unlabeled
0x48b9a8346da23429bf74a3f54c51039af11ed615,Unlabeled
0xaecd99428b4993b35317e3702d728af7729ab0ae,Unlabeled
0x8a6abe2beaaf39c8e2b79dd77d2ce77b8d4f08f3,Unlabeled
0xb25cd63998e90abcb03e0778bcc3363830bc1049,Unlabeled
0x8eb4f757e63a0f6e9f131b36617b043a8bdd77ba,Unlabeled
0x3db75701840c364b2ca8b56b4c136c19c9b2f260,Unlabeled
0xdf80a157d2fa1abce5e6b9af60afd2d3c686283a,Unlabeled
0x93472172b344693f2c8d1d0d32b9f06eec802648,Unlabeled
0x83c7faa2148c0eaed1364b7639c8e7dfda7379ea,Unlabeled
0x1f5042359556b854bcde53329dd6a1ec5007a5ae,Unlabeled
0x97a2dd362460b6772c6acaa6c3b5f1f5fbe1d04b,Unlabeled
0xef9b3978e12b7cf1e79881629d3277c62760b311,Unlabeled
0x02e8aff9686960ff1680c9f4b2ab7b4e97e4dc64,Unlabeled
0x99e3fb523d39221f3ba00b74258553b0db2a4aa1,Unlabeled
0x3deccfb5e640110413f927765788b29a31001b9f,Unlabeled
0xc420adeb9684f28445314b0583c53bada31ab8a1,Unlabeled
0xd17ae94e595c3987c277114aecb377e89450bc07,Unlabeled
0x15353243fe9880432fb2789605e4f3948ce6c380,Unlabeled
0x7cf3eb8c2ed2cfac67a83c93191e988902aa4aa0,Unlabeled
0xd20757552ca19bd5d0f247e1d1ae95e75afc8da3,Unlabeled
0xdd908842525d46cee80f5853901c6d380309f180,Unlabeled
0x78d8b445a6771f83e0149eb91b0dc1ad53d15abb,Unlabeled
0x4058c5cf11e9f23328f58fedb7fd3a932ab90deb,Unlabeled
0x3c76b88c60734976e982a619ad074200223d2224,Unlabeled
0x4637fcdf4e330acfb25fe3d2b76343df8339959e,Unlabeled
0x38c25dec59af0e6614dc75f3f16f2e239d97b1f3,Unlabeled
0x53b477c89bafe1b568ba1387f6cb369c33a6a51f,Unlabeled
0xd21258ed22bebc33bbc6333e0ba6bbb44014a9ab,Unlabeled
0x2b9b8ae7dfa38af03440ba60c713d30fb3adb862,Unlabeled
0xd212890d6f08db7863fb0fe5aa0211f2efc0a9ab,Unlabeled
0x8e8ba9c6614144b9d7afb1411bf56885a9badb69,Unlabeled
0x6803a9fa7f4d68f15cd1ca684ef9e9e7d168b7d3,Unlabeled
0x57cb15a2168f7b0e289b7d395abfe711398981ad,Unlabeled
0x43e0e04daf8900ff628b659fc099e32f4b267a3e,Unlabeled
0x00cdfd5059a754f8d3d1584b2aef475e5cfbb341,Unlabeled
0x26e96499edd9a074a3bff430eaba3d403b157c13,Unlabeled
0xb828691e4cbf0f1a4c196884f0b9bf5bef339c08,Unlabeled
0x8508ae643dde7b1d70b49c915905733ab5b0ee0b,Unlabeled
0x414ceac08225320eb948f9030128ff6259860a82,Unlabeled
0xd929fce80152e986088af291b582890a6c6bc619,Unlabeled
0x53f11595fc04619aa7614f6f744476e4d2aae761,Unlabeled
0xe7d55c41e17b606fddeb29808691bd469c0e5bab,Unlabeled
0x1677ee04ccfe9864201fbc686071a9cbb7713cef,Unlabeled
0x56613ad9f3d5df30c48f278bf2b9e41bbe287039,Unlabeled
0x000000b414e82a756ab24e93a6fbe37f1728350e,Unlabeled
0x2a1342962455970673b431eabca5a7c4e4cf6034,Unlabeled
0x55e18093c375888051a33b99a0079cc3e8129c79,Unlabeled
0x9112d0d64543d795a1143afc63fc3485b1df1224,Unlabeled
0xb49cefaaaff2453e5c21f6c04fd82463460d2bf9,DEX
0x49137313f8692d427a8f178e2f35f6d34d62bc03,Unlabeled
0x458e433ae998f687d5ec323077521fc2721c5e20,Unlabeled
0xdcf4c5a0988254469be8e3b3be423fdad3098d23,Unlabeled
0x90305f306b2befe9c4fa996a8d727fcf2959e699,Unlabeled
0xeb8a12a54da761b2fbb43b2be67369928ec83ec0,Unlabeled
0xa395ba151cdb7aa17586afe3062dba1eaa42b18e,Unlabeled
0xe1e67679976692da81a6d78420f011219ab1768b,Unlabeled
0x4b9503792fc7b74b64affabc1431b5bce546d6b0,Unlabeled
0xe5e23400282c047d31c88cd5f63ce4eb063ee206,Unlabeled
0xf28a80cc9aaced821833d9e9979c89ce0a9b9e76,Unlabeled
0xfc27f0cb9401ddfea83e4a951374c98863b42f28,Unlabeled
0x758ed73ae19d1c8b6b27e42887429458e25876ac,Unlabeled
0x3c4b341eec5f489cfe1ed334c4ecee0d8879d824,Unlabeled
0xfd6183f97edd97b7a44a3f9655e875973a8398e4,Unlabeled
0xc0f06a313e20b7ad93a65dcdf0f208998d1a4596,Unlabeled
0x612e2f825ad33a1dac061f6c331cf3e0dd42663d,Unlabeled
0x23071802e394c9f80f8e2f2b4a925fd6eb1a62d9,Unlabeled
0x6075f4adb71e3cd7eba32303ad45ba91458687cc,Unlabeled
0x8858271190f472762df5edd6a8ea041fe30f2d58,Unlabeled
0x04055bd68d87154478400ac9800a2145ef3952f8,Unlabeled
0x9188f5a1a617c41bb848866325327480198a4e53,Unlabeled
0xa3ab4d58e4bda0b4d311b87f53ae54eede892a57,Unlabeled
0x608b23eb594e2e3e9988b48063bbf86db4cde259,Unlabeled
0xdf05ff03049ff80fcbc756d8bb0d8c9f143494f2,Unlabeled
0x54ef6a4a855c3c74c82a991a433f01119a363f8f,Unlabeled
0x4604d8711f504a7ccd35598d7ee0ba8bcabe1416,Unlabeled
0x0b620db56fbc04bbca58df4a85fc959d24cd7125,Unlabeled
0x1b0d0a523820161784f5cb50df1281e707193fe9,Unlabeled
0xc80f52cad9cdcb9559b8a295e8c96b831b0eed74,Unlabeled
0xb6ac1f1c0c42a036ef0db030b608c53e8424c04b,Unlabeled
0x051f1d88f0af5763fb888ec4378b4d8b29ea3319,Unlabeled
0x0f1dcdcf9468e10ef19a3d80e67fda01a4c73611,Unlabeled
0x4c8035c57f4f3647e04a4e5fa7ad4d88cbdc88e5,Unlabeled
0x0c0c90197baeab6b8fda0e589a33d7ce75feca99,Unlabeled
0xbdddf9591eb39171ce78c276806e2e4034146348,Unlabeled
0x912a4007a88b7c8d47d107279276205dbe20dc92,Unlabeled
0x855eaff58f3f627653c2de8b5ec771ebaf0d1a21,Unlabeled
0x167d49f106bbea59587ef3c63b33e6a421af1b8d,Unlabeled
0x2b55aa0e747cbae47574755867e2a48654556f96,Unlabeled
0xd249221ebb49da069827d60572a23ad0e2627f08,Unlabeled
0x0000005bda70ac8687bcf1cfc3fbdf1a0cbb36bd,Unlabeled
0xf47a001dcfe9e6c3adab9ea1d4600a25914a6e3a,Unlabeled
0x64ca45e9986648dfb682fba79ca8d28676d3ac6a,Unlabeled
0x180327de1a0105fc4771fb958342cd1097642386,Unlabeled
0x0699569bd4a5ca5921da58f65d671029a29e17fd,Unlabeled
0xaeee4a79c6463c03a8ea248339910bc85f4af294,Unlabeled
0xd55f0760bada0c70e3373b76f293f922138f5baf,Unlabeled
0xe474bffa01ea18f2d380c46309ee36e95f4af294,Unlabeled
0xb8ccc24b454480e8a44285bcdff2f48a698ad64b,Unlabeled
0x543c8297f6265e2ada57562ab8eddd20522c39f2,Unlabeled
0x4449f50b9b9b868393b7582dfa0aba8d6f635f10,Unlabeled
0x20c5b10046808c331e7aabf202b0c20ca526cc0b,Unlabeled
0xc0f0cf7ad4a96089bcec0129e71e083fb59b8c9b,Unlabeled
0x0d0fd3bce8ae6021cfdbe05b9b657c4c9284c6b9,Unlabeled
0x312c72e52ad93086a6bae755f58907cca309d033,Unlabeled
0x23251dbd6a177f1c04322cbcc7c19fe1687c70bc,Unlabeled
0x2e1ed76d589137f16169876d4842ebdb0bed92a1,Unlabeled
0xb3c835edf58a6bb9133532179aa6d8acebe3c30b,Unlabeled
0x69d238ec57448488ff6cfb0725eb227da8a86e89,Unlabeled
0x1c953fd17be2812ab08bbbe221bb7d2687fc884b,Unlabeled
0x78f225869c08d478c34e5f645d07a87d3fe8eb78,Unlabeled
0x2818aa41a18ab75c665cccf02be1d8a0f7261c78,Unlabeled
0x3b1b86cf49de941815fd1a6268c6828c6343f1a6,Unlabeled
0x4bb49d686ede2ce87a2e0a70ac65000c6bbb0f4a,Unlabeled
0x5b8710568fa82f48a13670c177b3203b0b052bff,Unlabeled
0x7276084de7632f7ed50ac84379b840a3f4ef5aae,Unlabeled
0x2e2e5245aa10f0da72ccfb147d5d8b8bc0377382,Unlabeled
0x90b7d41884d85e3a565d4b58a8266fd021573119,Unlabeled
0x7cc73c85a487de94afb53203847e927cb3b7f0f2,Unlabeled
0x14968a0b19bdb6ee33c336571f83da5c929f2a6b,Unlabeled
0xc6c3801796f536492d4b1e74f9225e95fff236ef,Unlabeled
0xa6c2b8fd483d1b323b0f07e2ee9e1a064e4ea672,Unlabeled
0x522a51a11f83e76bdf1626c059aadb8d4b33530e,Unlabeled
0x55c390c7e3a940f452ad3035a0a1dd858b11f926,Unlabeled
0x97360c6ae4e8cad555d266f99f753292260951d7,Unlabeled
0xd1763a33c683507d4e72e5bac155eb00292ef50b,Unlabeled
0xafc28dc37d409b44982bb39d8857befc029363db,Unlabeled
0x27d4193fe8ba4db5a47eff08423b42eebd77b786,Unlabeled
0x772c38cad6254d27bd68c797aeb019704eea71ad,Unlabeled
0x214d2d9e3e341fb134715a3a264ea5dd895eda67,Unlabeled
0x621dfed12a41094601bf87a0abfce1f5433a18f5,Unlabeled
0xc681a8167d5fe8ce13f8477cd36d6c1d5c5592a9,Unlabeled
0x3e66a046c1b7a90bc9644c98a53583c6d9635788,Unlabeled
0x3dde60b9bffebcb5cf161d8df135e674b0f24cc3,Unlabeled
0xd1fc264e8e3a3f8673810de901b8777b786ff6fc,Unlabeled
0x186c3e0b0f776c70d1fbb4e8d039e96659aac8f1,Unlabeled
0xfe0df1177ef8467f4eadb5da5079c7ae875bb076,Unlabeled
0xc864888a874fa4023e6685ae4719ea77151bfbfd,Unlabeled
0x02cb516b2bf34ffbcbcfd44a701834b6358c78a9,Unlabeled
0xe84a12f1f74a743977afe706ec2df85661239053,Unlabeled
0x9295446dc4d2ccb764399d65ed53d2703a1c67ca,Unlabeled
0x41f9efb212f2dfbc029fbc7f2daabef6ef056887,Unlabeled
0x9d8134641e0be999f7c2013f01425bae9a7455b9,Unlabeled
0x67fdd72e69320c4ad9ab5d87127031534dcf603b,Unlabeled
0xc68c7f0eb710068aeca0f7edc918269e1d82ad9b,Unlabeled
0x1565f82039fcb9a3f37db0dc0d7e9276f4347c67,Unlabeled
0x7d584172b5af83ebc1ea798d03d7b9e9b259f8b8,Unlabeled
0xbf776b3da4955599c8263f701a893c670e0d4c1a,Unlabeled
0x7b06e0ab5d28f6cee33a096ddf4e1994b09669bb,Unlabeled
0xeab7c22869827225b426a577d0ea5b29ebf6f147,Unlabeled
0x5188208404af8d952e2c662b3177f8a362ff0584,Unlabeled
0x03780296b6eda47960b049f5bf02eab7d4c2e86a,Unlabeled
0xebd5925e853b75de2c038863032285568353a15d,Unlabeled
0xfc77ff29178b7286a8ba703d7a70895ca74ff466,Unlabeled
0x2d2e97fa16ed073e2526a09054652e68c8228aed,Unlabeled
0xcfeba2dbf3b36666462d90c4eb12891ffcab3210,Unlabeled
0xef69e37b87dbdba804173c17aa28e25d9ef6b7cb,Unlabeled
0x0f07200f51a6cbca2089c95bbb66b1d74f80b05d,Unlabeled
0x19940732dfef400ea95ac2cb5942b8dcc757af1c,Unlabeled
0x83505402f372ba8baab3155ff07aae600f00a546,Unlabeled
0xd75da4634468bf2a9b9b413d7e441317a1a875f1,Unlabeled
0xc5be300419af6162de8deca7b45e8a80a75a7949,Unlabeled
0x56f5cf57f7dbc5003a761281b97cee9478b6d12a,Unlabeled
0x8c88df4a427becd500e435ceb6b397472393fe39,Unlabeled
0x00c5f528d8ac773bf58139cd11ee632294c9d919,Unlabeled
0x163b68eadce3552f2e09a920f2e853c88a1270e8,Unlabeled
0xe015da22ce471bf2261b315986c6337d84b89741,Unlabeled
0x6ced7431bd4d340f41265b09d61e04050c955b6a,Unlabeled
0xd297472aaa08c4e4515c30bb54958ea180206818,Unlabeled
0xf2b1c34d2cae10b7b7ed598d6b944766cee8ce28,Unlabeled
0xee83e6754a9f1bc00f7ef2861ed7bf357df5f445,Unlabeled
0x0a6144fa659526949998e9e861984d9868a0f6ab,Unlabeled
0x05dac02c4c226da6824e0fd2a944c97ab6a34c5d,Unlabeled
0x99f139ed7133718c99156c16d723d657a5724be9,Unlabeled
0xa556fb07f4f6048b086c8a13001421ff71cd8c87,Unlabeled
0xce0464b9177a680bdbc3d39d42f2cf7a09aa41b1,Unlabeled
0x3021789c3895d51cf0bb4e289e35513aad6b6bd8,Unlabeled
0x06b2e8d91a805edad9a342bf49196a5b884a52e2,Unlabeled
0x31d8cd010057400df0957848853e8ca09660eb03,Unlabeled
0x44cafdeeeed8359acf4a996364d4008c9cd36a0a,Unlabeled
0x66f534d8d1317bb66cd173dd1d9bb65abcffd8ab,Unlabeled
0xaafb55532b94cf47b5ffabddd5aeae3e5197a521,Unlabeled
0x22bca01b3361207243a9886d6842b640a1c0eb7a,Unlabeled
0x58f293a1c1d7020a30a379aa610e07fd31c39eea,Unlabeled
0x96b79a657b6ab08d3ac937a65aa9e7047357602f,Unlabeled
0xc7c1fa33a5b9406e9bd8d6443a431d386cfd8749,Unlabeled
0x05c56b3a1e42455aecabca31c4a95283849d3f20,Unlabeled
0x266be3d92be5dd152fec897209fc082236e6236f,Unlabeled
0x66f5cc1542949f8759433251d7b898b001d0d8ab,Unlabeled
0xfb44bdb8d9d52268c0adeabc243dca6e2e9f5871,Unlabeled
0x18a60159ef7fb7ebff1e768bc4f938a6cc17bac5,Unlabeled
0x3df12b666cf3dd1fd7069c7410b2e421ea24568d,Unlabeled
0x9ad0448bbff3f1b756e3b50831ae4fdd3b840d03,Unlabeled
0xf7c2d8c28531b8a6f5f375a7b012c89fa27b882f,Unlabeled
0xfe5e08cfa00be8b3c93a6dae3e5fa6646128ee86,Unlabeled
0xca9867cb58b8a78e8d75618c5f7381df78ea7011,Unlabeled
0xc2b05320f83b57e31d6621f187ba8e24fbaa668a,Unlabeled
0xc53d7c1498996e7937a61317460eac2a48594daa,Unlabeled
0xefba1923f44ae5c6363bad5d63ac4a799623a077,Unlabeled
0x1aaeee5e55eb876ef71096ab35112279a314ea92,Unlabeled
0x25bba698c13485cb5d532421c907c448a3ceee8c,Unlabeled
0x3fc333ef06a488203e3e550f83005c98edb2ecea,Unlabeled
0x4128922eb11829599302fed5861d6d2e77c2f437,Unlabeled
0x247eb471baee02af9ccfe83c8e4da9115e21e301,Unlabeled
0xae8b09bc9a53e9ed6011b00c68c76591cb260a69,Unlabeled
0x9062f287c162fb7b37933f74a596323185254db1,Unlabeled
0x1db6ad3344f1ae0a495b28b031b80cddd99f2fd0,Unlabeled
0x0b559d838b1b209078d8400824456a7dfbd476e8,Unlabeled
0x7df99d8ba96b4eb5cd6bb1bae6cd20ec62db96c1,Unlabeled
0x63795c8de5eabaa9c799830c674180804a716aea,Unlabeled
0x1495f4756441b1faf039948aff2dd5cafa1b5d1a,Unlabeled
0x3fce5c0cc13bfcca60afd6fbfd8874f8e536a967,Unlabeled
0x2e795a516a46e2d6f3fd4a0da7c15d5f8a680044,Unlabeled
0x99e3c0fbf7abe17db95df85e1d57a95d5f884aa1,Unlabeled
0x9d9e57c01845149cb669f933fb479ad861c3d39f,Unlabeled
0x613f78f38324b94f103ba03c26b7aac0ddc02107,Unlabeled
0xa2c1b678d0aec4cee7750a862986265568191dc3,Unlabeled
0xaa64726414a44ebe882dd55af1dd32e075977634,Unlabeled
0xecba4746391090afa008c5c2f88df27a474a3162,Unlabeled
0x7351d784e1470af4983c3cd680d795e3be815dc5,Unlabeled
0x6bc0912f6c1d8db018a2527cc70399f103b16e7a,Unlabeled
0x51e5ab0277e8bf69d228d6ad3eb4169b13bac6ee,Unlabeled
0xdc7b546b298b3c9ae4976d8fa2b4c50880fa6529,Unlabeled
0x47fc4c411e6285be661b5bc477a37155ae7311ae,Unlabeled
0x454d584fd1fa3b7a9b94367f9102ae8997fce97f,Unlabeled
0x7627dea5e47ce93932eef893d30d92907d47e2e1,Unlabeled
0x549506b5b47e1d902203797b01c6c22307f4c8fe,Unlabeled
0x683339188ef95a8534b1171fbc004c757f5f8d80,Unlabeled
0xabc714f7559310b6d805cd727fc5f8129082e0a2,Unlabeled
0x7dd7c9094113850de054598c8a408001d93e403a,Unlabeled
0x776776a3e9922e0627265ed8d96c265102a237b0,Unlabeled
0x0ff28daa81734a863ec37786f86f55b9e328e862,Unlabeled
0xb7e94b0d29a8078358c55e0709bfba1cc9aa01f3,Unlabeled
0x3cdfa1233ed0fd5591b5499a5bb444a7710f8836,Unlabeled
0x8b53e91869f0542f8a86e4bf17f85119c0da1741,Unlabeled
0xbbd8f59f93bdd27ba4ee3581ba50c2cd55f0fc4c,Unlabeled
0x97078cedbf105dc35819dc9d96b3456d0352ee6a,Unlabeled
0xec9fc235a8064698a2533c2d489deff4fba8226b,Unlabeled
0x7746d12e797d1e0e9deb74d27c48093458853224,Unlabeled
0x7e8e6401446b9f73689646742d47346365e83b0f,Unlabeled
0xb945d819731a384a2f905bf97fbc589bf6923167,Unlabeled
0xd1e8bc61b056b5bc78a4e3553f418d0e9dd89183,Unlabeled
0x4443524b8a34627689f7ed0c0e083346c429eb11,Unlabeled
0x7eb7ef4b7d0b0dcfe5ed5873482bb82064f653e8,Unlabeled
0x398a64c6c2566372d1e5a969fc8ac95cbf149499,Unlabeled
0x09f918b70c4fb9027f48033d8237a27f6473b5e5,Unlabeled
0x7d4b9a1ac0fa0a82d24f9c85662b5f830f47c0fd,Unlabeled
0x946df3b1c86f463c4cae5c694a9f985e79004e99,Unlabeled
0x3068a94ee4f95b601118e1d856e58d5179801ace,Unlabeled
0xc0f36094a654f73247c4c02604f8dd14ff30242c,Unlabeled
0x2abd81e358c38fd59d5cf854cfc87969518d9555,Unlabeled
0xae6cf2408fc0805c11e75b5bc6f0828cc2e69f15,Unlabeled
0x17bc953a1c385b614fd3d01266169141304f92f2,Unlabeled
0x43e1059598cd85288fb4b9de70146db95665bd83,Unlabeled
0xb4d87d3e45ef8ebd19e681caca4c76b34eba2188,Unlabeled
0xe8bd41f08f74163862187ebaf92d95d42e200a58,Unlabeled
0x1d1e2303a2f48cbb8b4e2761f9a5492542133cb8,Unlabeled
0x1dc6133e3cf6c6c1cd6aa69f9919b2fa790c2450,Unlabeled
0x10652a5f9a9cdeab8d83233d543d7110e063ba06,Unlabeled
0xb881966e00033c043e6de05a5ec4cdd7fe170eca,Unlabeled
0x752d9d792296abfd9cec0875a70c4c42277f2f24,Unlabeled
0x493bdc046be3b8ba750b69e0356e912d084a9d3f,Unlabeled
0x940032ba22099f130583929d19f0f963dceb13fa,Unlabeled
0x149e874493af66e6f67e3125b131913e8a42b980,Unlabeled
0x1a4634a5328ee00f5c5089f67822434a070c78d7,Unlabeled
0xf5ba3507df4e01a9ed6100b4d5671e346bf5443f,Unlabeled
0x10d35b43264c1cfbd5dbb8dadda0164049a52029,Unlabeled
0xd26bd766ff1d41ae11f505b4d0de6c4f875c04cd,Unlabeled
0x0c2dd174efed26339ae0adc80303c023aa19e0d8,Unlabeled
0x67dffe36144098bb6daccd06681f7389c7904700,Unlabeled
0x8712198aad6baf7052dc27bd7067c3812bbec32f,Unlabeled
0x7b898e7d4797c775dde694f117b5cb0a88e76da9,Unlabeled
0xa961fabbf82993037a555f85784ba073b7fed1dd,Unlabeled
0x9bfd89e55d2e322109f4263b43074a4e7df4a66c,Unlabeled
0x5ca28426e1e0f89b507f68d5c568688411f4ff7a,Unlabeled
0xe1b6a51ca8cdfac18d8176726860ffdfa1dbe48f,Unlabeled
0xea53d2b6c190f3a982581084927478c74858c1ea,Unlabeled
0xd417d96b94ced353f378fe12d625c23b74264b55,Unlabeled
0x52fed3388e2be425dc5d1d6125cdc29bf609b120,Unlabeled
0x83172c6fb37fabe5aeb7ee8ab44e834194b041b9,Unlabeled
0x1dcb1bcfc3c10a7852888aba28be77c0cbb7fad7,Unlabeled
0x2c770c6f01b34fa996b73d7872b93f77f9312b11,Unlabeled
0x1dcbcb09d3c3221c8b24eb6d6d3dd3f70d5dfad7,Unlabeled
0xa891ecb08f875637fda1ed778a16ec739e13f207,Unlabeled
0xec0bdf2e5d30e8554ec57e52b01d8c1e8e7f5cf4,Unlabeled
0x81f35481204b35b6f6376b532cc127ac8e5e4216,Unlabeled
0x40b3e8f2b84b2d0bd29f89cc0780977c3f52e489,Unlabeled
0x73af3bcf944a6559933396c1577b257e2054d935,Unlabeled
0xf31b7251ba53f17a1380808f2962e56a418572c6,Unlabeled
0xf9a69fd0368e0981d28943284f0c8eca65a781ce,Unlabeled
0x94f384989ac0c4fa94da9b6cf827b6ee0bd35f6d,Unlabeled
0x753471caafad710668368565883934e6ddc731ad,Unlabeled
0x11965e49eb462299375bd62159cdbb3d153e3e14,Unlabeled
0xd1d53ae9b514f07f5476ec80f722359d25b99026,Unlabeled
0xd2a78bb82389d30075144d17e782964918999f7f,Unlabeled
0xe0b1c5304a9b4996953dc0884a30ecba5f1b5195,Unlabeled
0x0099f105d983b13953b23394acaeb17d9bb79f9d,Unlabeled
0xd254b1a7939eca6b60e730934992bcbc5455c5cc,Unlabeled
0x2fd110fd2bbfe5c6d7c22abfd946dfb798d08f4a,Unlabeled
0x7c7309c06c5adf385f606c89e2b45e36312591fb,Unlabeled
0x35d3197d854aa44a7a95319dfcd0d73dbb8623d4,Unlabeled
0xa9a83bc3098099b8844d105992af339cedd10ac6,Unlabeled
0xa46477fc14e854170fce7cd548397f431b1b0fd3,Unlabeled
0x3f14d5d6386ae0d45bb1cf94e7f715830e41f76e,Unlabeled
0x7391f51dfe61e59c4bb6788df66c2bca55197f82,Unlabeled
0xfece68e0f20e5023f0b3f7c7f4b8b6f5867c441b,Unlabeled
0xb9ddb770dca0c564806b45d0a5c187b8c96123db,Unlabeled
0xda10cc96a608f6b26cd9b9b028c9e45c6b7adec1,Unlabeled
0x86678aa372fdacf670ba516b0963d014aaac8023,Unlabeled
0xbf94327b38a78aef9260541baf82a0ada48a18df,Unlabeled
0xf6a834c4e4d02e810fc5883cec7aac959405e2a7,Unlabeled
0x112f562cd6898e06249c6ecc5a396e01a17868a7,Unlabeled
0x918af6cb5724d02f1807feae5703ed86b716387c,Unlabeled
0x1c37ee5b8ba8f018637e7f3f816db2e4add1f56e,Unlabeled
0x1547c360e29b8efd0135ebceb6f69206b1bb5721,Unlabeled
0x75159b90b2abc46097e53e656a3a8d88576c2fa6,Unlabeled
0x655a118b7d07ffa5c2e54e20a0405ead66a8dbdb,Unlabeled
0x74f417e575c30699e0ae468931bf662e44a63f52,Unlabeled
0x8fe83dab1d17185f091569b440b9e3c7ead1453d,Unlabeled
0x7474c5799dbb841c1f30344e85a9110a381a1526,Unlabeled
0xf7080dc1e1b35944f6516cd64b3f58124af6bc9d,Unlabeled
0x0a5cb3ec57697cb6c52e7c61d8ba1c71abe636f0,Unlabeled
0x3a59c5136dde4d44e9fb89316485055cbce5da24,Unlabeled
0xe98e333fcdb45627d6ca28c3c720aac3c9970012,Unlabeled
0xc3b1b361110be84fe5424d210473115aaaa19fb1,Unlabeled
0x581d3b43a54d4e134243574490dde7b39cbe2e65,Unlabeled
0x6416e84bc2f381eacc125bb2e79db96dcbfe50cc,Unlabeled
0x9839025c61cfc2e66fb49e048fffdd04be866d2c,Unlabeled
0x15884d58f7512af0e0de42c0c56dc64edbc50868,Unlabeled
0xb48c2698dc9a6b0cb80e2829bd27c105bd7f1c80,Unlabeled
0x3d0825cf30bcf2d87c309947ea5772b05a13ec66,Unlabeled
0x51998e0e6c3b58242d6892e8a194944e13f13b8b,Unlabeled
0xb592dd2ffab3e9356e264df3c2a26ac56c0f71a1,Unlabeled
0x715f32fbc06f0d2be796766d2fa0fbb47ebd0e27,Unlabeled
0xdb5ceacfbad2b222d6e0b5d97d387a17877d4153,Unlabeled
0x12aed5a556b5387dfc52971478b879751be3ee27,Unlabeled
0x646b9c5150f06cdd26cd7b35da3b3ea75b5c9e4a,Unlabeled
0x3f41ea66a734db98720512df6bd12dbc87c81d30,Unlabeled
0x26cf527f321ceade1f454c81fb1598ed58f3e13d,Unlabeled
0x05cf44888642bbdf528f2a6dad1353aba0b7654f,Unlabeled
0xa5feefbfeb2145dbf4e57a57b7fd6837758f7859,Unlabeled
0x2767d020ac8c8bd94d865300dbfa27d4e45bf738,Unlabeled
0x566b2e3c39b208dff28ac9e07fdfb4db5b4b1229,Unlabeled
0x20d787ace5e5c23fb837b9a47a9b391ccdc26251,Unlabeled
0xaa046e26f3986fc702f121918d01a84fde6b66c8,Unlabeled
0xf9f4538ca88c9a4c7b715bbada68404afc33d0ed,Unlabeled
0xd6e2d138e62b623fc7722529a1d344dbf0c647f9,Unlabeled
0x6b6c457f0c8a8055f655ffad758fb40ea6391fbb,Unlabeled
0xae26054e52b431eb2bd341f95062ea1b041e13bc,Unlabeled
0x5b4b0ab828d28776d8fb4608fb96bc948233f696,Unlabeled
0xff83e2ff1bfe902f04f54c36c191b7d3278d41e1,Unlabeled
0x12de5d446341167bbfe8a76f25b8509f3e796f7a,Unlabeled
0x44915e41ffbe4114ad6ceb483a233eeb008cedc3,Unlabeled
0x185623bfde5f89daf040de223143763a32f2e5b7,Unlabeled
0x1013783865716e519c8e1f9fff64907a636c51a5,Unlabeled
0xdcf2c2158bf8143b3b2cc16e30ddc329fe76bab5,Unlabeled
0xad623a1ecee0530b216239049ce6502d46ebda54,Unlabeled
0x89a5b43191f46e61b51cd3a2a36f485f2b74fae5,Unlabeled
0x43646924c8c9e1e2cce1ab0ac5a7ad7cb34af737,Unlabeled
0x08b00ceee2fb66029b53d76110b19eeaabfd1e65,Unlabeled
0x42c7e4b02722d8c17c56256d3c2d3ebc9b1ed627,Unlabeled
0xa6d7ded1642780ffd9a515a340d7b8c8dd860db4,Unlabeled
0x9cbf605a8c90d0d87bc4a97cb433e7549b259b0f,Unlabeled
0xb4e45707623d9a2e46a2acfbf8ec6769493a1ca7,Unlabeled
0x0c1cc1b85bbe276a41deaa5183a9edfe6d9e1e1e,Unlabeled
0x440ea37a9b0b4b87b00b55363726f7aae46773ab,Unlabeled
0xb3bd76ff0640b120a4d86e352fa24e082a7f8ddb,Unlabeled
0x8f676ddd0e2cf1ec4047546b7d7c24c6a723dbb0,Unlabeled
0x5de6af43e8df20aed3358e5d60c626b6f27e9c46,Unlabeled
0x49f6018bfe0423e0413f1e9a1ce63a9198209e7b,Unlabeled
0xce26914e780dd7aa39573fbd94610aedb0b1f20c,Unlabeled
0xe94831f811f9e083f24b5b8477e2ca177a54599d,Unlabeled
0x746a7647b27c222b072df2eea14b781d5951fd82,Unlabeled
0x6df91d47b6c3f7dca97849f01deb6bfdbe22d9dd,Unlabeled
0x72cc789d98707b54945a36d3b4813cc65a3cb1ec,Unlabeled
0x582cebe6d62db6debba91f6f63dd4248ac1f9081,Unlabeled
0xc16491f5e218d17636ca35e0c7173936099d98cf,Unlabeled
0xd8d1c394033afc0820a1f48a9a8d2394f88afee7,Unlabeled
0x11f0aefd863af8330f5ef58d8037e7a6f1d01f46,Unlabeled
0xa3b3094127fe7abd027bab06b5e10b37663d6d8a,Unlabeled
0x0f1040af3aadcdb9cc5de6341d8509f91c1830a0,Unlabeled
0xfc013cb81d8540deeb1985ebefad5dbd9edeeacf,Unlabeled
0x70c2bc4c780dfb074149e88e114089d438708a49,Unlabeled
0x92ffd4de6e92fc1c903f56d55ff92df8e16f19fd,Unlabeled
0x9c8331069f259ef950d5b2db96439739272bcf92,Unlabeled
0x300764d2afea4d7f2455bce2acd241e53292f6d5,Unlabeled
0x63d3a4062022ad3afc2094607de3e9ff11b20306,Unlabeled
0x6da3abd5bdef12b07b2ccfd935bd8231138f5baf,Unlabeled
0x37472be33780e885e72820a65b24d5a56a647254,Unlabeled
0xe9ec8aba223ac9acbe3f3276d710db4f22467711,Unlabeled
0x2747b405f2ce9474817828ddc395c46db848e203,Unlabeled
0xcb868b2322eb59cea540d9d275bd44992e1894ad,Unlabeled
0x4270fe0dc8170842e3edcc401c573c5597fcd990,Unlabeled
0x2f7092a8af44fb68adb9f80bff37f6635376f31a,Unlabeled
0xda5d3255ca1feeaea95d1920b44774a84cc7d072,Unlabeled
0x842cca1b01d74cd0c78d6337479c3b0740d77506,Unlabeled
0x3585c5691d442442685623f071e0fcc9f5ae1e8e,Unlabeled
0x7fc6153303566b90cb4337cf022b87345169a047,Unlabeled
0x0734d56da60852a03e2aafae8a36ffd8c12b32f1,Unlabeled
0xe742f9df04a61ac0a6aea0b87d3c3b96ac6eea88,Unlabeled
0x7471bd1118149a91d68720781bdae328ce6af7ba,Unlabeled
0x0061b95a7f20facc7a9234186928b7a9bfccfb47,Unlabeled
0x9111e0fd6e120c767c3c33aaf3d5ee9700188b6a,Unlabeled
0xadfcaaee00b3e997cd5137c4635eeaf2b0ccc8b8,Unlabeled
0x3e509d94fea42405b116f0d7f87afb16dbb7a5b6,Unlabeled
0xa14c7564efc40f7bc45d211caf358d9c7496a8e0,Unlabeled
0x7992f25a44bbb215bd291d4999977acc8dc35e79,Unlabeled
0x19a394da9706f32098bcc01c95ca052791833508,Unlabeled
0x20f75b614974dbefdd5fa65dc00ea76a5197138d,Unlabeled
0x51a8687a89f22e741f7373328d13c9a5103a818f,Unlabeled
0xf1481bcd07dd572f061ed8cad2a419e3a988a5b3,Unlabeled
0x471764c73732e6c36954a35ed5f3fd4133a1d39f,Unlabeled
0xe1631ff263e7afe8889c4a7479cba2d16bf2ebb5,Unlabeled
0x78e8551a6e29bfdf6b4deea28fb404b450ee1290,Unlabeled
0x0eab2c7b09f99baab19623fadeb63d6151c518c5,Unlabeled
0x4757f5e55fa9afd30670e49005850b3b0746d2fa,Unlabeled
0x791e39e7a2c12e33649f41906e46680f251ac44e,Unlabeled
0x6ae8328cb96cd470baa10ff9fc1fbf440df1f815,Unlabeled
0xfafc5e863b853728dc5743aa8d1f730530b18e88,Unlabeled
0xcb781fce782f7ed2313b4cd33a7f8a569e77025f,Unlabeled
0x2845382371c28abc5cd26f5585e6560284bc8dc4,Unlabeled
0x66660f365db9b8a4e02789eddad4e37a3f6f6666,Unlabeled
0x9f7d4cb5f0145932c09837247534cc7196b10b0e,Unlabeled
0x7db2b762aeb23ac27383daaec83e3a3432cff3a0,Unlabeled
0x005f085a8d927b2947beb25c0521abf04f3bdf2b,Unlabeled
0x580f21bc7732bff0be20b364f11b8ee394cfcac3,Unlabeled
0x15458d6a1dd6473216252a38eda2f3dd16750412,Unlabeled
0xc20002cd48971a7822b6f2cb82fbaf8efa6ae5e7,Unlabeled
0xe36632b95cc2718d8f7a224a096d68cab932cd3d,Unlabeled
0xa21bae810de9b0fb113d6d28cd79ceb8eccb81ac,Unlabeled
0x8791c1b958a5992f1864b7d06e4b3fcb06b9cfb2,Unlabeled
0x99f9b4397e58d99b58db75347a009af17931f998,Unlabeled
0x9ad75c9e27642672b4950f64628c2979f13cfc02,Unlabeled
0xf0ef899dcb1a3e459254f2c69356c7cfe23a83f8,Unlabeled
0xac7121ef038abb021ed9b7236e2501d537ecde07,Unlabeled
0x7d2df240bb426c187dda9775607938f6ccc2a567,Unlabeled
0x96d6333e4c509d96684e6f9af1c5b21a1d2b6e0f,Unlabeled
0x8ea22c01083768fb6b1e8f8812e4844ff8e1728e,Unlabeled
0x2c3c0156a4ddf1b13f5161bd2c7626039e8b6864,Unlabeled
0xbad8429f711e92a96b9a9b82aa148ffd1c4df24c,Unlabeled
0x45eb95141a22f43afc91980531af5523811cd05f,Unlabeled
0x38a2fcdd879c8658812f875b9d942557337aec41,Unlabeled
0x0d0b17ebdb0a9aaf2c8a434765437c7b1f49d192,Unlabeled
0xda1a29fdbd59d7338ee41125f52f8762855549ec,Unlabeled
0x8b65d1140abb5932c7791a1609ced8ae06f84f81,Unlabeled
0xe016f3f526ac64c6351390e4265e08f2b9a0a2a9,Unlabeled
0x32f568be45d83989d90d35add6a923a193f91cf4,Unlabeled
0xbc4e55a3453aad98387013fc8777eef3ae972b8e,Unlabeled
0x96e507150c2f9d2365001e8856f8c25990017ff3,Unlabeled
0x90091c800da0b1318e863bdaef1db0b020468893,Unlabeled
0xc85a3cc7a010bcc8738c73a2cde2922920394362,Unlabeled
0x3d8e46ba332d6f8843ba729173be59fa2bc24edf,Unlabeled
0xdeeb9987b1015bbf171fe83c41ea36b277a8da57,Unlabeled
0x31539cf673d44665c7831def5738fe5f37bbb8d6,Unlabeled
0xaa309ef9c2f60386e06e4a0ace15330eb466f14d,Unlabeled
0xab82d10807c67d56fc8ee1d99c5a8af0e7978d98,Unlabeled
0xb36cec8fc28cd0fdd8ccbf98e8b224c2d690e1c7,Unlabeled
0x7b0094af753af83598ae0fad4d7b871930888a91,Unlabeled
0x1e5b80d5b7f61cc8e9b77f29ea9d4a48e792f9c5,Unlabeled
0xd7ac7da56fdaca7013daa31dd4c5c87c0a56c8ae,Unlabeled
0x54d65b284774ffd740d264383c6c20cb2ee08df4,Unlabeled
0x18ef6a40d7043b9e608491b777e188984135c564,Unlabeled
0x35be279b2ef0004afcf4ce83c0b5beb605be72f1,Unlabeled
0x44e1e0d8a857fce47e3dd3be1de7ea5be99a2d14,Unlabeled
0x0dbbc041477ce98f517b0d1628d946613e9881a9,Unlabeled
0xd5d4174a2d320d4273d4827711ce6c149c6007e9,Unlabeled
0xa9620a0ed2db190adc8afa4b2b3a36e8500d4fda,Unlabeled
0xc59b7721d5899aad121dda08e8194124f79169ad,Unlabeled
0xbc9eeeb89d5d4d21ff2b005e8936c6c5af5d5171,Unlabeled
0xb74963e1ba5b2dbbef8d9ccf4aa4ed0c52c2e9a1,Unlabeled
0xbf8c2283d4e224a2bcb53753093257a324f5d9f0,Unlabeled
0x9d9303949fa5a05c403c3f0c23997ee772e96c3e,Unlabeled
0x0b4fb50d6ae790cf341ea1b401d0f6fd96b0f5ed,Unlabeled
0x82413f75f0da101e0fe7f6ff6cba3461f7e04f29,Other-labeled
0x86e54bc30b843aae7f43ecfe249c2e9f27d734ce,Unlabeled
0x9980c03cdc90e4686450e6d2050c37491cffe150,Unlabeled
0xf6485ce18fc3add97d5198f71f6d96d38f66b385,Unlabeled
0x2f606c11e9b80854c5939e5cc5a8dc4043fb1307,Unlabeled
0xf8bb47f8b8dad2158d487d916358528337af6760,Unlabeled
0xd238618cff7a1be5e242592212b7c61401e95fd8,Unlabeled
0xe223b1fb43933ed73f3e8b140cf64921b241da2f,Unlabeled
0x685bc1d84379e00af6bbea0f4c4b0cce924f5760,Unlabeled
0xad370b6be9e877fafb1cd02f3a279a203e0f986f,Unlabeled
0x666ef6654b56885af2351c4c375519d7d8cc87a4,Unlabeled
0xde2ee6e94e30005cfadaa180220ba35a86434404,Unlabeled
0x3b640689d20c594133e1293b0e863c76cb42b76f,Unlabeled
0xc607b4b04299c432c529306b479aa592949e0e47,Unlabeled
0xa3b38c8cd95f63c3d6b0421e7adabdd092127908,Unlabeled
0x4d78c7de186c52b0f942345a6e76c02e30c55166,Unlabeled
0xc860a4ef4d3f29a4b73df7b20f050efecb1abe0e,Unlabeled
0x44c01c22a3f3196a4f914d8af70e699170f70f86,Unlabeled
0x2a500f79c651759f12e67fedb7748ef2449590cf,Unlabeled
0xf2875e40bb00e37e17dc09186293bd25ab8904de,Unlabeled
0xee6a5d3c6a7d402a1c747f8c446b7dddf23990b9,Unlabeled
0xa42691f3d5adf5d09003ce256a1e20c8d359e706,Unlabeled
0xa9ec08edd196b91bc9177420137804be1d6efda0,Unlabeled
0x7dfd69f638fd4ecb08550ec543ae03a0d45e1e58,Unlabeled
0x1717396157a22d83e7864c72ac23540402a09f2a,Unlabeled
0xb4a1347b731b2de8ed5380d7026d71f3eb4f5920,Unlabeled
0x6652e94bbad7c1383a7ac589c6b7c6306e9a7779,Unlabeled
0x7f776d6a7704d40b6c4d4092ee7280b58db5b79d,Unlabeled
0x3211318c0ca79baa82be67ec03e663357d6f5b53,Unlabeled
0x86adb493b1dbed363f448c455b383b1b2bc6ef36,Unlabeled
0xa92627246daa46824174ba396ea1903d2c007bbf,Unlabeled
0xac88b1db5ede23f0a9bcefa01bafd9b565f3fc5b,Unlabeled
0x1204447277005aeab8a0c683d51fbd92dc383b8f,Unlabeled
0x0968b98ae602b87501036c62023b589d85286752,Unlabeled
0xe4661b346de8819e76fff5d3292373081528c884,Unlabeled
0x1871c189b08b8eee1af26b5a7eaa9b4351f12f6d,Unlabeled
0x187185452cae31beeac538e4e21553189a692f6d,Unlabeled
0xb903ced27054055029573e8cedcef15365cbe497,Unlabeled
0x4d95badc90e9f992d93424ad28af52a75c4bed38,Unlabeled
0xba8e05c1b20dd84d4c4c24a8bfc5b571e9c29014,Unlabeled
0x9d2eee491c5b639868be183a44070c3034b65eb1,Unlabeled
0x3bf5bd39edcccc22744aac40bea8a6e1bc5087df,Unlabeled
0x5ba59647e05a6f3d9af10117b872816f7e276c67,Unlabeled
0xb97b05fa680071511d33888fa720455e7df2e0b9,Unlabeled
0xe0d2d1fb37faf23e3bca86dfb686189534ae1d56,Unlabeled
0xc13f60274d580b2d3bd0f523bcfa66a26a458085,Unlabeled
0xa27ec0a49ce6fff7fcb539006b23a466ecbb3f6d,Unlabeled
0x048aebfe7569a2f03038dbda64209b9adf69fb56,Unlabeled
0x6d667883885193163269ca176c360f3f31118422,Unlabeled
0x91907b7c9a12b49cedc962af1acef8045bee1211,Unlabeled
0x2f8e27ed354685f24082d3aca2ae1febfdf7211d,Unlabeled
0xa393adf03519f8666f2602a4b722f955a1fd797f,Unlabeled
0x6dee1f2cfbab9c1bc420d99a50324032d1dd5d40,Unlabeled
0x8f0837c203586db410ae8a502b1868d154734bfb,Unlabeled
0xc61206fdc09e595b8be1d2b4a708f27d2bdea64c,Unlabeled
0x1aceb8043aa8d8964e903785f236f55e99efeb74,Unlabeled
0xa7b57c1d4feb35c4f09c2543387d5314cfc24a73,Unlabeled
0x6f63635141f8d9d2415ac1e04cdb566c10736ff2,Unlabeled
0x8b94428beb0a380fe249e30085d9db006b5d486e,Unlabeled
0xeea45f14e5caa21f012b1a82039b60abd600c457,Unlabeled
0x1880d38ed2630639e1592a537bd9508db190d43e,Unlabeled
0xaaf9d29e2c0f1cd4f208dbb9468cd14672ddf806,Unlabeled
0x63286a1f8446af325b59efb9c574ca3515fb7bc1,Unlabeled
0x1d2b02d5a5e6ee1427d711788c6f24514e424aca,Unlabeled
0xdfd809407d78cb8f9ee3dfc3c1487af8b47cd9de,Unlabeled
0x8ad2b8364e324923c0a94917a42e3187aeeeafbf,Unlabeled
0xa29e758fb79cbe45bd5fcac7db3092e76162a578,Unlabeled
0xcd32370f47e032e0d16d62f5416b9bce33be2bd5,Unlabeled
0x983aa2ce70b0c5dcf905369b79b36dc168a0010d,Unlabeled
0xce5a1ca76eb93d6ff9bf5a36c28a216e8c03e164,Unlabeled
0x7024694f2ed26d90802998696a7a22e20b160f40,Unlabeled
0x6e4b2ae28066171c02d27cd51f133c807e9dbbd4,Unlabeled
0x125140ad52f48b8f1d42ce8cf23cdd83ef52387a,Unlabeled
0x3e8209b4aff9f518fccd6277b0c0b1eb21626eb6,Unlabeled
0x4c3babe5ec0a8fb6c9a3f567fe391e14b30f4ccd,Unlabeled
0xa9f29df0941cd285a88310b2e6792fbe82e70ede,Unlabeled
0xd3554686f5c5c0f292d0ad9a24bbc5f61e3593a4,Unlabeled
0xf018fd70e2ebe35d69d455bc1a43af960bee43b2,Unlabeled
0x9d8306d7cf04d4e7359fa4ebc9517eca9f6a3a8a,Unlabeled
0x25e5653f869426f122450b131aa48f8f2c44175f,Unlabeled
0xe1918fc43c3a9c4854463e86af854be7034fab56,Unlabeled
0x284ab662a1ff31f07234e20796669bd5183e98c2,Unlabeled
0x28fdf9d0fc86f7d584c1a23646880b12b728aa8d,Unlabeled
0x42bd2e975e6ef2dfb4e7bcea575b25ec55002d7f,Unlabeled
0xd8e003274db85a0e9f27b22145647b9e5957e861,Unlabeled
0x7af91c995cdb613ba922dd2781ee7103f7804844,Unlabeled
0xf97d80a8ce5c604e997c285bdb73ddd8b627256e,Unlabeled
0x0101b3de5fd5ea7ba4ce6a53fd79fb4026826c7f,Unlabeled
0x90f7749f406ce8cacccb44b886673655b4ed4f2c,Unlabeled
0xd00486207705f54f4bac843769d0f6d12a4bf9d4,Unlabeled
0x3c480d0f3904aeb27316dbe5424f8ef4ea842c7e,Unlabeled
0x3195682b2b00d9aa752afc819afd3b19850ed49e,Unlabeled
0x6131b5fae19ea4f9d964eac0408e4408b66337b5,DEX
0x64b154bb4305902f7bf8106c164919544733fd0b,Unlabeled
0x04d4507a51208aa9612cbef1b5377b7b9b907792,Unlabeled
0x3898fed0f0fc62f629554848d98de4a3b50e46e3,Unlabeled
0x35ada1b2f63c8806ace9631598eeb2188d522087,Unlabeled
0x93582bc35ed5e9c1616bf719af4c1bf1c86f1ccb,Unlabeled
0xebe4b56a07b559eeeb3f290accd1701a24f7f719,Unlabeled
0xa03ff5fec1a49e42b6cb911d4ac70d21afff7676,Unlabeled
0x82c42d62776c0087619ee5d9c0b4fc953196ef22,Unlabeled
0x730781082ac39984612d13dea57873064b32047a,Unlabeled
0x1b84f20e63421b8f96d53c25188ec0547b6bd692,Unlabeled
0x03cd3859327e9821adb61f781991ea564213aabb,Unlabeled
0x2f226eae62c35d15a7812307c848b7324d58022a,Unlabeled
0x60180fa23db139e48d988b2f3fd6b4d2165ec2b7,Unlabeled
0x94f5538542a24ba607cce6b3b8d1881a3f62f7bb,Unlabeled
0x357dfdc34f93388059d2eb09996d80f233037cba,Unlabeled
0x40127a34a92ab1f32467d6e438410893589db4b2,Unlabeled
0x1073774b4b691444e8b79721deae9136dd814b5b,Unlabeled
0xf960b5dbe22860f764af39fa92fcd9ee38a1c01c,Unlabeled
0xfa6985b2a31b653659706e69123efd897ec27c75,Unlabeled
0xfad67fbdb7d4d8569671b8aa4a09f6a90d692ed7,Unlabeled
0xbe5b77c89cd406ccb4addd0c7673b205d37ebe87,Unlabeled
0x25333a2aa683633ff254e7d406b810ffb7b539e0,Unlabeled
0xedd1c855e5f11e7623f5b50cb628809efd6c0042,Unlabeled
0x19f7b2fee64bc30871328830094f3c9da30431a3,Unlabeled
0x631858cf15d72ba95f83e0af9e779c45d75c5ae4,Unlabeled
0xecd9ddbeb17db5b178fa89d20b0ac129851dd665,Unlabeled
0x298f8e0eab7369271272c5b3a16c89b4de91513d,Unlabeled
0x6c5fb06d029ea1e2cb8aecc767b00318f61cdeb9,Unlabeled
0x328ba3a6da97fa25113b7e9cbcab3d654c0ae7d0,Unlabeled
0x6b4d5ca064933f02def232de1b53f99f0c5114de,Unlabeled
0xa1d0bd80469b7769ced5646cad09140fb6b5fcc1,Unlabeled
0x1504caf7478f11488bbba89c270e9d938e17ffec,Unlabeled
0x9a34fd2e2e0a05ed55f7a8821d35359a46758040,Unlabeled
0x8e93e4df005f7b05e54f836939df9a6f49b7187b,Unlabeled
0xf691fed7585ec193f69335a999c7bdc08a3dfffa,Unlabeled
0x9bae8d829111e42b4a766b3661e4e1d5d8ebaea9,Unlabeled
0xa6dba2a8e1ef569bf2c4e65af095c249f8def0f3,Unlabeled
0xa040c51a3a79fc023cf62434b00be2c4aa03c4a6,Unlabeled
0x150819f32b6e5957b4116ec8df419e50b15bb679,Unlabeled
0x114fddcfd941bcc0778fdbe719de27dbfd7d61b7,Unlabeled
0xe3429ceb7ef28a3cf99184798be3bdc1d24466c2,Unlabeled
0x3b3b56241961eb1006da474eb7098275ac871437,Unlabeled
0xec98c39a3c4c32e9b691b74572b662e7b68fd08c,Unlabeled
0xf6815c7c6c8f8851074c19d7b1543cbf0d4b3c4e,Unlabeled
0xe755975b44b98e87e77714dc4143267fd1f22153,Unlabeled
0xc0a6f584ee5eec0a951a73488577ae61064ede92,Unlabeled
0x152b6106cf3e58c12f1cb4b0aedd9a28e492fe95,Unlabeled
0xfc5b6559d2a79a91d977164dec05261c0a67f36e,Unlabeled
0x4a2751e845528ad2b4cd29f46ae4004616cb2343,Unlabeled
0x9b64330d2ea51dbec44ed7cf1239ca3843cdf1a0,Unlabeled
0x90106053c965ad86d251c813e36d4f2d36e513a1,Unlabeled
0x64a0f3aec30b7b30dc3d367ce93b661da5b7920e,Unlabeled
0x149469f574c8b2eac5d520a6b84185c0870386df,Unlabeled
0xa03c4616c97e2ace380c1f2ba7bb95148b00e31e,Unlabeled
0x254f9200f5edcb0718e67f2ad82849d361a563a7,Unlabeled
0xc80a9b60e20dc2b7a3da706132f3034fa6d9ca9f,Unlabeled
0xa03fa751e92fc0d693df9eba14907c6308b4e063,Unlabeled
0x66235ecee9a4502ba68c68273b7ef292948b66ec,Unlabeled
0x243b9b77088921a0d410736647dbfd4db14accbf,Unlabeled
0x8e283e401a0a345befd807339e4abcae5e89fed3,Unlabeled
0x433aeb6df572f1a23aa1d682d8126e3cfe431742,Unlabeled
0xc8e9b1e6f785947b27f80a24b5f2e78a6bad2ecd,Unlabeled
0xe3172b5df284596482f57e4ebae589c6edf4eed2,Unlabeled
0x5dd564e8094394ac361eafad50cc6f624cee500c,Unlabeled
0x47140274a1fc296c6fbac39afb0a19ae21df5703,Unlabeled
0xe479627c8b52839017c267c976c9d16f3c0eb0a6,Unlabeled
0x189c01c4efd02f710c04402669acc5a75db63942,Unlabeled
0x894ab17ebcaa19202d48ddb58b993e72f10a4e78,Unlabeled
0x33d0edc9d1f0407ed7bdd0637de74cfdd24a56ee,Unlabeled
0xb10d6bc5f82d46b97e9e01df5ff99dc5c5d38506,Unlabeled
0x9763cbcbf2043db8e2652c546f2c2339b3f4f47e,Unlabeled
0x7eb87a95948348d6ec7231b52f61281e01d53941,Unlabeled
0xe0d3919a62cb107ad6fe7e4a3a7ab65a9f849d1b,Unlabeled
0xb0522c257b807e13380a28b2cc78a8e11b79978f,Unlabeled
0xe78af9bcd7e1279db6117078c517681c5a9da3b0,Unlabeled
0x8024d43fb69caf44b56872e6c6b536c19fe2b38d,Unlabeled
0xa6eacceedea127f600c2b4f5fce3d91359e19794,Unlabeled
0x82c4b36e37e2e3edab7608891db6357a0292ef22,Unlabeled
0x7acbc3e6f8eed74875ed2d988653138d00fa43d3,Unlabeled
0xca4b61bbf09f31f02902e7ba6805862efba12c6e,Unlabeled
0x5709ca99c820a3c12ef70d286dd45f139b5263b3,Unlabeled
0xf0bce3402ae1eadd15d6668ad22a11fcbbd9374b,Unlabeled
0x1019449997a3d341959b5ce3961c559ebd80d93f,Unlabeled
0xb32753936099408fdc8bf9b8f196a67b1825f773,Unlabeled
0x4a8b36ca66c0a79dd16ea3e7ab29f418ad81d3e2,Unlabeled
0x31af5fd7c583f256327d79375b3b4f2d1a580a11,Unlabeled
0xa5e58e6a0a32093f08691d377f1b4908bd3c400b,Unlabeled
0x3a25d099df621d392292e950ec49118f18cd8fe0,Unlabeled
0x5c3c4b0ed33d9f94d4d3db0040f235fac454fb62,Unlabeled
0x1fb03227bcc8d363c9e58e6fee0fd87b0e7e33fd,Unlabeled
0x454df9f94a47352650f03a78eff8683668dee97f,Unlabeled
0x170468a0b7027195f6ec6b7a2782693227389c65,Unlabeled
0x511079fc5cf62146317462ee65425b3eb7928a58,Unlabeled
0xf4821479e35b28a40c2799b491674847d67475ed,Unlabeled
0x3e8f16f2371ecfc327e65d60c4c2925f867481d1,Unlabeled
0xd4be7ce9952168a4e769a20f962ae736486e45c6,Unlabeled
0x9b28f12d23e72db6cf3f9a3f57ca8bb06e82ed27,Unlabeled
0xf9a27a12f02f0ae8b2aea3bc09527e118f883f51,Unlabeled
0xf36896027f38f41ac89a9dc22914ba4c69b494c2,Unlabeled
0xc92b66fa9f6883905471338e550989641ff4f355,Unlabeled
0x51884408d2507794775f19f6a6d347f6e7119c9a,Unlabeled
0x0492c14d2a5304bcf111107e1d1a6e54efb40b60,Unlabeled
0x2edc51b333091d0617a3d80a4f98132e74d815ef,Unlabeled
0xc1ea2c0554e912459782acb7d5d853b93c984269,Unlabeled
0x66314cf98193f8567324c35b8b657696d22b0250,Unlabeled
0x26df6aa446fd8704fc79f3a66266512b9175a5e6,Unlabeled
0xf41035ec5c5d2c4617ce76b99cd14783e240de34,Unlabeled
0xa69ea6e67c768375180d2ca50ee259da537c225c,Unlabeled
0x921dba4da86f100a00b62fd69c75eae9d4e5fe6b,Unlabeled
0x8c6aa0783974b84ed42b30ff14d2fd077e817c25,Unlabeled
0x2dd871443903b80c399c3c77b3694b3bceb8222e,Unlabeled
0x2769b45dae9d0a0400d00192aa93dcf29f5da0e2,Unlabeled
0xc20e6886fe4386af4894ccf6dca518c4379c3dda,Unlabeled
0xe175e0b56936865b4242626682551517b5c3f93c,Unlabeled
0x339afd511261c4f69656a99f865bfdab5acf1aa6,Unlabeled
0x73ece81dfa372da7a97c4d5f5cd8b013e28d4e15,Unlabeled
0x036264d5aa9ff6310dec0894b7f0e4d75fc7f425,Unlabeled
0x1aa4897924bca75b68d4a5798524e0b59e634f10,Unlabeled
0xe79d1ed3291ab5826501ec8988e32e8473316dbd,Unlabeled
0x987bdf5498f2b2e643d435a37bca3430beff8507,Unlabeled
0x394bbb5f3020bab3f786c51821508f683a20f72a,Unlabeled
0x3b8c1ef6ea08398b266518c02d0b1f84047657ba,Unlabeled
0xdba94e20565360b612bb165846779b6bb104fd68,Unlabeled
0xe321cefb60d26af54f0b9323c715864c1a0cbf7a,Unlabeled
0xc8f468f6bfc67e5eefae57125513d9f71a3e2f9a,Unlabeled
0x5c20200585518721fa166e60a73a885345ea4c3e,Unlabeled
0xd509b2ac1eb8024284ad61e264e598adf8fa1dca,Unlabeled
0xe5bb7fba79489f61bbdae7e993579036f6f6e028,Unlabeled
0x9f9d42dcc2ff7bf5d0cff8e8b14aa2c574d41944,Unlabeled
0xc56d6fa9bfe0a277baad950f805f3a8349928cb5,Unlabeled
0xa188006a3b17d3483fb2f25793ede58737dfaae5,Unlabeled
0x30b647d47a0709038b39b86d88c24a81e8e22c5c,Unlabeled
0x47d228fb786bb14117625147f1055638f46b6893,Unlabeled
0x6a950cce544f8148f696eff9acee2e06b1626e07,Unlabeled
0x9b0228b681c74f63f905cb9e4cf7fcc36eb587b9,Unlabeled
0x83e45a2be23bfea9dd2f102101403fbd4a8eabd0,Unlabeled
0x28fc55eea1bea8c68eff508d02a60655bd6d6536,Unlabeled
0xe87784635d661c8fcfd0341180b0b7df37fdccc2,Unlabeled
0x1acd55fe8f04cc2468ab7d2c6a9e6077c292757f,Unlabeled
0x374f3ea942982a51f25774d200a4df3a2040aaf2,Unlabeled
0x00a55557f68a115e569531a13448f0d68d075164,Unlabeled
0xb83456c0bab41c589920d824c194ea0023a945ae,Unlabeled
0x24f329f812c3373172597d33cc1707cebab9a6d1,Unlabeled
0xfcebe24593be2eca62a11fcac51abb377a033f6a,Unlabeled
0x17243102a61f313a5e12a70380b79f6676b7abbe,Unlabeled
0x4a863f8cbe15034943150286820aba1dc3989f81,Unlabeled
0x04bbc5db134a25c3e37b18448900d8fe06debc0f,Unlabeled
0x52b5adeafc837aab6bc432d1dd66f58ddd90d585,Unlabeled
0xd52e65447f41cef7f828ebc0ee91f58e37d4f589,Unlabeled
0x74975c4c0f607203cbe2f3d16e6024fafcf730ae,Unlabeled
0xf26a42d11d7cb39585a2a765eb6946f5526f0f6c,Unlabeled
0x72eb89a7bedc8b63837d9293935bd307da643bde,Unlabeled
0xe7e859977e9e15691d88b5c847eecf86abdbd36c,Unlabeled
0xc775ed4cd732d3dbbe11306223c7eb31c3bad972,Unlabeled
0xf1b842e8c33f6273476a752bf30273bf191d161f,Unlabeled
0x0eefb49c07395e81e2e62435b96ad58bff8afee7,Unlabeled
0xfbf610ddbd29600db391d506caebaea8dbcffec2,Unlabeled
0x3fd607b979e5c81705167293b75a91f6b9116051,Unlabeled
0xe2784c1a7f329da7ace4a3c4fc03add656883f7a,Unlabeled
0xbfcbfeaa1f4b7ca2c47bc1b566ee5e94a9e84978,Unlabeled
0xbfcb9ca8e46bed144df7d96f5cc60c6726ae4978,Unlabeled
0x3683f911cd91a1acc779cbdee883fdf071643be9,Unlabeled
0xdf3df2f5fcd25a847fd330d802e1dd77159ea67b,Unlabeled
0x0cdbff5a06933590db73a39a68e57aab6a6607a4,Unlabeled
0x2c8ecaef88b5ddc8b0017f2c0b738870015ad823,Unlabeled
0x12231236f317432b4ceb771507ce1f14e2f3b174,Unlabeled
0xca0a74b9f952da4e5e670b73fa1f0b87aa552c6e,Unlabeled
0x550fd64d045dd6bb1bcc244e71a808dcb16ad96f,Unlabeled
0x037df4a476c1578175a38caca11a5585d233af9c,Unlabeled
0x0ea3551cf806b0d807a530d47a033ce00b1f18f7,Unlabeled
0x5d50c6bea2e2ba85e1b5bca312f191e41c8d466f,Unlabeled
0x2c2aeea993265b37d3ffa7ec6103ba56e38e90e3,Unlabeled
0xf3f44ad52f3218435834d2a2f2c428dbfe0ad8f8,Unlabeled
0xee271b45cf3b2b8807d1da2ded9999790431f9ed,Unlabeled
0x84f1e166d7f0c4884cbff06a35600442c80ecd76,Unlabeled
0x76c63e9a62f66b46402f9ded520add79669d630d,Unlabeled
0x67e773161dc97651af5e0ed31bb692b1ed66db6a,Unlabeled
0xde312722ac9b240eb2e88ff6e459c955f1df4eba,Unlabeled
0x6cbfb6149363b34dcb56a4eccd11b5d53b2f3ff6,Unlabeled
0x5230056375b02b406a275898b944477227e54509,Unlabeled
0x833b09bae4ef483ef5050c14bad6147594c22425,Unlabeled
0xeb3ad42d8146f9bd73c486925f61440edac9fd34,Unlabeled
0xcd5a35be99d312b3e0796ef457d33161417c9bf6,Unlabeled
0x55e132f1316490df4e155d98b0058869703b9c79,Unlabeled
0xd1996e91ab0419fd199c1e22294fa978b7929f00,Unlabeled
0x55e13c8d8b50d763e79946b698866763a9a99c79,Unlabeled
0x486e9b96e21a8c1e335988fc9813dca43ea226f7,Unlabeled
0x6c7619a91c8d2ce6e80567ebcec42cc6cff78028,Unlabeled
0x0e3399d6bc366d3f551ca1fa08e86e0e8f874440,Unlabeled
0x2751e449c9b71c60d06dddc86a47e428bddba86e,Unlabeled
0x0cb8fb29b9871e49118bac9c15faf48392e967e1,Unlabeled
0x98aae81324002fa4c6ecdec4f14ab4062f8ba0ed,Unlabeled
0x8519196b7436d78fd84d552fad9f0818d965fdf0,Unlabeled
0x9fc0e889e99834455bea2cdedc7cc0b7636b7713,Unlabeled
0x0328c8b74fc29943b1c6be6cba3f94119366e9b7,Unlabeled
0x9768292a77d3fcdbbdb8cb8e3ca20a1d0f7d2695,Unlabeled
0x45dffaf42f27e38053269183104f0031a20fe393,Unlabeled
0xc57b0e086f46761024c15c8c3e02a041d4bb432f,Unlabeled
0x3d734b894edd069521e77e8ace6149c3d4aae28c,Unlabeled
0x80f776e20a51fc9f9b52686d518a3695a8d41e91,Unlabeled
0xe05aaa26df89614cba83af3a648ace53ed0e2a19,Unlabeled
0x0590f205708cd1ad9a1c96c6f62dd63c4f4b189e,Unlabeled
0x1d7ddc4e913ede24eede8cb8a4c41ee9df77219b,Unlabeled
0xd264fe578c2b3a29ae9bf6ff4d112e10e9a1dc27,Unlabeled
0xd22dbc6fa058595f328b4b8214036f84727b65ae,Unlabeled
0x3f03fc55f882d4d20be4a32a0806247c255ec3e5,Unlabeled
0x0e8e7cf4c30ac83adc05409e0eabd9def43ba9ba,Unlabeled
0xb6365795a9d785b450792af3b33feca8727b65ae,Unlabeled
0x04d97de421129d41835855b632954d6b2f327dd0,Unlabeled
0x9b428527b0d8f2e015c518944d1c7723e9a1dc27,Unlabeled
0xd2b53f1b1b42fc2697e2276fa2375e98e9a1dc27,Unlabeled
0x92e7e018875677155942442744bbe56997aa7b9d,Unlabeled
0xfa5c42079f16f50f41a2c9eaa8a4578e60a49184,Unlabeled
0x25c6b85e128c7b7ebe8f62b0390cc3c32b491282,Unlabeled
0xb2d194a5f586034e3b321a0d7dc243197c6e0559,Unlabeled
0x484bb9efcf02bef2796a76713fa9cd145d3a04b8,Unlabeled
0x631eab55adabdc6794486cc86059250880fb7bc1,Unlabeled
0x724e6f11df690344a76cc9e3c26e4cc941c6f745,Unlabeled
0xc230a143dde0ac2ccda21240821e750c0db3a226,Unlabeled
0x5963e683ffeeb3613cf2ea5bc3829a8f107ebb97,Unlabeled
0x00f773c8cd976fcaac4d7ac1822c8faebf401ad3,Unlabeled
0x2ae1064f31c2186e3fb438aa4f5a1d728876ddbb,Unlabeled
0x94f3c8fce6017e84c244092f51f55e129c9b5f6d,Unlabeled
0x19af8c068d5ea57522e8fee3102e987b61f33656,Unlabeled
0x54c26fad90ba8d4bd745fde61765cef9118eee98,Unlabeled
0x6acc998597bfb7c6a65628ee37033348fb302b60,Unlabeled
0xe72b299554df5a082c5d9a080f7dc520382a6843,Unlabeled
0xcf5c8198a8cec84862d12c2b2d80cb8dd3a9cd6a,Unlabeled
0xac695801d720fa272af35e5b90c752240e5aedd0,Unlabeled
0x1f7b6a1f629df685c361bed3f7650444ee9b45de,Unlabeled
0x009fdb05e0a69116427622bfc0db498b29ffa095,Unlabeled
0x45e01584bfc4d2c1be748d9665dd9d4414d87b78,Unlabeled
0x4c3b19e052b51312af0e8d8477f85da0c7744ccd,Unlabeled
0x2c8a26b25c447220ed570c1e9e071352724a78a9,Unlabeled
0x4b860d9732e532e2190c2f13c69af8c3aabeeb88,Unlabeled
0xf4dfcd61c36fc3ac374e52206c43253e14c2ffe2,Unlabeled
0xd4b262d561d55fcbd91b4d215410f56deb62762b,Unlabeled
0x6df12efc08304fd9b0b727d0ab7b07c8a5ddac72,Unlabeled
0xea51075ccbd58174834da36372b0ed52199c483c,Unlabeled
0xf1f97c8b07dba504d912ef0d42941ebcabfbc155,Unlabeled
0x65e7409882104fc91cba6580d91c17260c8bd2f0,Unlabeled
0x556f0f2f5595b0d115fc4ded634429eab11ead0e,Unlabeled
0x6544c93bb815febbf568ceeaed40592d6e800585,Unlabeled
0x42b904bca15eb96488912456c17475ce33e0d3cf,Unlabeled
0x4c24a95a63e9e56e49780c93b29d709252d29f32,Unlabeled
0xe0c415a306d4da49aeea46788507a167a9f1364d,Unlabeled
0x1eca9a18ee444cb9cb66603f98c84e9c45d7db19,Unlabeled
0x14b3949243602ee828b580a05e294a1c6babb3d2,Unlabeled
0x28d32cc0e4d60cf3c039c6ac003274d375d11366,Unlabeled
0x541c5c52a5c7200512c9f8a5c670655407d66c61,Unlabeled
0x37711386f15ed235b8cd7403226b6a0424062c4b,Unlabeled
0xb17dd2de766299c4bd067a6470e4cd3d5d61242e,Unlabeled
0x9a890a14009a2a6e7b44b65b8352f274804302f5,Unlabeled
0x7bee86266a59fd7baf6983bbbf78ce47fb20a1b4,Unlabeled
0x5ea8c7b398625139ef7f521759eb9b5b31a3bfb7,Unlabeled
0x5c93e7aede5be119a6247204ef62123508755bfc,Unlabeled
0x75c1c61f250e8c9f82abb5388240473c42a7cdc1,Unlabeled
0x6d0d4f84d1a5f24dd26eb430785893d7983ec620,Unlabeled
0x8531ad4b5fc852818b6b638a9ffe4464ccae8668,Unlabeled
0x2d1ebb609fe2fa71411e918be3b0512bb0ecaa0e,Unlabeled
0x6bb8e703fec76b902ec1d3f53e7ad580a7caf68d,Unlabeled
0x2991fb8df406ae92414f429a68c776da7272ec64,Unlabeled
0xbbf854be362a201cf929ec046bed793f9dbbab80,Unlabeled
0xa92a15e6f773518dab6b01889e149a5aa8060249,Unlabeled
0xb5e6460ba1cdb04ef18f3d0ff24fcc642bd40803,Unlabeled
0x9ceb1acb844c759bd47d7026e9a9f168260f0328,Unlabeled
0x15e4a3b9070c0ac815ad7499c7bbb98a0e8fe002,Unlabeled
0x65b9b83d5d0cfaad25be56087adc94f158c6c8c1,Unlabeled
0xac78243e0926f5ff2b6d07539f0e820b688f1782,Unlabeled
0x72349a00cbfbd9a095259c97fbdfbec003807e33,Unlabeled
0x0fed1fa498f1ba79b737a0efd07f53f1e52f97d2,Unlabeled
0xe658a9a47722b56d39fb50afa9715b57ce191110,Unlabeled
0x2d3ac04b7c18e93e6656da546f0a7dcb0defa08b,Unlabeled
0x19184097bbaf37f3b7881307a713b2d2f4f9ca18,Unlabeled
0xf6ec58654aca93b6b090590a93460beeb97cf68e,Unlabeled
0x3bf2eca40df84b4e5672230f9aeae88626dea6ce,Unlabeled
0xe8eb360719edbae9c6905509a9b9b2114a93cc64,Unlabeled
0xe1293f952e2fd25006df6100f1e45afe4cb892a9,Unlabeled
0xbdb346a2adf70b43d3a5319ea76ba9eb96b89d26,Unlabeled
0xf88bc4e0ee56053dafc173b7f879cfdc1c8b7508,Unlabeled
0x03e77159e741d10ec69c0b03c6bc7f95ebabff2d,Unlabeled
0xc7edeea14bcb6ace310ddac95d416a9364373209,Unlabeled
0x97af5a6d59db22c7e997b0c49c8c4cdb07033174,Unlabeled
0x1008d3ddc7dc33551276ab6db8873ab4e9711cbe,Unlabeled
0x75e7cc0da7ab047d7a073143d3f93b34e428bc4c,Unlabeled
0x7e160d74bbc599c4d8291bcdad0a775dd22a3ba5,Unlabeled
0x1711f0833ddef05d51629f7a82db0137a0d5b3b0,Unlabeled
0x89476324e698df4a1487a13c31c69652949f4192,Unlabeled
0x1887b30f9b8d737bd84b3e983e590cf587443cdd,Unlabeled
0xaa8852c38bc9ad754a5b3998dd8c37c2a8ca974c,Unlabeled
0x1f30b31e4a3597562947754201f3d25f82b01751,Unlabeled
0xa9b60aa80809d98a4b1d7f861f66659880babf44,Unlabeled
0x4fccf6e216628192c0995c37cb936f8df916d636,Unlabeled
0x933cd3d4473e9760b6f53c1d1320ddd2acc4faa3,Unlabeled
0xbf68c6840fecaa73ee02d9bea9b4a77d6dbcab24,Unlabeled
0x6e5ab514387de91487e2f2685742e4929c46911b,Unlabeled
0x7fd9f12d6618932a175a77c7b9725a0a142db9b8,Unlabeled
0x9cbb1797bbee2a41313d2df7e72ad5aab6d1f48a,Unlabeled
0xdc598fcfe74d9921d0f010340557b5136788a862,Unlabeled
0x59d894aaaa90f23792c3c9fb2d5066c3f1cc99d7,Unlabeled
0xaab8c7103a16eb02d1929f6373be54b0aee2c64d,Unlabeled
0x3c2e86290eb2462bbbafeb0f650391f57b5d186d,Unlabeled
0x5f5d181814c6ea6f6abda1eb08634064764bd28c,Unlabeled
0x8884953861d81ece50194cb325f5b6521527986d,Unlabeled
0x78ac6b6fbae8915facebfe046593ab0c1415a68e,Unlabeled
0x52e8c300a8df0cf29955e8734e5215ef69853d21,Unlabeled
0x2151c37ef6f8f2193b0d2dce744d4fa0a11b8d23,Unlabeled
0xce682e77414ffeb72bc4053ac0959d366885c5ba,Unlabeled
0x4716917e04c3dd46ac7f6a1a9d213d4b32f154db,Unlabeled
0x72b7a4ac5b168e62879a2dbfa6a13bed2b680fc1,Unlabeled
0xb3e5f10df7ae1e908036879a283b871fb4541826,Unlabeled
0x495bee88bcd032f2a5801f86d382aa8bfb562a17,Unlabeled
0x635d792caf861a125118bda1bfac4a9e57d4b84e,Unlabeled
0xa9c07f0f28b6992129a3057c036d1d288bb5a309,Unlabeled
0xaf248b3894e6d559fbffcf6f29bdfd861b3f10f4,Unlabeled
0x132fc0a8f73e272dbf59a24db6b4501097025666,Unlabeled
0x1440d5a1f4e329f4f5deffd670fea947ae2e4717,Unlabeled
0xecfb7ea3d9ee90fec9544990e1f1bee1a9072c62,Unlabeled
0xbf3ca97429c2e8edcb9ee58966032f2ea88d6ba2,Unlabeled
0x76dfdcfe0fb12775f23e69eee36180c9e40398e9,Unlabeled
0x4d191b2fb46b3f09db4d7f20f2b98e4b5d5b54ed,Unlabeled
0x863a662e750c4ae4799202922c5a71a9aca0b0ed,Unlabeled
0x2219009ee26738d73456c8a0a70fbf08c2771865,Unlabeled
0x8ccbe9bb83ca918ebe2116e9b6cba410aa1cf02b,Unlabeled
0x7fb3d060fcf7f9ac74ff8855e24125315b2a007d,Unlabeled
0xc7c1fe2abbc8bd87e5cbc41d0e07ae0ec3688749,Unlabeled
0xfe4ced84cfdab6b97a3b8ee15e1987c3edd4a1c5,Unlabeled
0x375d179b74d5bd70908be5c46720c34548dcd558,Unlabeled
0x4072fb381ba66fc4f667747ff6dfedabcaa3af7a,Unlabeled
0xa67fdce246f7d442bdbb3d9e286d4d5a59bdc8b7,Unlabeled
0x6c499efafff5a17a51a504341124fd5bdd3a779c,Unlabeled
0x143d8e436ae6c7c7c6811a1cceb259e18d8edccb,Unlabeled
0x8a17aca228466ce30f1df3264366ce84f35460ad,Unlabeled
0xbeb8d613be58901e31abbbf45bd22e5a44ec68a1,Unlabeled
0x04520dd95bf789f6a6e99afc3e64cf97b129fe83,Unlabeled
0xc873f028c08a369a9875ef3a2dae5b7b79d9a10c,Unlabeled
0x705bf7d8067253fc6eb3735a1447485c1d08a470,Unlabeled
0x36f639c5f3c6229950abe7369c771b33b9647939,Unlabeled
0x4f3fee4e45e5b0e66d0950b384e295e79caf612e,Unlabeled
0xa14a08eea067bd93544203d2d94705b6b37722f3,Unlabeled
0xe26acd332dab8c64b70dc95da74b07a5265f3387,Unlabeled
0x0b91a8233ff8bea11132d787740371e51f75025f,Unlabeled
0x0b9156ccc7cfc4c6db09e6928df30568c805025f,Unlabeled
0xb1f4f8edfbe7f41371d3b9b520da14c4927fd16d,Unlabeled
0x704370e4a9a79c870b34a204d00fc4fb5cc1e264,Unlabeled
0x9bdc652ba1adb8b3a06743a5af5d8416ac5a3d18,Unlabeled
0xe3671a3fa95e13a71aa2f9001e6adfb881dc439c,Unlabeled
0xc7ee27f25316e328dbb60565e7ac7809d12b4aa4,Unlabeled
0x3cd4fa6c273be04f983f8e6fc71a9500d456e221,Unlabeled
0x78b8ada1faa09287073a56599fdb184c906b702e,Unlabeled
0x875441460a25abbaf1a6a0e466a6f80084687320,Unlabeled
0xca9a74c22f0a2eb91909d59a98f48f9357499a46,Unlabeled
0xba5a309b4459feda1fa959ace2d6aba629ce8020,Unlabeled
0x790185abfa6db4a1d46023bfdadbc8ce28786cda,Unlabeled
0xc9a00ebc6961cecfd5dea776eb63e24ccf9582d7,Unlabeled
0x2c195f5098c981cf00ab3f8603afcf678f661a29,Unlabeled
0xa653aa211e764df1f09081415c42836d850f0b94,Unlabeled
0x823b0f1ccce5e77e599fda577927e72c1b5fe409,Unlabeled
0x4781955f36f695195c42501e49771f43b3c69343,Unlabeled
0x0c7a79a4af1f31cfb8e95fe963e853e544ce7708,Unlabeled
0xbf495fdfd3e2d29cc23923baa4b6bf1780227e65,Unlabeled
0x584a31052c643d32f3134a956956dad722ff4161,Unlabeled
0xc0f78f048ed5d2c221cd4e5ed6fcb4eaa26aa77b,Unlabeled
0x08b481f8be19398a48dc725de35edf3b06ab9846,Unlabeled
0x7537b36ce8d19db99fc5cab6e00e97b3fa04b326,Unlabeled
0x8ff261a2c19cd4cbb68b7e6a7786015c0604039c,Unlabeled
0x25dadd8d85e32ac77b62a21559f07dc1fa1ca527,Unlabeled
0x93dc0a879691ed03b4874752f684cbe26436d710,Unlabeled
0xe91eb5d6e0c666051cc501ebd246f575f066fa5f,Unlabeled
0xbf4fd1e25afcc707f7c633eef1187d259a720b2c,Unlabeled
0xe6ed475dd22bd3ee776ca27b3e270f92affa1117,Unlabeled
0x8c6e23e6f8586c6c0e57a5095d6fc50c5d164c7b,Unlabeled
0x8428a8706496379359cde65b64ac74b5d33cb701,Unlabeled
0x04c079bb31deed8391015eed8d6b625a40957058,Unlabeled
0x3fa2bd3f6a278507bee0a1fa9bde1ac07ce7bc58,Unlabeled
0xc9a08ea7754abbf2da9350a7f18bdf5d04f96961,Unlabeled
0x862de1a518b5428c04abdcd15f0d5ccd0e7222d9,Unlabeled
0x9b5ee89dfe1688d4e700b72b182b497e35ed8397,Unlabeled
0xfeb25fe7c9e091f3fff533117adc6b53172ded94,Unlabeled
0xd0bba555aeb5aea70806ea791167cda008baa262,Unlabeled
0x7b012306f286db116d168c52e7d8b0523d7a206e,Unlabeled
0xd023885bb67c7358743b80df184bd494b11c6e1d,Unlabeled
0xad259144b6e1916f325d31561b61e3ce4dccb535,Unlabeled
0x40d1fb938f6c7614e17c9c82a31aacbcf1ff56fe,Unlabeled
0xc47b4c71c76a0b62e6932669d245b7e0cca15999,Unlabeled
0x4d6969fb9b581b908236742eb98bb7171b240be4,Unlabeled
0x6245fefae613b7dbe99d4b7ee9090696fd17a800,Unlabeled
0x59934ddf512b8578244591425dae88f3009e8fc1,Unlabeled
0x1d00de876c69fb7a3312e0632aafb4893055b911,Unlabeled
0x06e4da9f088576f7c7d0a1c5ec087a53e2a90793,Unlabeled
0xd36f4b73639f23f57249da1ce8b9245d32c3d7ba,Unlabeled
0xcb994f4cb8e56ac1eef5fd20a8b2d4260ea2d0f1,Unlabeled
0xdff8c618a93156a260d1e9b6b38b4edc6ad64dcc,Unlabeled
0xd99ee04d27864dc30896574e241e35e71480d2f5,Unlabeled
0x967bad07aabfdbeb1015114cb85c356bfaf86dd7,Unlabeled
0x9803322f692efa0db91991349df6e3ff8a6eaad9,Unlabeled
0x2a11fc22fe36f20c148246b1b5178ab72269d27b,Unlabeled
0xb57640b3d94643905fd2e7d7e48329872f121ad7,Unlabeled
0x90a0583b325a1ca2aaf301936e553280ffa5ea61,Unlabeled
0x95b119fcd40a79f9a7bb0e6368370abd6a498176,Unlabeled
0xc29b463c6637d0858f4067eecd57583439f69afd,Unlabeled
0xa0d60aec03f9f02ad0c3736e392ee5bfa7857403,Unlabeled
0xb4d282f6b847b05159d498ebc74187e334e68dd7,Unlabeled
0x9f1f103068fa85fd0108cd73569ebc46b03bd000,Unlabeled
0xc3423c3e83770131db9c8e16209c1c18211ef238,Unlabeled
0xc5159dd4e8c2ddca4b92e5349f38e0bcf08eb572,Unlabeled
0x2aaf24d0eaa26ab6ad98621f22244c317d09c564,Unlabeled
0x8478998694480cb93e6936db40e5d106e7ba00d3,Unlabeled
0xa270f3ad1a7a82e6a3157f12a900f1e25bc4fbfd,Other-labeled
0xdbae679f24b7197775ff6937c30e42c2d5692d19,Unlabeled
0x0ea574e9395dbcf97d7ecad421c6abe2a5e41eed,Unlabeled
0xd45440123036a77b581f6d67637bf343f56c3f1a,Unlabeled
0xf48692543841a9ad221761f85677e5b0f7c038eb,Unlabeled
0xbeec4d2455233addfd53b14a45d55da07c492c19,Unlabeled
0xbccbaad9c7a2ef2f4d4007c5ad1fed3786e14fff,Unlabeled
0x7e998dc7e772d1138f6b145fff0f683422a25484,Unlabeled
0x909b7f28aff5b5af62ac05a691f85f17b4425522,Unlabeled
0xc3e32d91946066360c46cf4424d6ed7a05866377,Unlabeled
0x13bfeb6a7f3c29470b37b45be9fe7b2bf9f19970,Unlabeled
0xd05c729145d3624ec2782d1f589d88b95a53abe3,Unlabeled
0xfd250d2966c30a6902835718e2a7c30e81e90347,Unlabeled
0xbf37931886d4d0944637fb235d1d83fad74fba86,Unlabeled
0x03688231650daae2bd6a6702969a0907e6703ed3,Unlabeled
0x51872c1d2dda4f3d051988d3526ee8f453b0e61c,Unlabeled
0x1981cccdbecad7990af186a4317b991b694eecd3,Unlabeled
0xad2275205322b913acfd1215cea25b7a9c791367,Unlabeled
0x23c4858a4db2111ac019e25aaf8edfc4a4560888,Unlabeled
0xa915069661cc01d81d69b0c01769651b1ef6da5a,Unlabeled
0x83003ebb4f1fd28b8a9662629dd6fba8a9652a47,Unlabeled
0xd82c7cf72a71e2759da00821521abebb952e242b,Unlabeled
0xd0ee0c1c8dedfba27bd721b861d1a76edc7763ea,Unlabeled
0x7f1549af84de078331463e66229086e9e1a74ca6,Unlabeled
0x63e5e76c5035178d3cdebefa3a37460808b07ab2,Unlabeled
0xaadd39254b90d1d915923ed82bbff438a68de0e8,Unlabeled
0x47a2f6abeb37039b0d68b00dc6717a7b0306c649,Unlabeled
0x086e16a41235b1d7d2842e565faa78cd3f4e9401,Unlabeled
0xea2f75673b53f09602cb5a468bb8094fcff1cfe2,Unlabeled
0x7682062dc6f65d7684f210ca05e7aa493fa26045,Unlabeled
0x323f43881f8e7114963b75c2b48129ce2505f0f5,Unlabeled
0xb3356545894adfce1ac7acd8e58dac8f66d59bda,Unlabeled
0x46bdb39539e34e68353d3a054e940dd7b3893d2d,Unlabeled
0x2c4ec1e7b14ed85c583a2a129c8383bf7c7ae2ac,Unlabeled
0xdd5f4483f335fe020bd2dd1988df0f16a8293242,Unlabeled
0xecc7511b5dadf3b16d1d765efe3231b123210a34,Unlabeled
0x5247ffff759318a1b5195a807643209a56a606a5,Unlabeled
0x1bbea13e75ad01fba5503e48909c8b26c48b8f9e,Unlabeled
0xfb06eae3af6e9e3f89d26d514409f1e79f7b0b20,Unlabeled
0xc51ec1fa8d8ade55d932df59c9bead6509bcb445,Unlabeled
0x3db8f300e2eb99726cbee96268669d579410cd82,Unlabeled
0xd8094735f4ab1c187393f7f91a5973801b2ca9b6,Unlabeled
0x6c493e92a1d9632bfaca6310b791539825d60942,Unlabeled
0x7526cdb634dcf9b9dffddb7f53f8d3bf546486fb,Unlabeled
0x72c5bd3c7a895691f9f72b5fa0bbd20795f1fc28,Unlabeled
0xb18ad862a8893f278945170c981138f354c85b60,Unlabeled
0x3294fb392049d211716d6a1523c3789437cbfb49,Unlabeled
0xf71f124fdaf14e45bc331c721e81a462ab2e60df,Unlabeled
0x29fea010985148c5e083fb5bda56da0a18fc263a,Unlabeled
0xc4ba7f6b9e4162edb1ce84eddef227a3682ab50c,Unlabeled
0xb3a3f1e81dcfe3d7f4ff8aa2e3a07fe5e6c693dd,Unlabeled
0x3edd625c769af81cef5e25fe0049064ea0e9a888,Unlabeled
0x217f2f0d8e7d791e066ba33f677766d145edab19,Unlabeled
0x34a48ddff5b120d185cd58c1a2ec448925ee6085,Unlabeled
0x708e603ab1fe95a86fb670aed16be3e6162abfad,Unlabeled
0x4e4af0008ee1c12ae3e664aa13387a872b9b95db,Unlabeled
0x5f31c3e8edb382c7542d969b7cad18ac6201e98a,Unlabeled
0x2ed17d49501c4ebd0bd4669df65437564dae69cb,Unlabeled
0x45fbaa782c0e5ab700513c963d92bf138d20ef94,Unlabeled
0xe348d5143f595aa84c00ce4967e48db240a6274c,Unlabeled
0xd94f3fb3717b79ece7fb9b9040018e1756898320,Unlabeled
0x47f3e47ceddaf1af4cf9f268a9f7fc3d42388489,Unlabeled
0xc303d6fcf121bc3725944ba0b1d0cad3693e91b7,Unlabeled
0x30310618d6e851c6a8a7451799ccb01bc19d9d47,Unlabeled
0x489d9e044608505dbda175457444c8bbdc023a89,Unlabeled
0xf10e64bd62f9f8477c37d92886409818af5b720b,Unlabeled
0x9ad6499c4e6260b9c631569f62c28fa95e361b5a,Unlabeled
0x2f1f940231bc647f425d4dde407c0a5c1be9df77,Unlabeled
0xd84d9abba65a10051e80070217e7ddb362a3ade4,Unlabeled
0x5639e693b183df70a50844076a6aba3896f1e140,Unlabeled
0xbad3e1109d63c48a3e94d8a81eceaed51bbf8c3e,Unlabeled
0xeb0d3baf99185cd2b43aa87066fe68d0e411463a,Unlabeled
0x53a22b15a960974c2246d35c19d58357897b98de,Unlabeled
0xae6074b7b3ab4006295bc63c7f4d92d2dabf3c3a,Unlabeled
0x974cd2f84384db81a03367f1a189f3828e95451b,Unlabeled
0xbbc6ea5e8a9c979c7de03519ed627de87860e4f5,Unlabeled
0x850484a055905387ea69e0ba9cc18a57f0c7e4ba,Unlabeled
0xe2a9e57b7a4a4f85bca3aa2cded9ae98647066c9,Unlabeled
0x95dd05950bc8cd5def7be0adc600d0fadd15bd86,Unlabeled
0x08d0b863eed5d5163f91ea1c661c3f3d126e0690,Unlabeled
0xea387bf55e19f1daf2241a3bbe08a7cc2abeb2dc,Unlabeled
0x721156b93f6709e44ce0420dd533d135095b0855,Unlabeled
0x883d00431a57ec7853c0a87d0cbe62cd0f841fa6,Unlabeled
0x431c69c426a912532d3a92c9b2bb5f2a2e613ca6,Unlabeled
0xff5f59af5d82bdd8fd48c6f43b4f1e6682a1da31,Unlabeled
0x0098b9edcd45f2ed0a97170d044bdd9f4f9320b8,Unlabeled
0x34c54662ea042212ab14ec82f769fa694f158848,Unlabeled
0x8cd0d604c0d85e89e56e0066af87ad4784f4092c,Unlabeled
0x7576925da609d70cb3b23d45fb418eed94b9756a,Unlabeled
0x203edd1b7b4a07cc4f84a5a5dd5e23dec44560fa,Unlabeled
0xb0ca844fec8036976afa0d10c213a6babbc32b96,Unlabeled
0xd096629c74b03278ddb05e3a23a10ececdc74e9a,Unlabeled
0x90b78ef2104d878800e3e0858f5f87cbfd63da73,Unlabeled
0x836203d3137ff2bbb3ac5b9adc9404dd970c8332,Unlabeled
0xf7e31c086fffe30b59ec92bf76f1a608174d9206,Unlabeled
0xb5ab1ec3feac6134ab3cf7f0126d873929f756a2,Unlabeled
0x601bc22360186e498bba5edbd660d937875b6b6c,Unlabeled
0x781ed1a637e24316e9eb79aef67608384313b2c7,Unlabeled
0x388783624955b8cf0d2683e3dc3a00fd0e5edf5a,Unlabeled
0x21b801bd1e9416ff088553a995ecff4daa8a0ed2,Unlabeled
0x56a5faf4ba7b7d02c93b64231cb40fc387e49329,Unlabeled
0x8668d325797debe613db2fee8f2a07cdfb2e37d1,Unlabeled
0xdf88fa361b9cca7a0a4373256b40c6351e1c36c2,Unlabeled
0x84dbae2549d67caf00f65c355de3d6f4df59a32c,Unlabeled
0xde196a17ee4f711b047733a2e61a84349df7de43,Unlabeled
0x07764ec5678d84424453de4d759bb52c777297e4,Unlabeled
0xf9f921ef60cb06847ee0bea610de423d14814787,Unlabeled
0xcf8e5db6bd06da353b0574b4d416c9755ea52520,Unlabeled
0x0fd332e807738f039714f634c665a45cc9a5aa96,Unlabeled
0x610c98dc76d84570d2c24fdc705336352c1521ff,Unlabeled
0x2e3e1c228efc172dd4d926d4bc49d7c2239d811a,Unlabeled
0x11731389634226431b2356c14f70dfd63af26103,Unlabeled
0x85a80baf21660079d52e04cf5d83a3e94cf57861,Unlabeled
0xc20e83ec4a97bddaeb2bda1a947402427e6025cd,Unlabeled
0x8f4b24d9d1e1e0dea64cd84799d0b4f99d9fdcc7,Unlabeled
0x1448c3e22b5aba977f06ccbe2f94dd9516a21911,Unlabeled
0x1d04276bfe4444e130b3d801fee7efa69616cc83,Unlabeled
0xd1fc45025b38ee28385019f0e71038aa8aaa021a,Unlabeled
0xabc3f03dd33b0bde4b65ce39201b552c185b622a,Unlabeled
0x6cc1142f80a897a2fb339e83474323e9652025cf,Unlabeled
0xb568f07c53d68d48dade78bb2e46403d6607d65d,Unlabeled
0xce729ee9e1773347d7dde9683b54557b9d5f338d,Unlabeled
0x377296dca10f8a0711fbb3d7c3a850d6d3c23928,Unlabeled
0x0cd6b09080000c0f34000058fc600c4d700d3001,Unlabeled
0xfcf08fa44b4d8ca416c65409f93ce114faaa87bf,Unlabeled
0x0f63990d400475894bbe646089ba9b7ceb20346a,Unlabeled
0xfa2b2f8fe168f2e34ea4ce6aaa5c6125647bcf1e,Unlabeled
0xf5e77915cd0e6dfd5f7db7c73086b2b182bb5d47,Unlabeled
0xe3ffd9f38dc349157bab495c593c9d34f1769d51,Unlabeled
0x72f05052b73d2b95493cb93888a40acfbe796571,Unlabeled
0xaf32d3dc82d15f7c7dfb858a0f5b7a3d913c41cb,Unlabeled
0x18d5eef5b6aac89b91be2501bcfea056dcefe054,Unlabeled
0x7b7a1787700eb3d90ba7af237717d67d04cb7b0c,Unlabeled
0x40a54fe42c689c92b84fcc93b5d9050b908c8d5e,Unlabeled
0x03fd4fcbdcd5868b44a110a8de2c5c4239daa9cd,Unlabeled
0x6d7a0a7bf957449ad9e3ca0d35ec06b08e394c5d,Unlabeled
0x611f7bf868a6212f871e89f7e44684045ddfb09d,Unlabeled
0x11fe01ced57fadf16eb7fcb8a04d63a081f9dff5,Unlabeled
0x4313c378cc91ea583c91387b9216e2c03096b27f,Unlabeled
0xa5c2d2d1dcf5a3c28f0d6701fa3cf7859c170d71,Unlabeled
0xb920e4ea5282f0a6338a3ff801ea44772945c2c8,Unlabeled
0x78638a9424e938d0e928bd98ddc80fdb6e9102a4,Unlabeled
0xcb8948be530766fd5e09115ccc024db76e91b40c,Unlabeled
0x4eeecc7ebbd42d554a43ba9dd3544ffa814e84ba,Unlabeled
0xd58e59b34456078ef2ba20f8db7b902798003344,Unlabeled
0x39eea2575309535a42575f108a0ab66e6de960e5,Unlabeled
0xf1159b31f4b3263ec383b65e3090c46d722cdfac,Unlabeled
0x7903a57d5591a7dc4c4b6845d52aa913dd7b8b79,Unlabeled
0xeb21203492a16cb4e5ba92594a7e3b0c8b2edb96,Unlabeled
0xd232a32e7bc4d4bf6f7ac9ed6e07b7b020a590b4,Unlabeled
0xa24668f1f685ac1199fe2e3e650a8b4aa0c5131f,Unlabeled
0x9bfd1a200b89290c89cbd78e33515a42450ec9e7,Unlabeled
0x2204b7adef6b8b9ad274fcf0c9bffbba3b42698b,Unlabeled
0x4ff1d40fb7b56665bf95d8d8e3a5320de46709a1,Unlabeled
0x181128aeb13ca79da394863d0cfe32cbd10487ca,Unlabeled
0x2dad1e42bd6013aa24f9e23a90a5d77450dfd56e,Unlabeled
0xdb86f3fd812a6530b9eb82c140bcf00fe8008fce,Unlabeled
0xf01fb5ea7000c2294d7eb3e5da74e28ca3597ff6,Unlabeled
0x623b668d651dc1389b2cd04a1fc539d1eaff90fd,Unlabeled
0x5ac4828c9407e78b551f9c615fcc8511f8aac695,Unlabeled
0xa1dadc67e0df16382222a7097faa0c8ff8f82d62,Unlabeled
0x4da183ecd977f3f4e0f788cb2e2f290a26122494,Unlabeled
0x2d1606cbd20bbc921958c26aa0009f062e118443,Unlabeled
0x525b2bf8e3bbfc87374163a20228bc5a99f88206,Unlabeled
0x21360cf19c8a997a295e28cc540f18ba531c1d32,Unlabeled
0x1f93aa75bf7da4def1446bb9340468a684bf3f3f,Unlabeled
0x0e17c9352cc02a1c9d6ae517153c91c2df587d19,Unlabeled
0x955ec54c628bcb7d5e4f231f914e4243f87df659,Unlabeled
0x9e21b5b6b83e0eff2abdaa22b30ef356160b046a,Unlabeled
0x410dc27af82a3b8a93baf9c202a0c3668f554425,Unlabeled
0xbaba4235d4173310935685420de799467311f0c5,Unlabeled
0xa7ce02e51413afd363fe9fc5705fac68f4567532,Unlabeled
0x9cb5036752f93b95bbceac6378a2628efb974706,Unlabeled
0x05c1ee2b278b9dac1d00a6f260b54d9f25ef4459,Unlabeled
0x0a22e8b5a99e1b5e2988945ffd81cbb0b8a3d06f,Unlabeled
0x13f4dd6b6623cf02d95b866151649aed5d1f5c56,Unlabeled
0xd9561815fcce4ce620b8d2d487eddbdd7d86eeea,Unlabeled
0x77bd69f27947116e7eded03cba6e294906d0fb6a,Unlabeled
0x6c0c06325753914e502b044f3ae0a8677331682a,Unlabeled
0x7ccfc6e053e78183f43b255a7c0f48f13b43673a,Unlabeled
0x08ad96ee8f9309198c29203f86f08f9e8720350b,Unlabeled
0x14919e65c9b2380ae59b2b6ec1eaa214692652fa,Unlabeled
0x50cbf59425e80812c4ff94e16253c957635f3660,Unlabeled
0x2f07acd9c78d3860e0a40907a7c40f9e1bec1ca4,Unlabeled
0x098208928fa353fc70079c4783ae386499d3a7aa,Unlabeled
0x7b7a249eec9e3a55b744d248c45d599568297b0c,Unlabeled
0x7b7aa0d0859f0bf78656570dcd4313bff4b17b0c,Unlabeled
0xfbcb7101cc8cfb687f5542d6f782aa5f991fae1f,Unlabeled
0x8e2625778ac3159accfd3cdd1d6a7846d7a9be4e,Unlabeled
0x135a1894d4fc6fb88e257bff20de5aad9cba5179,Unlabeled
0x8fa4ee1776032b612206e754ec2382b534d4ac6f,Unlabeled
0x42a0234a45b60c344bc1f8f3614a190b81104630,Unlabeled
0xfeb803305e92e7d82d45cbc4d9622c4cb8c71cbb,Unlabeled
0x12d6d23c9d783216c0f2301a986643290130f53d,Unlabeled
0x5d833f1f179ad11d3fc316be904e6a8dbbefdc8f,Unlabeled
0x5bfc54127a5050316f2ec1433b9f63dc22698e25,Unlabeled
0xbb13d96f722a2328420663ea845e0ef1eb3295a0,Unlabeled
0x2ac22881cdfda90c1d9bc1882a58cf05bbd8ddf5,Unlabeled
0x1cdc4dd552e5ba94bac79651066acecd62d179fd,Unlabeled
0x5265d4a3b80c19d5968d0baa4c01462a4e6c1bd3,Unlabeled
0x6dfccd364f28c1533f0cb98d983f669dff78bb88,Unlabeled
0x5b34bb6aba375ea12ac9dd4f7b006ad4a18ed96f,Unlabeled
0x5674e6e0c6fbd5b040cdd37c7079c4bb9268a1cd,Unlabeled
0xd4dcd2459bb78d7a645aa7e196857d421b10d93f,Unlabeled
0xd50ce202d98291cbc73e2dac10bf2dd685ecaf49,Unlabeled
0x35b2b68d6bcc3ce9a06543c02cb71ee969785bd8,Unlabeled
0x9754423b7d50d6e33b68d6270a56978bf179e482,Unlabeled
0xe1acccee646cae2dfabff364620432c121b5e59b,Unlabeled
0xbbce93bd808bc540c2d4958dd34bf25ddcc15814,Unlabeled
0xf91cd42b2a1f221a5d23b77b089961afd116934e,Unlabeled
0x800c1b69f63e78ac5a58dc633bdd4d64e84103d3,Unlabeled
0xafb58c9afb8327b828fb809a0c98fb029b4202c3,Unlabeled
0x176a1081a02e938e16ec0d7138296629491108fd,Unlabeled
0x444238e7cbe2d2d4a0c54398a2e8e1c3b12ff318,Unlabeled
0xef6fc636a63859e08ad3479fe456262eed2e5042,Unlabeled
0x7d35c0f2c0e134f094ef2384e6dc4984c693acc1,Unlabeled
0x0e1b18288baf2c99ee5c215030f1d1a6d814fcd5,Unlabeled
0xc53cc867221ea247142ab744ec3f8dd719f02763,Unlabeled
0xb3ae318126ee6cb604fb72bc4a366f499b1ad343,Unlabeled
0x9da30e694e79f9354eb05d43eddc5e4caf6f8643,Unlabeled
0xd7150a04bdc399db710b80bb1b6111d388888888,Unlabeled
0xd1771e1ae803162555f20a89568cf03306bbe9b5,Unlabeled
0x74352e644ae87afd088c67204720f4e57f2f2396,Unlabeled
0x4df48d21e7b92c1214b9abf9f477a5ab0b5ae5be,Unlabeled
0xac1811153607df10005507e08071115723f9d249,Unlabeled
0xd9967e6d2477113eb3b76fe4c47290705c92cdbd,Unlabeled
0x1cc9a8b8743925d1656630c42905802ac7c44e84,Unlabeled
0x90dd5eb99a7f116e71be378010da961d3dc560cc,Unlabeled
0xec985e3d2a7de38c7afa200229679536cb196e67,Unlabeled
0xe7b4edf10087f15979cf60661c0a9a1fa3a0f1ae,Unlabeled
0x9b858be6e3047d88820f439b240deac2418a2551,Unlabeled
0x0cde01c94ed41fa3055d2cef5bcd3c0c005a3673,Unlabeled
0x48c10c1e9f2d6f1945a50160be929a1c7bbdb0fd,Unlabeled
0x71afb91f4d50a2aeaaf95f32e964dade31171691,Unlabeled
0x67d305d0e54294bce41a2e027a677052dd51f2e6,Unlabeled
0x7e9247a051f49ee2d814299c57550f3d988cdd8a,Unlabeled
0xdadb0d80178819f2319190d340ce9a924f783711,Unlabeled
0x6d8d294b861ea6ca3084ee86b749b23589213f2b,Unlabeled
0x95420c8f22c95e94f0c443d4c075b819644014b0,Unlabeled
0x79faccdca93c4b3b0c279134ae3833fb6810343b,Unlabeled
0xb7e153b6ff7c573c29c74ba1ae67fe780c175974,Unlabeled
0xa832d0d0170af0b46411f964572ea0d3829ac03f,Unlabeled
0xdbd45730134ac5111ac7ea764ded24cc7bbab3a6,Unlabeled
0x8d9e92bd722600487eb963d05703076ae1a4b658,Unlabeled
0xe02e6f03f583626481450bbdeb9efd6eb0eed78b,Unlabeled
0x7b2684151d56508e529c8b7e9439ca5949923ec3,Unlabeled
0x904c78e5c8ce0894e98de105fa2e85a68b06dc8a,Unlabeled
0x514ddf03d70a6de211dd8066efa5e34327592590,Unlabeled
0x20e22a50a24ba7f77db70f418c0aec49febde919,Unlabeled
0x360d81a3e9d3bfb3fafcba0214e8457abdfeba5a,Unlabeled
0xd0aa0cd898ea392f59366e02b82a970036c85596,Unlabeled
0x66c01468e801045c7dff031e4e523b5d081c5e70,Unlabeled
0x3ff0338e0233e1e0e5512611d68d3dcd9efeff1a,Unlabeled
0x66c07d1496bb48c9c35446ac15012bae11e75e70,Unlabeled
0xec99fb99e9a93323cc4b1362538b7bebe4c2b5eb,Unlabeled
0x2d989d95624539e18c44c96f7a6da10c23ab1609,Unlabeled
0x0d465676fc0c4c374439651c4fa5a2903a649289,Unlabeled
0xeb8e2541138f5017dc3ffdd5ab5e655d4718e2e4,Unlabeled
0xd2acafcb2fafee3b239ebea83b90a700db0c933b,Unlabeled
0xb5e4d21240e9356cafc3a1261d10383f62dfc24e,Unlabeled
0x71b83613743e42c800fc7b7648c53f16847c7cdd,Unlabeled
0xb5e495b5bd7642cd8fa6beaf7e0aa7f12d47c24e,Unlabeled
0x982a4652e3e63ef86556432682e3093c5257ec46,Unlabeled
0x46fb0497ef6fb6b4d190892201f6d7d434b9348a,Unlabeled
0xa2c64e01c0b7aca5ab37ca0762d5599bd5bb4705,Unlabeled
0x0aa3bf232d71bcdfa9d403b443ce36ec5623e8f8,Unlabeled
0x4d9339dd97db55e3b9bcbe65de39ff9c04d1c2cd,Unlabeled
0x958f33b6398cfc66376c96079e4e81576b30fd57,Unlabeled
0xc5ec7da1b1118e335548b069d8ecf698b6541449,Unlabeled
0x7d189aec554773fd8023bd291bf109af512b4b6b,Unlabeled
0x14d87e292aa0e251ca50bf980b8ca54d4f2f2623,Unlabeled
0xcc57767e0c085e865ba0598ad2731741a018e562,Unlabeled
0x6d2f481765e998f94dbf95115f0b23e439829f79,Unlabeled
0x253b78a84e3dffc753fee7c39731a4a2e5e178e1,Unlabeled
0x5af8bd6697d7606093840aa17265f492a2fb0553,Unlabeled
0x630d21935a5daaefcefebb7bdcd76b9ddc0493a5,Unlabeled
0x30929821724f0524d432297977725beedf04c1d4,Unlabeled
0x8295cf76c0c3863c48830658fb8d53c7aa75bb15,Unlabeled
0x9fc0216b063163b61d3534c978feac6a75527713,Unlabeled
0xc7ac0f0577fe4c4eb8f017ba22d665344dd6cc6f,Unlabeled
0x7c1c091f8999eb921c45914ec48bd2d2fd7846ab,Unlabeled
0xaf3182969cf381161ef592a66536f36786980e20,Unlabeled
0x6d4beb94f60ec025e64a375a7df00980afc34bde,Unlabeled
0x3a5e37493f437551f00a00506a26e803edc68ca2,Unlabeled
0xe3d88567c44ea252af7ad337af4806edb40bb904,Unlabeled
0x55314e580b3c6a1545e0f1e9b9496423fd0d3c6d,Unlabeled
0xfde1be1956552815172111111090a99413ffae19,Unlabeled
0x6269a84f3e66965a5cb5c99339ef63ff0e06282d,Unlabeled
0x790eca9fda5c7aafabbad548ec9b53b04d47f9fe,Unlabeled
0x4a1245702e693107204d608cac53959ddb00a795,Unlabeled
0x395070eebf660dcbca46839cae85957dcde8f93d,Unlabeled
0x5cf68f35601f55e95bdbfb8978ffd8fa0d4b1b32,Unlabeled
0x0d3ef122ab6349120076f892524d16cccd7ceec4,Unlabeled
0x20e2e5a2cd7eb01157ec7be730255bfe1a1d3424,Unlabeled
0x2d23feb0fbfbb27268ec310dff076cfa0de0e401,Unlabeled
0x5f13b57d81e520412c43f1c4f7ca3bc2eca1d6cc,Unlabeled
0x0816c030d12db51c9c58a3a74d4c3db919a947db,Unlabeled
0xe904ede2da03b621930698452acf9e82ee2147d5,Unlabeled
0x149dd943268f96ca1f97f801b16cfe2c6971c39c,Unlabeled
0x0b1f08774d5778cedf43b65fe933f6918e890336,Unlabeled
0x45c59bcd4a8f56428e2658c3d5f91d00d9d777e8,Unlabeled
0xc4d94f3d33f13aa86a9bd7f6dc5abbe488a74867,Unlabeled
0x4178b8f0469d5efee99fd07f0c3deff5ca2bb52f,Unlabeled
0x6af625815e77735fe26a0e2b6b9fb360d72ea791,Unlabeled
0x3dedec283546862d78e7f0707215954e166907bd,Unlabeled
0x463ae5bdb279fd555996dcd51d6144ca63722b68,Unlabeled
0xc05b15a042aea4f2b7e11c2f96b56fa360491325,Unlabeled
0x31293cba82afafc3b3778731581a771bfe7c3d49,Unlabeled
0x820fe06232f12167d6ae5007eaa97fca98a99931,Unlabeled
0x9a2f67c42c6233e81a5a03e9f400473428a29739,Unlabeled
0x2f10b9f4832afa33a5b0d34bf18314467a56107a,Unlabeled
0xf0d208b3d17acc9c3f9bbc3bb0ed76fcabd72e39,Unlabeled
0x00000000fd3a7b3fa5bcfa843c648714b11e089b,Unlabeled
0x02ffa50aa0ca3cafa1e1cae42328488381af3c87,Unlabeled
0xd3ee2d67dd183d5c989878551fda1854d2f394dc,Unlabeled
0x7a6c76bb244715bff62fb84e66b3cb0dc248176b,Unlabeled
0x662fe3b85240d62ab90c8fbd1aa20730b3f0c316,Unlabeled
0x8872ef007c53ba0d8e1941c602151c87212509bb,Unlabeled
0xabaf6dc6411d19bdee5136dcc7458c48201ee0db,Unlabeled
0x4b0342ba09361d7270c87fc166058f0f819b9f66,Unlabeled
0x034f998da8e255f9e870baa45055612e9b262333,Unlabeled
0xd2b902e1784aef55e57d85e5b48fa163ad10edef,Unlabeled
0xf937c463f85e6a641d7f19597a6d1b4b4e1f7772,Unlabeled
0x1d781db913482b4599129777001f718a33e2098a,Unlabeled
0x1924edfa98934fcfd554ce7bab00b0fa01f33656,Unlabeled
0xbf7121183de37e8b860d3c5cd91751eb012783ba,Unlabeled
0x33555b61a211a40874fc9d4870b4254491f12c6b,Unlabeled
0xf578f6990cc175010e29343e27a2e50558083a5e,Unlabeled
0x5f1469ba17c2f5bc168832c3db783f97cb118698,Unlabeled
0xdd79d4f967c0bf924f6e8c3e874f8092416d6c72,Unlabeled
0xeda5dbf3a5a938ed1d11ba11a3591cd53006b47b,Unlabeled
0x6bb8bc41e668b7c8ef3850486c9455b5c86830b3,Other-labeled
0x899da890b49ed41f0969b243716a85707d725a47,Unlabeled
0x335ea1541b547c67836294c798d1710c5340c885,Unlabeled
0x85bf7777aa0922ccde6d586ec64e9997e1c83f63,Unlabeled
0xeea1cfeec2f04526a30cecbf195bb51e1b4e64ec,Unlabeled
0xc38e4e6a15593f908255214653d3d947ca1c2338,Unlabeled
0x50de1986cf5befe0c8ee74d6df6dffe842dc2632,Unlabeled
0xcecfe80641b0fbaba7d8a0cb30d78a16eee9af97,Unlabeled
0x1789faf89a112dad757707b2495837ca086deee1,Unlabeled
0x1f4a84be7a194f916f41417073d04cbacc9e1453,Unlabeled
0x5c8d2ba5671eee9926d163351f58378e64eda1a3,Unlabeled
0xd05c5485686ce986d54cb846d29499ca6024abe3,Unlabeled
0xc331f9e201b139e1409c8d6fa97ea68eb8866377,Unlabeled
0x9d934768502ef1e4a235a9b140c871d778af1846,Unlabeled
0x8a106437c4f7edbbb07dd0dae00b60ae7291e901,Unlabeled
0xc0affdffed7c6f29f0dbde216e8e855072ed707e,Unlabeled
0x82f868e0f2d303bbca658798e92c4718b881240b,Unlabeled
0xcc3f309aa8643069ae4329a4c5fd105492411217,Unlabeled
0x7c6e2fe0ef92f7c8875667abfeeb87dadcc7e000,Unlabeled
0x292cf34ef264384ef5dc03b2b0792b853a2df7f7,Unlabeled
0xaa0409cefb9d74cf756770e8d36a97746725890b,Unlabeled
0x9626225e402e5f45c51e4551f6660d208f79a425,Unlabeled
0x053518ea0704bac9fb6a96b630cc6bcb6e052e1e,Unlabeled
0x11d1b281cf62aa5b13e30cb938049226185f2b75,Unlabeled
0x698fb82bd044ecb4d8125480b46bcda64a043624,Unlabeled
0x1b04bb70972f7e2caaf96c04599c6c2e82dfed11,Unlabeled
0x8bbe3107f8ef7fe7953a231783adc8f5c96f82d7,Unlabeled
0x21adef051b6aed4d75373cb70f0c917b1448a933,Unlabeled
0x430d86b30d5e700bb8658374b639676a90741f77,Unlabeled
0xc6dc2bc91fb0b507fbaab54b9603c0179bbda3a2,Unlabeled
0x97dac8b37b1128854776a7e323dab2f793d6a765,Unlabeled
0x5603ed5906c173111041704b7b2dafe9e98ab76f,Unlabeled
0x4e5fdbf1ccc02566ffccf913d4764088e5f827a9,Unlabeled
0xf9c292cb320b2c4adb9bbdd53c2eb9478c05745c,Unlabeled
0x1cda8c9f8ac782bc978157b3f57e5f84276aa83a,Unlabeled
0x0ee11f148ba845ec400bc17e27d2dcd7efe2a17d,Unlabeled
0x4e8b6c1a0e1cbdddd2e6348f7471409d3adeb7f5,Unlabeled
0xe1b690030c24b5a7a46e0acf8b01f01512d0d99e,Unlabeled
0x5489d3faf5ccbfdff23c6d41ba6ec9b93d9a153a,Unlabeled
0xbaff99719d8128de6f4637ae82669ba5f2bd2c6d,Unlabeled
0xfdde9d9cbb7e644f09a2db7d57de84d9864bbd40,Unlabeled
0xeb8a2b221bc28893ae069ad53114c6b81d55b2a1,Unlabeled
0x29db3a058ba718289fdb89351bc5162d45353367,Unlabeled
0x69705bc199897498e455ed836c321818bad1cb1c,Unlabeled
0xd33e8ca2e6b77f395c1d3abab36ebd4be6c75b05,Unlabeled
0xff68a91c1b42e945335d5d2abd6c5c5b733d09e9,Unlabeled
0xeed9d5463d597c3cb557064546b90eeb03be81dd,Unlabeled
0x99710bc038b33a337f24f0fa2a1fae999ee77a2c,Unlabeled
0xf1f78e779c367b00b542a4de31b6275ab1d01e3f,Unlabeled
0x3bdfee69492a163c9e3c9fb3f50e854d35b3060a,Unlabeled
0xdbd97a75cfdaba1bcffebd0676ee46b07156bfc5,Unlabeled
0x066f5c4c294ba99f8a900f8083f2f24e030cd695,Unlabeled
0x1b6bdde58fc554379b31b2b933be5f600535db4f,Unlabeled
0xaa2d85d49e61a7d9811d7c8cd129380798f6b3cd,Unlabeled
0x4bcd026407b9dd20aa40b8415ae8c710e9f98bd7,Unlabeled
0x7b89ebb1c360b04f9459220105b7ac17c9296da9,Unlabeled
0x7516759989f7fd1dcb04d450f14823b6ba14ce54,Unlabeled
0xd8c11a8bd727ee8b2c4a861286422c0f8eb67b73,Unlabeled
0xce148a32ee275fbcb5c74207461d31689e8b93a8,Unlabeled
0x5e1f74b4af7066de20932804dd7534caa5c7abcd,Unlabeled
0xe534f5fb979b1160b1b6ea9ce91f9ad366268896,Unlabeled
0x8845a42029b504806367468472ab5ba41b70cd45,Unlabeled
0x35bb522b102326ea3f1141661df4626c87000e3e,Unlabeled
0xf7d679ed4036a7283e1bcfbcdb5a6de70af6117c,Unlabeled
0x40b38765696e3d5d8d9d834d8aad4bb6e418e489,Unlabeled
0xa4e5a5713cfb4f661332f09ca9bb51bf6e3d3f0a,Unlabeled
0xe2b3a6ddf7637aed25c850d2e89981920399f1db,Unlabeled
0xaa43b261ba334d31cdcc281e172f524155515cdc,Unlabeled
0xa1d123a5fd3746ea4facac5396d74f5062fb4b46,Unlabeled
0x2b54a791966841035314bd9615b56ffc57378ec6,Unlabeled
0x2e67869829c734ac13723a138a952f7a8b56e774,Unlabeled
0x681d8643e833bc0a8e29ad67e6a0e62918fec341,Unlabeled
0x2bb106f40d65c176cf85dd8aaca9dcf67fda6ea8,Unlabeled
0x49610a40051bdae1af9a7baf24a879dd83dd471a,Unlabeled
0xcfd578535022072a272d2892a9c1006c282bf3dc,Unlabeled
0xb1aabcdd2b5c203d03a2e9da51ea8d0ff5a96994,Unlabeled
0xcbc5a4f9ddfe7ce43dabc876cb30fd6b61c0b3c9,Unlabeled
0x56078f00f903d56c349e101d3eb136bbfd5f5de3,Unlabeled
0x7a01aff68de3e75c0cee3cf8ff85f1e9d7b152b7,Unlabeled
0x800c9f9edfb59c474e9b2cee6e5bef3e074c5ff5,Unlabeled
0xc075cb4dbbc64983b8c0aa90a0c09e9ceb21f692,Unlabeled
0xcd0333a09b66b82beb8255bd4848385ee9c237c9,Unlabeled
0x0e48eb906eec49f2d3b21ec3bf5be177931f6965,Unlabeled
0x192878de6d13aa60a25f6a6b81925af535ad8dd3,Unlabeled
0xf29d113dc1b847aae9394948e99587c7359feda1,Unlabeled
0xe44687666cd411ae6c21bdfe6484014a785d352a,Unlabeled
0xd7158efe0dd56482c8851a98082ae0c85ae088ce,Unlabeled
0x79753fae326e083f589401a4cdbb6046c01d57c4,Unlabeled
0xb76a1e032c23e9ea10f83045b90f9074565d74b1,Unlabeled
0x7228c63b073a8d74e0e6fa00a9ed06054570d342,Unlabeled
0xda1bae5fdd35979f0fab047e68a4f87edf77219b,Unlabeled
0xa740e508456d49bc3d1a1e2c11804f4fa693cf4d,Unlabeled
0xf37aa69ebd15c8c13b27a3c93e52140b742cc422,Unlabeled
0x93aadaec6012ebfdf2a62c8ae36d1729632e5f60,Unlabeled
0x674d690c1e7d7dbb4e465e81f13589739b25ebc9,Unlabeled
0xa9a1bbcabc401936bd6ee14a0fccd1d146f594bb,Unlabeled
0xe1654768576a5ebca1fc9c37c773fbf4a1be4212,Unlabeled
0xb68646232b416d5a67002c42a30595abbe8667f9,Unlabeled
0xc70ab581589716a4b29188730ed307a738b0b24d,Unlabeled
0x00e64db3efeb68b32c6d86e2fc46ef6e7cbd0a11,Unlabeled
0xfea7c1de4ab7343dce086dae10c2fd6541c9ad74,Unlabeled
0xb83a31e1f0344e19ec2906ad2055f31b39e48d44,Unlabeled
0x33203a61b85c8d04aa2e1f466f5f7c22bfd8a33f,Unlabeled
0x8429676452a4247903a8fc685c28a44734f47dd0,Unlabeled
0x3dd65c8807b166bcd9df99f787c32fe67c239b03,Unlabeled
0x84492a6c1d131e72e004ccf4135c49dabb327dd0,Unlabeled
0x9ebeab7292fa73ac90cf8cc572076f9fced6bbe3,Unlabeled
0x1d160f2c78a8336a2b21af81bf0fc3863fa0279d,Unlabeled
0xca8a8dc31af44f4d51f143b11afffcc778d75bfe,Unlabeled
0xda7f662ec8c60c8c246eb181560078293e6813e7,Unlabeled
0xe17b16b759a63d2f31a309cc3dd9ae1be9f43382,Unlabeled
0x41521d2ae957031a969d1fd2f2b407d2e21b6b10,Unlabeled
0x4801cb79e12c9e5056e1286075dbb1d27bc8f9bd,Unlabeled
0x1640856ddbc15ddf63f698b1016fcce2a347b7ea,Unlabeled
0x62af9f68884af66a790f76843af9f82c776d4c63,Unlabeled
0x72b7d9e3a9d0bb591bbdf98aedf4af088270d342,Unlabeled
0xeb0e6ecd0e78b0a84ecd9663a041f453c454a99d,Unlabeled
0x212f884252792ebaaa811fb0678444b21c7c2879,Unlabeled
0x984270020eff7f02ded443d7e3b4484e18f19c0b,Unlabeled
0xfb4f9b7625acb0e12e6f60d1ee22404907ae36fb,Unlabeled
0x18bb6105687911accab02c7d92634fe9d2cb45ce,Unlabeled
0x3984b73cfc357ff8129289b623995f6a085b5bf8,Unlabeled
0x551c839360593e9579019de170d4648add85a325,Unlabeled
0xe5f7b0040e3f88091c05b93426960000f2bdf564,Unlabeled
0x572c6491b1eded26c2c0b400fe3777b1ebe6e315,Unlabeled
0x31dd98db136d9723dc74ba61486b92bcc27a94ef,Unlabeled
0x07dc98f9714dc3bcb21dd1ee377253ddcdd10854,Unlabeled
0x0bde4b13b9d9e0e3a1afc1a8b1e306d65de4da87,Unlabeled
0x27606d8d2f78ff8b834bce118a69705d493445e5,Unlabeled
0x20688bcf5a7a545ffeb799500d145731f9b71e86,Unlabeled
0x69e295d5653f851be9e8ac432a3ee855f22f0776,Unlabeled
0x617324d3ca4bde529f464e15a7d0be31667ff34a,Unlabeled
0xa21af9f76dfd45d933e71f7fabff8f62a7ed9600,Unlabeled
0xb8fbe4a7a15160fa4139fa7817cbd032abec6f52,Unlabeled
0x4f84dc6a6728ae70c59e380bd6cc356f61a477b0,Unlabeled
0xe98129dc7c036632ea19937e951a740156029a09,Unlabeled
0xc4e19fbd3826ad6b8cf37b152aa0a3d5670ee990,Unlabeled
0x75713e3856af1785624baa143fc7cd37ca1961b3,Unlabeled
0x97423ffa2080d9cc82391535af2a5cea70949957,Unlabeled
0x1191da80da2ceefe941a6cbf9741ee05c0f7f99e,Unlabeled
0x1c33c93980d9d07327afee0316eba808ae39b724,Unlabeled
0x510d66d67e4ebb265a37a0492124df8acd636bbc,Unlabeled
0xfa5d53f85258783879dc0855792fdc917e3ede69,Unlabeled
0x3f593edfd228d86972a5b1739a1834ab86f86ed3,Unlabeled
0x0cae4ada13f4b46d2f4e91f343fdabca28489529,Unlabeled
0x61178775c2239117745ae76c8ab9fcde737c275d,Unlabeled
0x123e32e533065cb8345725df3da60dc40214343c,Unlabeled
0xffe9898bbe67da40945b0e0f9a5127b23bb5a587,Unlabeled
0x185ae52387126d97a8ec79ecf5b2e82200570987,Unlabeled
0xc88ae31feae8e5a40498a84470f3672c0051b3b4,Unlabeled
0x6eeeac7a3f7b107a20485b69b3b8ccaa6a5280b4,Unlabeled
0x40dafd2d97aacd6222210044cac5f57c1670b29d,Unlabeled
0x00008f8e25d17933482f7df47c763fb3a43b0000,Unlabeled
0xa4e3dd59df30a2354f77f25999ccd5d923e9e9ec,Unlabeled
0x339c0c335fcfbe7643b64201c558dc9af6ace0f3,Unlabeled
0xb361b6c53d5325ba8fdfbbdafead0236f5106ac8,Unlabeled
0x8dca753a1f0918061ea27e69645a189d3ee1d53c,Unlabeled
0xe646721a17c6056667d4fc02fc1158494befb4c6,Unlabeled
0x007849db50341e18acee281c9a970a183c6c7e62,Unlabeled
0x5c6df8d3218c51d970eeba9e1957509de81e3f61,Unlabeled
0x68abb2fe233726aa34a5afa00bd3a46d83d7704c,Unlabeled
0x49a216d58dc65db1db92405ebdc48fdf945db991,Unlabeled
0xbb02e43408a4563a85c6964835e55f07f4919944,Unlabeled
0xe9ead91454e7989f76862ae7dc810ce4ddbcbe9e,Unlabeled
0x7ef216afdf22d1b336169a0c4bb7b5a531d1e528,Unlabeled
0xc38763a57736f917b54dfd3ce213c97c7bef4398,Unlabeled
0x6058e3be5d07a5c0296069d98ff822ec8d64af4c,Unlabeled
0xf18734eac4101476bca5da40e823d092c3bc91a9,Unlabeled
0x69a2051554a0e54d159769cefdb316edb3832934,Unlabeled
0x13a3cecfd1bce06e711283b4f2912e01c674bff3,Unlabeled
0x495fa897e6f1c3b0b868bae9fdec14ba333c8020,Unlabeled
0x8363890062ef58540fc4f8b850393c02a4392d9a,Unlabeled
0x8396e15c46c9a817c878de46e16908cc8ded57ac,Unlabeled
0x059525a40c49490fc0eff163ee09d5161026da85,Unlabeled
0x5e92298c54b3aac35bb17370fedba25c7c5bd6df,Unlabeled
0x063b3987bcaa27360a06e88f8e44c9f63d3e6255,Unlabeled
0xd32dd1808dafc467d7f515cbfd3997ddd01e3e7b,Unlabeled
0x3101e2b0b8d261ed36afb33e3d1f80580028d472,Unlabeled
0x6b829b7b037fa83115b0e85f1df5d371e0bb8582,Unlabeled
0x9763af2bb34b65b1b59e2dd0d2ecda930bf7f47e,Unlabeled
0x0ac0edbf814bc916f9c505316e3b4dd9d058b503,Unlabeled
0x673f9002d58cf4d082cf5dcd1a670a8389ca378c,Unlabeled
0xb3b43e3db6c196d12d83af632c8e17eedebc1d95,Unlabeled
0xe8e8486228753e01dbc222da262aa706bd67e601,Unlabeled
0x1c6d2a9354b94ea137de37806c13232f0590b1e6,Unlabeled
0x6e45a2d19c6417f949ade6af35a2dda70f3a1e48,Unlabeled
0xad13ebdc8b5b594551ff01fcd4cf43cb1a8fd4d1,Unlabeled
0x234e4e655d5bda53b072a8f9785fb8c8d307e5ae,Unlabeled
0x0d82e8b869ca1be3af0ca5592b951de8ba83a2a7,Unlabeled
0xa579717a4d7db9d50cb7256f8eade8079ac82b4b,Unlabeled
0x1b5ae27b4ef76c312a2dc45e4c71dcfb67da0c7c,Unlabeled
0xa579e9539886b1164bccb966052f621341e52b4b,Unlabeled
0x6332412567dc76c51923ea6a8cd44617a317277b,Unlabeled
0xd75f2b6a56f658657680829fc4c5d15674fb3d42,Unlabeled
0x4eebe6da438b26675de8e9c36159367a330f4a53,Unlabeled
0x52e94343115b292f5d5d631cf2fe00d4d537f59b,Unlabeled
0x2417ac323f756d83fadb1c727c5b98c1d23f9117,Unlabeled
0x0eb9a816fbfbec4bdaadff5f52b0669c4f4fe06b,Unlabeled
0xc1f151352116fe9db5a38844895bee8554a73511,Unlabeled
0xf16e1061c62c913bc3246e7889876ed0f05af0d6,Unlabeled
0xaa4175b0f4b1bf7e000ea607e8e079722e4816e1,Unlabeled
0x6d41f4330e0fa8bfac3830dcc1fae46035aaf31e,Unlabeled
0x69603bd60443eec04a333652ab571a85f8c97aaa,Unlabeled
0xbcc247e1010e416211190b970ef3814ebea8b15e,Unlabeled
0x33d642db802890b3f5b831b8a6d222ed2e23854c,Unlabeled
0x8c3324e705d516d6792770dbacd614011c314ad4,Unlabeled
0xcc6728a97b90562ff0a3ad034a59f9ce8955dc0f,Unlabeled
0xa10f94fc4dd3f35820876f990865ef40e7f24b58,Unlabeled
0xd9b92af43cc96f5fd568d8b73646d419c546565b,Unlabeled
0x2e7efdcd1d83d0f533fd8de197501904f45bdbd1,Unlabeled
0x1f74c3c3481a0d847ebd9fef216ea1b71d6738e2,Unlabeled
0xce4738fb48028ed1f1309904aa894fc81199ca4c,Unlabeled
0x747f7c918d65f9acfc5f64b727b7ba14d2a3cbe6,Unlabeled
0xe6c0321685ffb3cbd89fec6bf2af5ad50d5f4bb3,Unlabeled
0xe904579ecf58ad416d69f95b72b594b1af75557e,Unlabeled
0x853caa7ce19b50a267348f23de35124d29cdb2c9,Unlabeled
0x984eda1af50b2d5521029ec7319e8bf6c42956bf,Unlabeled
0xa62a40658669f55a3ec984d92028c5a06c9169ea,Unlabeled
0x7f169c7f49aeda4dfa971968d921b8e59780cdf2,Unlabeled
0xf3f1f244e27b92c61d6438e0dd3fd7303250b662,Unlabeled
0x8d2d57e1783944cb11956075819c7a83e71904f3,Unlabeled
0x23b12b0204675afff50fb10305f9764590ba67c5,Unlabeled
0x21dc7a1c0569acfeffff9e13e8df65b414fca1b3,Unlabeled
0xffc2ebfc4a247b9750c8e688816eb62c6d16fe7b,Unlabeled
0xd8f768acc4f102d2e8cb188a93adbafac63af2e7,Unlabeled
0xf284f5d98c2d352c4a4ab7159306f89d84586f2a,Unlabeled
0x5345b3be630062713b41cfafd83cc138cb094aea,Unlabeled
0xeedbbb2ab2e72bb7e813858bbdfe9ebb7aff4775,Unlabeled
0xdcdee1542d932ac150c83e11bf961d04fa23e7e9,Unlabeled
0x29b09a181f05d2c75c8307ca41658fe39d088a4f,Unlabeled
0xa7726e9b262600e98add115ad2a6aac3d7cadfc4,Unlabeled
0x34ac43a69841f3832a8df746c16d11b86be7ebf9,Unlabeled
0xe125d99320ac8ee555dd81f6c18f21e9d7544ffa,Unlabeled
0x85e80b37fb03c910a86a9515976b7e6d0b27d655,Unlabeled
0x08cf48ca936884a47e8fe6f06b9e648d1cb63267,Unlabeled
0x835994d4f720dbd341d81aa3eb4a5503856b22aa,Unlabeled
0x8e2183e31686d5ebdcb31107e75bf92f6e369bcf,Unlabeled
0xf1a60de4f79d69420c73ac2655837e47017b8e64,Unlabeled
0x7ea70fe5825943af5d9a190cef1be46dad210ff0,Unlabeled
0x1fd097e4cbb7cc7919974a1854be89ab8f2ebf65,Unlabeled
0x621ed6b211e3c6d1e56eec3a0b4e5f355aab3f2d,Unlabeled
0x7e03b5b5f111f7e2ac1f6a141193649b77228834,Unlabeled
0xbf868c64ca715823f470bcc8267f90631e79aad2,Unlabeled
0x591ccf27036f0e01b8ed984c849619f1d802871d,Unlabeled
0x5ae734d681e2c536ab081a7a18e5762dc60e55c4,Unlabeled
0xf01149ea46539ef16b5b7835a3cc24d893f6f456,Unlabeled
0xfe7ff1a320a45e96dd487f5616497baa2cc9863a,Unlabeled
0x1dcd107900d54ad88b7c482d61815e4c4e7da86c,Unlabeled
0x9da3708834dc0c0d13dc99910810b5ae41b58643,Unlabeled
0x9da385af1052c39c04372fe5bff58f257d828643,Unlabeled
0xfd526c0a03a7e8a837ed27520300a9c469ef6cac,Unlabeled
0xcb7ea507f2a1928134553d9a6fdea9d2215df778,Unlabeled
0x7a7a0749a544913b9d2ee9a7bfc31cde90a0d19d,Unlabeled
0x37ce056d21fade5712fc7c6d12361367b855f935,Unlabeled
0xb1eef67220f969b38bfc44a2a0568f70981f9d07,Unlabeled
0xba6cdac96203b2ff7e65121530ef75a46ab8ef26,Unlabeled
0x9dc82ca17f52dc4877dcec017cbb462adc526054,Unlabeled
0xccef30cfecc478cd7bedf3e1084119d04a5386c4,Unlabeled
0xe7affd5dd6cd9fad812a07e1bca6ee8e71c3e0d6,Unlabeled
0xbd4346a47372e782e707c5fa13f055a85906bb72,Unlabeled
0x7ebf5aa38c60f471f2af072bfbd83bb79d05d1d2,Unlabeled
0x2d6dda505599460730b0a60cb9d3eda97b5f5844,Unlabeled
0xffd84f0ea9a4dc51b5777a71f513aa7502fcd2e4,Unlabeled
0x011dfccd4bb8b973a67cb3d40d05a0c6c11a1aec,Unlabeled
0x020bf4958da4fef556388019bca6c279ee14580a,Unlabeled
0x6fe1eb0b52fd14f26467a4fa03a825910b55312b,Unlabeled
0x5b0e28252011dd4d06869f28037a73ba6398ff84,Unlabeled
0xe798e1dda9c262f5303e972624095e8238b63425,Unlabeled
0xedf5f7bb422de9406a0e94c4859041ed004f77f2,Unlabeled
0x25791e23c22e6c9e5d6bce45e92112407f038cd2,Unlabeled
0x9ccf9b699624e7d78cb2fac3e526127ebd5716a2,Unlabeled
0xe6afc41d8a08cbef0ce4a26053805d044b04f6f1,Unlabeled
0xe98f00d01e5660773c6df52676c414a5a29e17fd,Unlabeled
0x4cdebbbe2f01b5195b8912b554beec57a9b3ed10,Unlabeled
0xe17eff36d88df136529764b2517e9c8cc6113f4f,Unlabeled
0x7c614c9da4a195f209ef9e63e5c6f5801db86fab,Unlabeled
0x30e7dd1cadedd62a28e400719f7f660086e5bd6b,Unlabeled
0x9dbd22139afa9ba7e2e627efe2e92aaff3bfad80,Unlabeled
0xb745c1aaf2d7149fbff1f80a3bf792c7ca5da33e,Unlabeled
0x3cf1295bad3f65a3fc3b76a08baaf400dde3810b,Unlabeled
0x8b72c4357baf6232dd0f9227736b838302921dab,Unlabeled
0xfcd6f39829fc708315955ea64be52fc7d76b2af3,Unlabeled
0x8f85dad70c1e40ab6aae32626f45cea8d984b6fd,Unlabeled
0x775f0cb12b71ef4c057273666409a56458086955,Unlabeled
0xa24d1aa115e50a6b4c89281a703ae2df58d9eceb,Unlabeled
0xb343b87f4209afbb89f1dfa63734c4d70a6e4c64,Unlabeled
0x738360f282573647633a8832f5da4e8b4b9b1749,Unlabeled
0x4b0f55401c47d341745b9d24ea8764dd20885d0c,Unlabeled
0x50b25403559b0ed4e66748726efbb0fb76c3ed2f,Unlabeled
0x1ecc89a0efe2088b076822f9b7943da713e31c5d,Unlabeled
0x44d1a860a1efc81954e286b9e497c0ca60643aa0,Unlabeled
0xef3d402fb99b00376c741096dc98b3ebdc1176ad,Unlabeled
0x3c97b83c6040ad309727d108d4c6aa8ed0311f61,Unlabeled
0xcc073cbd3e07628e7521845964ab39cf9c52dc57,Unlabeled
0x0e585bdff6a9f6b68893fc2b5ac034989136729f,Unlabeled
0xc702faf72e4dff8c7241023321ebaa0c72f7420a,Unlabeled
0xb000b2f96fb7d7567b7591d31efaceedd0da4629,Unlabeled
0x240b45ed390b926dba75bd7665217cfd1942c5d7,Unlabeled
0xec460577062c81b975a680debf14d246eb0538da,Unlabeled
0x4e7ec27b9100c03804c686799b8bfae4ae62270d,Unlabeled
0x3bc3126e0bdd2d68435509b8cb54b2a040da4a0d,Unlabeled
0x90003929162c607fcdac19454fcf986e89d6c028,Unlabeled
0x954deb1d66777bf2127483c2c040095dd4a28ca5,Unlabeled
0x2f1f7fc76e6cf5ab3e186a2a2fd4fc31952a77cc,Unlabeled
0x26480fb187f4c6f931c4147cf633de475e5e3e82,Unlabeled
0x04204a90f7ebdd9c8b403ebd6b47565e6d2e28e5,Unlabeled
0x4304be19beba7e25d0cc4924ff549b946c85390d,Unlabeled
0xd243ce650a8b3d55f71b73a5baadf9d99e03d4cf,Unlabeled
0x2141f0b93de2f94bcdacd6b8e14a19d924e91525,Unlabeled
0x7dab48d462fa5cf7fb2cb5ffeddac675792fc52d,Unlabeled
0xfdbb0f2f1632a561f4a408cee375e3eb8816240b,Unlabeled
0xa40f4909e2ef4676406df20b0af01ffed58f9430,Unlabeled
0x85ddb8af3c0901bce91dc66c103f9766ee1aea8e,Unlabeled
0x4002cfa2bc763420366ec3fc6a9119e94e78c48e,Unlabeled
0x9d008edfe846d435796886fd8e8a2824189d81f3,Unlabeled
0x772edfe00cf31d087220fc0972eb988fccf55d61,Unlabeled
0x17c1785f1e32b132771fa4f252813b69d8328354,Unlabeled
0x821027f86d06e2a7fda5a3e393f5087a99560d5f,Unlabeled
0x7b7fb7d8728e96d83c7ed1905380a6dea1046ce9,Unlabeled
0xb7ebc88ea643479392b6b22b2c6369652b298900,Unlabeled
0x156e6c5a2fac34bb2fcf2ac1bbaa0e75bde3ac4f,Unlabeled
0xd86f498d238ee1fda8b4fba987a09dfd54643b80,Unlabeled
0x88969b1e10144fa3945e9a8a488d424d6e647ac4,Unlabeled
0xbcc069ec84beb04514a26b335caec407326097ad,Unlabeled
0xde7adbb368c2616df8c5c0e986933bee8f660add,Unlabeled
0xa7f8a4f4f7fb80d6f08e36c3583aa7547d4d908d,Unlabeled
0x7106e7d8e4a8623d66217a80929df683b3573138,Unlabeled
0xf1a69760ad1199c857c0da59b5c269e7c0515fb9,Unlabeled
0x9c402fb6803750c13a67ce1d7f32c360c40b9fc9,Unlabeled
0x5bac8db1c26a3b65820f83e8b97e783d5c4c0822,Unlabeled
0x7f7df0f0ec94959aed221f7404b5bfeed71628d8,Unlabeled
0xdf6ae7997b257d7f23d7977024c3a4cb1aae40a1,Unlabeled
0xea8414c4087c1bdcccec7980bab1bb912363574f,Unlabeled
0x43141e44800901302939651172ce090552d68c41,Unlabeled
0x306e7627d88a0d97b28b17b70064039366f55b9b,Unlabeled
0x0bd43047da61afc9514eb1d24cdd49de6f02207e,Unlabeled
0x0db47f831e9e1abab5274aa70a660f2adab54797,Unlabeled
0x155d0baeb82be6f175ddae8ffbfd735279eb05ed,Unlabeled
0x90c3b00b95ab9d8deba82dabae02f1a5247eebdb,Unlabeled
0xa981df25ad0397ce1cd27386647d11281fdb4f86,Unlabeled
0xa29dbaa84a9949a0a38a2ba07e0b75e6603934db,Unlabeled
0x47fdbcc054b4f89a7e2f0d84dabbf0d61216b86f,Unlabeled
0x009c239edda6bda23dc4afc5cca0e6e39ad8e95a,Unlabeled
0xa98d830594862d9665d2f5823fcd54daec49d8a1,Unlabeled
0x9cb425ce975391057e306292f00fb7708a75bb3e,Unlabeled
0x0b85d0c3fa68a21c10e15d0b7fedac08fdc3508e,Unlabeled
0x134b9431ad0eb3a43cc30caba555c7f3efb288de,Unlabeled
0x4971ef32d4970c99e00ee778402c1cf800aef8ab,Unlabeled
0x8657155b1ab77c934e1b30d6fb6dfd7cc39f1de2,Unlabeled
0xc7a6b300418904efd1c3ef9d858228fc1ceb569b,Unlabeled
0x4bf0a6fe7e20fb606b13655cf2e7e591df58350c,Unlabeled
0x22a415d7a46d9a5a589e3768b2bab10ed882b2d6,Unlabeled
0x6e84a531a9983723b3735adc77c3e1c15ab80ed7,Unlabeled
0xb6067d43a3069b7373c888de34e9e18707c88d55,Unlabeled
0xf57940424cccdbc0ab841f5920e1a11d8787ac4f,Unlabeled
0xaac7c52a435ba9947e07f854ec595146d96a8f17,Unlabeled
0x15d4ab6519dce3a600840379e7727e6688c5f873,Unlabeled
0x3d37678555f3bf0682c17ac68b1caff8dbe09d34,Unlabeled
0xcf40a7fea7426866ea4725d9cd75a231dee0a7de,Unlabeled
0x0d0df0d82a83a62a08b7aac0e246328340a565d8,Unlabeled
0x035f29647171048a4e5d952ee9dcaa55d3a59b12,Unlabeled
0x8cb5704ffa5542a29f98b66614d8022ddbc68a17,Unlabeled
0x72eab688a5917bd8ba8840bf8d113514ace01cec,Unlabeled
0x746f021283e4f229e24e1afec353f731a3248569,Unlabeled
0x2fe040a5d06b270d1916221ed4035ea478e3fcf5,Unlabeled
0xbda6cbb11de2fb2b8145e65d7a898e540cb4ac42,Unlabeled
0xbb5d5a60234e38dc573ef5fb17be465db4fb9673,Unlabeled
0xee4ce5ca2c2a76d2346bb1b3e98e01b03553d4e5,Unlabeled
0x5af0ea75ac6788bedc31723c55b2dc7da9efd6a1,Unlabeled
0x337ad9a11a89b7177a231e8a1e352d181c3d69d4,Unlabeled
0xef11969bc64356d42194495b7f156564286a55c7,Unlabeled
0x1f77528c1a66ba2dcbdeaf6cf471323333e91c9b,Unlabeled
0x411143060ab827007590ec4fbe38606b7fe3eb67,Unlabeled
0xc4540e92a856762f8be2ed191ce15437bfac5396,Unlabeled
0xc7bb5d41a0ca362fc422882bcde6864cd4566b14,Unlabeled
0x5890dd967224ebc818f01655568661bef97ebb81,Unlabeled
0x10d7a823841804334886a6190bc46333bad09b3e,Unlabeled
0x7070314e4d99692436eb60fe5172d446c7365684,Unlabeled
0xaf266860d20ef9668c98acfd6deb2ae0fa217d3a,Unlabeled
0x2dfee8ccf2527639740bb54b13fff30f54699b07,Unlabeled
0x413b63c8256640b78ee8b891b41fdd7a0d65c9e7,Unlabeled
0x3b19587752687edaab5022a783a194a062717c1d,Unlabeled
0x1f50ff39136e7a7fb157481539c76f26d5e5b9cb,Unlabeled
0x2a9dec08a22768029a3175798c7092dc423d13f5,Unlabeled
0xedc00a53b17e633c486207cf06f3c7bb6066a319,Unlabeled
0xeff9887fc0018748697aac960d3d84feb6ebfd5c,Unlabeled
0x116d88ecf1de3a6fe427b8cea0b3a2790de3851f,Unlabeled
0x0ed7375df5dbba1bcc37c1a723342b4b9a685455,Unlabeled
0x4806d3db6b1d8bbf329ab47fcc4b0c3cb829ff99,Unlabeled
0x620bdc44dd3f7bd48bdc8626549cbfc88ca18da8,Unlabeled
0x2814de3eb4425b854889589dde778f72092743e4,Unlabeled
0xb78d591ee4e0e14b41f300acbbf844c7839ac9b9,Unlabeled
0x81c0df5da1309994983aabe64439ae160a6e8774,Unlabeled
0xdf60b63e0feef0260ac4882aea62a895ac40d658,Unlabeled
0x59be645cb07a646ce9ab10123623828d9dd2ba10,Unlabeled
0x0d67229c6df401ae27d383998475260d1466e371,Unlabeled
0x8c91f751c75afe3acac3660c869dbadef83a7171,Unlabeled
0xf33030adb6503d58a3f946b1553c298504aed495,Unlabeled
0x524248431cb9316d88f9522c2ec352484dfa41e0,Unlabeled
0x926c847e58203c90e8076ca902072ce813997eb1,Unlabeled
0xf8dbf5fe65ffb6900676c1421519a7d4443800c6,Unlabeled
0x9767cf8f8b4c47dd4907d306a36200816028be8f,Unlabeled
0xae90cf11e5f2f6e72c96ab956e7635ea488e7ef8,Unlabeled
0x525c162b621dd4a71991cedbdfda11511409c5a4,Unlabeled
0x78972cf4a772be6e7f885ef6f6ee3ecb050093eb,Unlabeled
0xc3092c7f6ca797b4b93d9f98175f1a47cd91a23a,Unlabeled
0xccb129765731394a028ad376d92bfa7391ed8b8c,Unlabeled
0xe476e94dd8af878cb198f93e33c671d3aec76312,Unlabeled
0xd540f104f2ceb2087fa70b04f259bfa414fe1b5d,Unlabeled
0x9829d098708fcb6774dacfa5f30ae3784b23a548,Unlabeled
0x9b48c8e47c03d985d8529fd11f96d2233a5d32c9,Unlabeled
0x17ca389d82ea2af4ce65ceb647c375b5fa5ff62b,Unlabeled
0xefc626c2e6a904d8ce35eff40bd5b1e36428b56f,Unlabeled
0x43f84a092f8ccc429af19295aaea43d7a576ba64,Unlabeled
0x3c53e714ed208b1e07d31592ac0947613606d91e,Unlabeled
0xe2ae69278399857114895b78344c52c55beb3a22,Unlabeled
0xdf20f95dbac07058ee625ebd933706e371cb9f4a,Unlabeled
0xe6b8b490e7192ea2dd01a7ac76048c5a882137be,Unlabeled
0x9bdc5c4ebbc8c2b103e95c7405dc298130153f05,Unlabeled
0x586206b38fd00135eb3007b0c4d23d1426ccd63e,Unlabeled
0x3f16c69bcb85f83660b6284f9a53dec1b9eed6ed,Unlabeled
0x2d8ea99c127bd7a4ed092070a822f4ecfd194a39,Unlabeled
0xb5cae1e7d2d47cb52d60ed89680ad94b97c75d01,Unlabeled
0xf3b838b21ddf2028b5b6f32740071000d58a6050,Unlabeled
0x1818a0c2f188d23881716780633a7208b7cea75d,Unlabeled
0x797df3d49643865323134450801388d3e11b79a2,Unlabeled
0xedf1e4c35854bb11c25a10bc41bcb5390258cedc,Unlabeled
0xf827725498e6fcf62d331566965f5254bcda081f,Unlabeled
0x504b91a6220cb01c86c2eb17f9e1c26253061322,Unlabeled
0xdf708764722f9a4679645d517e9117f1a8f56f15,Unlabeled
0xde4d947c3820a583078310f40b70e6d2e259ba9d,Unlabeled
0x218f92df3ba08642b8878625d30d15107f4d5c42,Unlabeled
0x48712eaffbddb5591ecf86faaee5a0cf4e372e94,Unlabeled
0x38431f2c845e917d6fbafb9bb3e012ba060137b1,Unlabeled
0x3eeae78b3f4f60cd5c26726be6523e9bef22c3b9,Unlabeled
0x214b1c71cd522ac49600fee8698bcd43ced79fa9,Unlabeled
0xe63ff17df6eaa91263012f535404b1da2c858fab,Unlabeled
0x3f64aec7681dfda12320787d8165390e6756a97b,Unlabeled
0xa6e5aac0ef29a3d1c7a228da2f3cd8e0cbb0edc4,Unlabeled
0x188e7610ec40ddb0f2ffc22df87e12697c4ea19a,Unlabeled
0x01ce42b2bdfca1f646e16da35008f08ece73f9d3,Unlabeled
0x7d76e689e66e2d574bb2bfc1c6761d7ad7518f64,Unlabeled
0x7a2624438c03c55679a2f0e450a23c0f0a2559f0,Unlabeled
0x9228795572615ec39859bafd459e3bbe3f68d7b4,Unlabeled
0x93b0144ada488d45a2bc746a8738cfd23aa4372a,Unlabeled
0xe4c81ad570ad731664895487b75497100fe387a4,Unlabeled
0x80f8bebf96f19387e42165b77c3afcf36d97b5b3,Unlabeled
0x60a01cdcaf5b65b121a0dde3e61dafeacb8724a1,Unlabeled
0x476bc4543fe4067eedbef811662db6a8a8a074c2,Unlabeled
0xebf0597cf8df73e0e88de35ceb9c7a0d0311acb0,Unlabeled
0x94f2f301adb3d0b254b4112fde57e96110975f4b,Unlabeled
0x664f28107605d16c2453f17e920196b71c3c0b24,Unlabeled
0x57a0f88b87b6152f04ff712d56b58f4487fb5db4,Unlabeled
0xdd57f7c02b345ac91715fdec05ef15b34cd3487e,Unlabeled
0x780b13e4c0f2d04c8eba74b8cbf2c99ab58969cf,Unlabeled
0xd861d26372cff8792e3472fefd97839eed1aa2db,Unlabeled
0x48a7ee794d2e13c33124ec042944a48952f0a393,Unlabeled
0xd829f272b9652c4a0ab1cb0ba2360e090bd494be,Unlabeled
0xabb2a4d6b63fcbea1764c935433253a6b50a53a4,Unlabeled
0xd41a9951f225f6c17d68f06c675f2f6da2cb17e9,Unlabeled
0x135e34d2fd976a69343db48a447f94056930244e,Unlabeled
0x3bbd4947df4e1bd80d130ddcfa9b54f1b03a1a8d,Unlabeled
0x4f0347b0ed538544db7323bfb7536ff07b7915f1,Unlabeled
0xb03018921669167ba887e6c660bfbc3b5d9419c8,Unlabeled
0x83ef6ed5d28cb0a5c2fe10721ea9489d65239975,Unlabeled
0x5db1cbea680109995e0f7ccacf6ad4c14a437ff4,Unlabeled
0xeb2c5a48dad66031858a79ae364ab67b51fae2f3,Unlabeled
0xc043c93b46e40f25c68b838e711eb9c4c804f10c,Unlabeled
0x0e808efb05a64bce1638b95350c6c90a667eeacc,Unlabeled
0x2375c58e51825ae3e3d0814b11dcdbc7ee3638f8,Unlabeled
0x5e91bf626857f69f746a0a1920b4309cc230a505,Unlabeled
0xa113ad3ff6e200f8a85bf6b57a6b31ede7ec4354,Unlabeled
0xb9aeb0591952e21088fdcb28222061c03d57d449,Unlabeled
0x0d1355cf7fe68e7e1c2ab037c6f6771b02526b1c,Unlabeled
0x48cf75b6d08ca774a47bb72cd08e9c367a64e051,Unlabeled
0x0c62c8b5ade833ac67a06eeaef0f0feb288713b3,Unlabeled
0x5147d28d1ebfb8d1efb0c5d48e4869600e094fb3,Unlabeled
0x2864f7922cc150de8359cb0c3862fa2bc3e987a6,Unlabeled
0x57f8df2eccad38d63875123e64e785e235995feb,Unlabeled
0x96bcc2eb087633a7d434ac332ae436335f32989e,Unlabeled
0xbb26fbf8667b9035c5dbf54295207a60cb16bcbf,Unlabeled
0xf2f8f7a958e530f39f2890735b85f5f1f6dfdbf2,Unlabeled
0xceff35af1040f253b331ab0580fd87cee9f01ac3,Unlabeled
0xea61221bc6af7cdc32519886355cce6bcf4e273b,Unlabeled
0x1d6d6f843b41327e65831c0cb7a111231e8a0b41,Unlabeled
0x109b12abf3fb6396a0e90894e86a640870b7c1ad,Unlabeled
0x99c1e35915c50b06b5dc1f44caed00a675b42476,Unlabeled
0x7ba7e58bfe83621d4e122d943a04a445f4d10469,Unlabeled
0xf5b61fd95fdbb638b297aee5b44d275557e36a3c,Unlabeled
0xabfd99a7da59e8b96f1cefa6e35fd03e6831bc10,Unlabeled
0x983d65a2bdbf97bc818611597c0a2fcb878a449d,Unlabeled
0x60c99cc1aec716bb9103911f1b3d6d01a7b4a8ee,Unlabeled
0x15139fde077c6a5cd011c21f448b1a87d534b995,Unlabeled
0x57e6eeebf8bd9058dc401575f43850ef0453fcc0,Unlabeled
0x188ec0f6c0fafc4c5f20fc610452fb746f3e8b15,Unlabeled
0x065f0ea7cace822d88021106ad262f394c14bd4b,Unlabeled
0x8c2f9931449c2c195def926f984bbc52d327e4d7,Unlabeled
0x7b5b32635fafcd8c1b1a099436bcac58d830d0dd,Unlabeled
0x816e766408d1e139a3b87414f8298291be6dd459,Unlabeled
0x1494b2949a5194b725266f0e5d992933fc585dc6,Unlabeled
0xfdd1bd5a92a5570b4c613827b440a0af359cf080,Unlabeled
0x4a8053a5b7fb71aeff1d1a10ce1764e046694ad3,Unlabeled
0xe27d783e1f9158c7456bec5ed4691815e842a23f,Unlabeled
0x882efb749fbbad908404e65e850ba19d194fb6e0,Unlabeled
0xf8390198abc0280adf0ce44831afdd83dec77cdf,Unlabeled
0xc9ee5e4707f4c3298f056f919710b7d430b99a5d,Unlabeled
0x73ae91b842eea6bea769de339801523321a9368c,Unlabeled
0xbc85765ca996d074040bb4b089f6bd999831cc56,Unlabeled
0x8ad6f7bb98ccd3f5cf41503f196abbb191db19cd,Unlabeled
0x3a300fbafc9f2ef04249d0480bbf869508cb6273,Unlabeled
0xc774254882cd3bba20e0fb676903d9e6df23b0f9,Unlabeled
0x8a9fa31c8155e608aa31719fef56bca0ef1d7704,Unlabeled
0x7a4c6e32c31a56bdd78de86970180d8a0d613f57,Unlabeled
0x8b8140a15f99f5f32f67449d6c7e5273bb35ca4f,Unlabeled
0xed79938d83089d610c3d38dae52b771a11614b41,Unlabeled
0xf688f681c48a8ba29711de6eea44d02ca1ebf0dc,Unlabeled
0x21a31ee1afc51d94c2efccaa2092ad1028285549,CEX
0x79bafbda1feb8696378354d939f711892ccf2bd0,Unlabeled
0x63484e93169d09ac4417f14ee2b3b6e94c21c895,Unlabeled
0xbc79beb23a3312c54914f701b6e823a737810975,Unlabeled
0x73445f285fe090d4aa29253d07802b046cd7e2a2,Unlabeled
0x901e8fa1a74bfa311ac4697a098a5895190ca858,Unlabeled
0x19deb2ff9f4d77c6cf37142bf7b2c8925ed1a520,Unlabeled
0xc8ee3d5cc540ef84404b39d7a8990f6b9d6c5509,Unlabeled
0x7a8d8da27b4d1846fb4adac6bf1d62d20249fe2e,Unlabeled
0x924726d61648fbb38e0e2628b4b5d5812cf7367f,Unlabeled
0x0498b09ee9f1a152bb08f0e8674e3cbc1ec1e640,Unlabeled
0x9aad2d7f66c569f6d41f7bcd967711e6596f3815,Unlabeled
0x062545a4365dc7b80f8740c96b646f362ddaa849,Unlabeled
0x84e50677ca15257b202331cc19a71aa2bdeb7399,Unlabeled
0x092faea45b2705b56f15603efff4def41d49b986,Unlabeled
0xc3dbde166f62ab6e90567926fd8d8fadef2dd810,Unlabeled
0x332179ea655d3d40d632b91cfb895625c2ae2a9f,Unlabeled
0xe7c92fe361bbb2bc5602201438508295ebdae61c,Unlabeled
0x79f3c80a881b778c2f2ec228a361e0b5069a02c0,Unlabeled
0x60460aeb382fb0e8f01720288eaf8758a9164bae,Unlabeled
0x97e455ec6006275a1f0ca83319f49b0f6bdaa6db,Unlabeled
0xeafa82f9e376cea731b3de4ede7af21561145d08,Unlabeled
0x2728d0fa57565e58da5d291bb621e00887a50c73,Unlabeled
0xa2337d04c770ee0f351ca994d5c5fcfc0d647d70,Unlabeled
0x710ce03cf4d2e87e2ed200a1689af54ee4a36c66,Unlabeled
0xe1dfd73d5556f948fdf3c8ff61492936240cd346,Unlabeled
0x48a0dcf10cc44fb51c7c0fb237e558958b6c2487,Unlabeled
0xba0e5f46c5fbedeb78de5d7639f3cbafd4e054e6,Unlabeled
0xf48ba3698dc36847288fabe28486dc9f438c66be,Unlabeled
0xbdd8a078aa111dc72fdb0d28f51f5a55aa600841,Unlabeled
0x44bffce3cdc95c8bd1d8a63c0fab630ccb3cb61e,Unlabeled
0x220916f0754ddb8339244d6242477064e182f390,Unlabeled
0x5384df5be2b2bf0f38d89f4e6a4103a26e0835db,Unlabeled
0xa2b362a487d23a75a6cd75606b9cecef8004914b,Unlabeled
0x8e04af7f7c76daa9ab429b1340e0327b5b835748,Other-labeled
0x116d505bf622561bd74584ba1d8a03f6e738a83f,Unlabeled
0x38967334bed45b3500309142eb8a4a1ae6060f3f,Unlabeled
0x3fa04b12cb27d857f896a299cd2fe42cb555d418,Unlabeled
0x5de5a84ae35ece10167167c9c9cd87192a06e69c,Unlabeled
0xb7c72f75c7dc250d45070f7cd819d412aaa37838,Unlabeled
0x000006ffdd6e1a0acce7274522cc8c10dae3bfd9,Unlabeled
0xffe856fd5e02671471defb8547fe9a29d6ce8f6d,Unlabeled
0x5d204fe30f7ed83c8337ff64c719d25a94b3c681,Unlabeled
0x2c78e32914a4764332a975b9d21f8bfd5e850ae0,Unlabeled
0xf492f19b433b2a872a0d5c8f6ed33e1778726780,Unlabeled
0x473deae636ecbd70f7ed87651a4326ec8dd80d8a,Unlabeled
0x80b2a10fb80961994fe4fa4cfa4e88854b91fe97,Unlabeled
0xb98cc9b5fe711b77742659b97a131af58e44d1a3,Unlabeled
0x31e22606b12e835867965b9cf4c8a7cf47b2308a,Unlabeled
0xdfd5293d8e347dfe59e90efd55b2956a1343963d,CEX
0xdb881047419525259273a0439b7c419b30afff6d,Unlabeled
0x049936581b52b3622f20ca011c1eb8dc2a7f3577,Unlabeled
0x08213b35c6fd202e06eee4ba22d2b208046f4262,Unlabeled
0x43cb983848d9be9989dfd5509ab5f8302c5f9845,Unlabeled
0x18f5bbca2c229cf1091abf4c611f0c5cba15c77e,Unlabeled
0x1bfc75895f5c55d8f124ca2b8d996accc58d03c8,Unlabeled
0x81396d758d143ee082955881ea66476ae850d14d,Unlabeled
0xb4fcbddabe0d14e7a9a23d9d5350fcb44b05aecb,Unlabeled
0x161dddf92f37f1a49b95740b672cf0a2f99eacef,Unlabeled
0x31fb348faca0f73a933712bba5324bc4db066b51,Unlabeled
0x9b59a17507bee43261e1906fe179370d5dfc2307,Unlabeled
0xab80f4387b76fae83e39e7e773269c1b9e4fc257,Unlabeled
0xffadb90461f2f8667ea1327fe6616bd25ba6c5a0,Unlabeled
0x14bfccfc5256169e54087582107985cb31688252,Unlabeled
0x8fa282384e4ca5362402fbb87b6d25bed4ef621e,Unlabeled
0x9944a69089a39cb719b8533cc892e133e3a80a07,Unlabeled
0x148083a481c58a18c137c47168082728ff79e5d9,Unlabeled
0x8a2d102f382eb2b7523e0b139e1e96ff9ca7a610,Unlabeled
0x378e74d6809d78278b7881a472a9ee7ca0ee9422,Unlabeled
0x3a0c24ca23007ffcfb787065426cc6a8bc2dee46,Unlabeled
0xc3036c9ba4b81cc2bf8f7f083c958a89ddbdfba8,Unlabeled
0xe2e919da5041af0ce199b8142be8060694330246,Unlabeled
0xc84bf3d41ba4b523d7a0b3aad56de874fee63a03,Unlabeled
0x07c8b31d5fe0f07956e7a3a02f8721ccfe55aeba,Unlabeled
0xa510a74d5c898f07fd6ca76658dc6b3645540077,Unlabeled
0xa0b869931bd6400614f32cd0e3c93862bfc01470,Unlabeled
0x5386512190c0c83c608dc0e8ce1fbe7644de07e2,Unlabeled
0xe3422b7e8245d5c4528664a2e216a29b83e9f4e9,Unlabeled
0xc56371fbb4e3ae85e4c0778608c38d8adb3a5fff,Unlabeled
0xec8c23de819a402adefe30b5fa9c9502e85ba6f7,Unlabeled
0xbeec2f65df9fd47f8d88b69de7503c544ce34159,Unlabeled
0x7dfaeb32e47dd1b3d4bd0eb413726aaada31183b,Unlabeled
0x0fa684c3caef6ef19b7b65ba646ef2bc91e8f25d,Unlabeled
0xcecbd24361486f59380f6d13f8efefd5c75eeeb1,Unlabeled
0x663fa753c4bec1a9b823a840a72052fb13f1779b,Unlabeled
0xef91ecd0142ae4c5163b2cf060c0563d49188c82,Unlabeled
0x2d080ff7070b76bbd974b271522e31ac236e1954,Unlabeled
0x16cac6e628e415f2ef2a8a6dc48dce96300bc2f1,Unlabeled
0xd7ad196009fbe5c4210db626719af5439d43e5b9,Unlabeled
0xad33f9a65e3950221483b978809054243a6bfd66,Unlabeled
0xcfa2499d2056b3176e956b176cfaf8efb8aeabd4,Unlabeled
0x187d3d4ceb183cebbabac19174cb0b37845d079b,Unlabeled
0x5ad2170cf674d46fb336549e4547090511f33e7d,Unlabeled
0x4b07364f1e13f1c2804b2313831b2faaf070c4b7,Unlabeled
0x6dab5589eb4d0e88e44293f3dbbe0f70bb897136,Unlabeled
0x4dd479b1ed363535708badc87dceef3c787cf923,Unlabeled
0xed2cf351eea9722b144ba65fd4c526a28ade1b10,Unlabeled
0x56783441079235caeb9c314d5a964867789d8648,Unlabeled
0x1498d14ec2f3c92fafaa6013043c4bea175147ad,Unlabeled
0x8f65946173a673ec8ff4bb7f1ba65074b569dcb8,Unlabeled
0x35880b8fa96a1920172f074afdcd940b10c429f0,Unlabeled
0x58ecf2174377df634d7dbc53cd37e7c7ab4825fa,Unlabeled
0x2c7412bc19409840ad493e9bc96b2eceb23f7855,Unlabeled
0x2258a0c0b8caf6724efdf9d60c898c31c6479492,Unlabeled
0x634b35291a9079d786909757a6fec49866e11648,Unlabeled
0x2d91ec94f33c01b629e8530e06f9072812d44d23,Unlabeled
0xc771cf26a21cf9ecf5c1305e9b57f880a7ebb7ac,Unlabeled
0xa79e10947372bad519da7f647b1db5010fe98a63,Unlabeled
0x5440beb38568807267442bedad1c36d7bd0d8a66,Unlabeled
0xc8016bf0d424b157900898ef577cebbae5aad7ef,Unlabeled
0xbb1c2fa4c1bfbd91e8fc2ffdc9415447a5055cc6,Unlabeled
0xb97f13a7055a780cd8f71992adcf890f4cd309f4,Unlabeled
0x0032c3f190a306f69db96912d5fd7ca9d93fd732,Unlabeled
0x9b8a65307ce96481c1974e14aa2cd4e450d757e2,Unlabeled
0x2a5444ba5c0646e81735d679db24f2aebe50b9ca,Unlabeled
0xb460ba06135f2c981165fdf7ea96bb40008405e4,Unlabeled
0x6118cfa0e8929d190f3c04f9de0ae0f51d8c790e,Unlabeled
0xf07caff099a72c35f53007f8c6c13f832095eb92,Unlabeled
0x27d84ece34f26997aa20e4ea246bb27c724a176b,Unlabeled
0xab2ce223111bd3618a5ace9193e0e1cb88c267d2,Unlabeled
0x5b8722e7bf09fa923bb1cac4139386f9fcc49462,Unlabeled
0xcf9b8c876ac4b8750a799c772bcd204afe5a19fc,Unlabeled
0xd0860a4a04cdda09ec28c34e12f936d1d6492810,Unlabeled
0xcc7b04f27ae7b04cbfbc5b7de2916a68bcf63655,Unlabeled
0x7918859b248e2a8817914a62f72a5059e4b65f63,Unlabeled
0xc7503e6e06982d231f9e18a15ebb2ff4a62da5b4,Unlabeled
0x461c970787fd15828621108c7449053b98f552b5,Unlabeled
0x4dcd8903e61a62fa928e46436e3664e8948ad76f,Unlabeled
0x55c5330a68e53d570a12dee20796ca21c8b7bb79,Unlabeled
0x801d5dd56f0cbd69e135b5f53818c051a40ebe6f,Unlabeled
0x24cfb978930590e59b44907660b505054eaec64f,Unlabeled
0x9163b8c84dbad6678de285de32addb99960bc25b,Unlabeled
0x6e023591a34ec424eecd1c12bc88d51307c6899f,Unlabeled
0x303c75272075747fd1d05a23e224b27dae16d9b8,Unlabeled
0xeb8eecc6ffa4d9c694bc34fd89be6b3469d87959,Unlabeled
0x18874137dbbcb738652a8c11112bdb443a71b9a2,Unlabeled
0x204252f9992e283cfeb412dca25e3965ecdd390b,Unlabeled
0xe732592192a2ab7c57b287661ab8928d6ea340c7,Unlabeled
0xa9bafa4e578cc10c5283b7e6d0d6bdd7091864a6,Unlabeled
0x9d8a22570bcac1d25766ae5614a967b84a4b0393,Unlabeled
0x5ed7b775759248775a65ac1f9451f2aacea1641e,Unlabeled
0x848dd1e9b2d5eeddaa1967bf2e59d68d71e2fca4,Unlabeled
0xc5bf4652e3a5f4ad912f13b3a8dbfe00a56c9073,Unlabeled
0xa3c25352018bf486877865afc8e1461ef7554b27,Unlabeled
0xab085b1b24ea8cac861fa296bc089f3283caed0a,Unlabeled
0x5e3d49138c01c3ffa37f41410b5b0851595ec30b,Unlabeled
0x11448a41b992876fabf895099fb4632bcaeffe0b,Unlabeled
0x900956121f4a72175e3d544535dfd9f4b39c6020,Unlabeled
0xfda3dcf2b68f712debf22a37e539dff2ad2c262d,Unlabeled
0x18688d063a1734829aea11af09874a9da1ffd691,Unlabeled
0xea36910504eed3feb20195bb77f6a1f6d88dd882,Unlabeled
0xe40d181d948dae8564d03e658451dcfdfc3c09ec,Unlabeled
0x7dc22c6bf639bfb51667377ff4ace73bf7cd54b6,Unlabeled
0x40c55d6b2d6477d31b4ecfcedc055071e13dc84e,Unlabeled
0x5bb5d8f837312af876ee08b1bc1aa3a7207f7259,Unlabeled
0x853d6209ec422898253a99619b40b12975af08ee,Unlabeled
0xa5aa8ff3876dc3adda4d7e042bdad9b401bcc5c6,Unlabeled
0x6c6af6a8936472d72399bdf8422e876109631e89,Unlabeled
0x0fc016b08f1dc425a6886c9210ab3b771bf8c068,Unlabeled
0xfa834b0dfcd75f94d8b145e777d5703fb8af799a,Unlabeled
0x0215f41d07ac1d4ca1a102ffd93cfe32ec0d4d92,Unlabeled
0x1688457eaa1aa9b6997f0d5c5db49da8e23b008b,Unlabeled
0x3a9af855ddd5aea6bd1eabf99050b401dc241ee7,Unlabeled
0xee41a0686d42fc6ca22c634e3762d28aec24d26b,Unlabeled
0xf3c8ab279f84db764dd9f070a6a1821b9d0cba59,Unlabeled
0x60665de69385c177a0b857ac53639cef34626231,Unlabeled
0xa28e906caf19c9f0464e710ac392fb10f6ad8cbd,Unlabeled
0xca739dac6ee471d626f00bf596ecb7ff5b166da6,Unlabeled
0x81d54445b231bfec07c9e1fc19aa72299e85f42e,Unlabeled
0xb47cf652139bd3efaf83288446377b10787bd9eb,Unlabeled
0x74319457580864fc513988302e2c735947a36b2f,Unlabeled
0xd9b69fd73c1ed9ac577a1cb9093ab7d2badd6c2e,Unlabeled
0x161edcfe522c1c8a90e81338d318b5fafb8cba07,Unlabeled
0x535d1a1bad7bcfc8f969435269058e3256f7b0cb,Unlabeled
0x7a8646111875eb24800529aafd903c14eaaa0f55,Unlabeled
0x8f0d8cb3eda7ad1013d95c157ded8d5398bc6f17,Unlabeled
0xe8d7bd744e7f4790c24d9b91d4a33fe2a6d7c768,Unlabeled
0xffc2171701bd74dbe158424332c616f4d3e9d518,Unlabeled
0xa26da7bf012960c4d15212afac68269fc4c15b27,Unlabeled
0xc0621c31181389d213ac90cbecf2192c5fd9465e,Unlabeled
0x93050a3cbb0c4fef53de9c41e01cc7dd933d5299,Unlabeled
0x4434b0c7d98ca5ead9ab95da9f179e1a44d21b91,Unlabeled
0xca8a4797ee9771ae2c5d6834be4a44f60fb28494,Unlabeled
0x561866df71306bab8b80ee8fbe4b21489a6570f1,Unlabeled
0xdd43f05b9a70955712b49621a00a8cac514c4091,Unlabeled
0xe7264330744d882bd1f3d9c04cb981d401422214,Unlabeled
0x9e437c5c6dea34110bcfb17adcd3ce8508f077f5,Unlabeled
0x200aa7437f9d4e67de1ff80950c88f9d437494f7,Unlabeled
0x374661108e8d5e46ad9d85df80abb35eb23db71c,Unlabeled
0xf1bab961f1ce9d05bfb60635818519e36849f47c,Unlabeled
